Date,Open,High,Low,Close,Adj Close,Volume
2007-05-25,12.000000,13.000000,11.970000,12.040000,12.040000,8454200
2007-05-29,12.040000,12.080000,12.000000,12.040000,12.040000,1929500
2007-05-30,12.000000,12.030000,12.000000,12.000000,12.000000,261100
2007-05-31,12.000000,12.610000,12.000000,12.350000,12.350000,916100
2007-06-01,12.690000,13.250000,12.250000,13.110000,13.110000,892500
2007-06-04,13.400000,13.570000,12.770000,13.170000,13.170000,716700
2007-06-05,13.300000,13.520000,13.140000,13.230000,13.230000,428400
2007-06-06,13.230000,13.230000,12.400000,12.700000,12.700000,348000
2007-06-07,12.770000,13.000000,12.330000,12.750000,12.750000,157000
2007-06-08,12.600000,12.740000,12.400000,12.720000,12.720000,0
2007-06-11,12.880000,12.880000,12.610000,12.610000,12.610000,86900
2007-06-12,12.750000,12.840000,12.710000,12.790000,12.790000,58700
2007-06-13,12.750000,13.100000,12.750000,12.900000,12.900000,169700
2007-06-14,13.000000,13.400000,12.930000,13.050000,13.050000,217100
2007-06-15,13.130000,13.130000,12.710000,13.080000,13.080000,158400
2007-06-18,13.100000,13.680000,13.040000,13.310000,13.310000,174100
2007-06-19,13.370000,13.720000,13.250000,13.580000,13.580000,151900
2007-06-20,13.700000,13.900000,13.460000,13.460000,13.460000,235700
2007-06-21,13.500000,13.550000,13.260000,13.260000,13.260000,148400
2007-06-22,13.350000,13.350000,12.560000,12.560000,12.560000,949700
2007-06-25,12.500000,12.520000,11.400000,11.830000,11.830000,774700
2007-06-26,12.000000,12.050000,11.710000,11.750000,11.750000,219600
2007-06-27,11.700000,12.050000,11.700000,11.940000,11.940000,134100
2007-06-28,11.990000,12.500000,11.830000,12.500000,12.500000,393800
2007-06-29,12.500000,12.650000,12.250000,12.560000,12.560000,201400
2007-07-02,12.590000,12.830000,12.410000,12.800000,12.800000,195600
2007-07-03,12.830000,13.040000,12.680000,12.880000,12.880000,116100
2007-07-05,13.100000,13.150000,12.770000,13.070000,13.070000,120000
2007-07-06,13.070000,13.160000,12.670000,13.110000,13.110000,171000
2007-07-09,13.250000,13.420000,13.150000,13.300000,13.300000,144500
2007-07-10,13.280000,13.400000,12.700000,12.750000,12.750000,143500
2007-07-11,12.840000,13.100000,12.670000,13.000000,13.000000,99500
2007-07-12,13.000000,13.250000,12.870000,13.240000,13.240000,79700
2007-07-13,13.250000,13.590000,13.230000,13.440000,13.440000,136600
2007-07-16,13.600000,15.000000,13.500000,14.960000,14.960000,494600
2007-07-17,15.200000,15.970000,15.120000,15.220000,15.220000,602500
2007-07-18,15.800000,16.299999,15.510000,15.970000,15.970000,638200
2007-07-19,16.500000,16.500000,15.420000,15.460000,15.460000,520300
2007-07-20,16.400000,16.450001,15.750000,15.920000,15.920000,1437500
2007-07-23,16.190001,18.090000,15.980000,17.469999,17.469999,1328000
2007-07-24,17.740000,17.760000,16.000000,16.500000,16.500000,833600
2007-07-25,16.830000,16.990000,15.250000,16.000000,16.000000,469300
2007-07-26,15.740000,15.920000,14.750000,15.040000,15.040000,428900
2007-07-27,14.740000,15.150000,14.010000,14.420000,14.420000,450400
2007-07-30,14.350000,14.450000,13.500000,13.840000,13.840000,607600
2007-07-31,13.860000,16.000000,13.860000,15.820000,15.820000,865900
2007-08-01,15.430000,15.680000,14.500000,14.870000,14.870000,355300
2007-08-02,15.200000,16.500000,15.200000,15.800000,15.800000,806900
2007-08-03,16.049999,16.900000,15.370000,15.450000,15.450000,769600
2007-08-06,15.990000,16.500000,15.250000,16.309999,16.309999,498300
2007-08-07,16.440001,17.049999,16.020000,16.950001,16.950001,703600
2007-08-08,17.370001,18.799999,17.070000,17.959999,17.959999,898500
2007-08-09,17.500000,18.400000,16.650000,18.020000,18.020000,691100
2007-08-10,17.900000,18.379999,17.299999,17.559999,17.559999,444200
2007-08-13,18.000000,18.299999,16.750000,17.250000,17.250000,588400
2007-08-14,16.830000,17.000000,13.060000,13.350000,13.350000,2564100
2007-08-15,13.400000,14.000000,12.550000,12.820000,12.820000,696800
2007-08-16,12.500000,12.530000,10.810000,11.550000,11.550000,1726800
2007-08-17,12.720000,13.250000,11.680000,12.110000,12.110000,633300
2007-08-20,12.410000,12.510000,11.440000,11.720000,11.720000,295100
2007-08-21,11.820000,12.340000,11.570000,12.250000,12.250000,234500
2007-08-22,12.500000,13.860000,12.500000,13.510000,13.510000,634500
2007-08-23,13.690000,13.750000,13.000000,13.290000,13.290000,263500
2007-08-24,13.280000,13.910000,13.280000,13.690000,13.690000,218200
2007-08-27,13.550000,13.820000,12.800000,13.200000,13.200000,199800
2007-08-28,13.080000,13.500000,12.850000,13.190000,13.190000,216700
2007-08-29,13.220000,13.640000,13.220000,13.570000,13.570000,106300
2007-08-30,13.290000,14.150000,13.250000,13.800000,13.800000,238500
2007-08-31,14.000000,14.020000,13.660000,13.750000,13.750000,89500
2007-09-04,14.000000,14.350000,13.810000,14.310000,14.310000,188800
2007-09-05,14.110000,14.150000,13.700000,14.020000,14.020000,161200
2007-09-06,14.160000,14.300000,13.930000,14.070000,14.070000,144300
2007-09-07,14.000000,14.020000,13.100000,13.740000,13.740000,180000
2007-09-10,13.570000,13.650000,13.050000,13.250000,13.250000,127700
2007-09-11,13.160000,13.320000,12.130000,12.300000,12.300000,467900
2007-09-12,12.180000,12.500000,11.730000,11.840000,11.840000,441600
2007-09-13,12.030000,12.900000,11.860000,12.490000,12.490000,531900
2007-09-14,12.350000,12.750000,12.070000,12.600000,12.600000,420100
2007-09-17,12.540000,12.690000,12.090000,12.220000,12.220000,122100
2007-09-18,12.280000,12.980000,12.280000,12.840000,12.840000,259100
2007-09-19,13.070000,15.470000,13.070000,14.750000,14.750000,2438600
2007-09-20,15.000000,16.900000,14.460000,15.950000,15.950000,1788400
2007-09-21,16.150000,16.700001,16.150000,16.270000,16.270000,870000
2007-09-24,16.410000,16.469999,15.150000,15.520000,15.520000,655100
2007-09-25,15.390000,15.390000,14.550000,14.890000,14.890000,585400
2007-09-26,15.040000,15.600000,14.830000,15.280000,15.280000,280400
2007-09-27,15.450000,15.500000,14.600000,14.760000,14.760000,283000
2007-09-28,14.650000,15.250000,14.620000,15.140000,15.140000,320700
2007-10-01,15.250000,15.770000,15.190000,15.610000,15.610000,338800
2007-10-02,15.610000,16.650000,15.550000,16.559999,16.559999,504600
2007-10-03,16.500000,16.540001,15.720000,15.880000,15.880000,310400
2007-10-04,15.820000,16.230000,15.600000,16.129999,16.129999,163400
2007-10-05,16.270000,16.500000,15.650000,15.720000,15.720000,233000
2007-10-08,15.570000,16.150000,15.570000,16.080000,16.080000,120000
2007-10-09,16.200001,16.540001,15.800000,16.020000,16.020000,262300
2007-10-10,16.059999,16.990000,15.910000,16.760000,16.760000,268300
2007-10-11,16.799999,17.230000,16.080000,16.350000,16.350000,389600
2007-10-12,16.250000,17.330000,16.250000,17.309999,17.309999,404400
2007-10-15,17.490000,20.000000,17.379999,19.799999,19.799999,1615000
2007-10-16,20.000000,20.020000,18.610001,19.600000,19.600000,1093400
2007-10-17,20.129999,20.650000,18.150000,18.600000,18.600000,820000
2007-10-18,18.139999,18.660000,16.930000,18.650000,18.650000,834700
2007-10-19,18.540001,18.540001,17.400000,17.530001,17.530001,481800
2007-10-22,17.000000,18.200001,16.309999,17.680000,17.680000,536000
2007-10-23,18.080000,18.799999,17.860001,18.480000,18.480000,260800
2007-10-24,18.410000,19.600000,17.879999,18.700001,18.700001,426400
2007-10-25,18.820000,19.459999,18.440001,18.590000,18.590000,280500
2007-10-26,19.139999,19.480000,18.610001,18.930000,18.930000,152100
2007-10-29,19.000000,19.459999,18.250000,18.629999,18.629999,180100
2007-10-30,18.750000,18.750000,17.980000,18.080000,18.080000,171100
2007-10-31,18.070000,18.559999,17.750000,17.879999,17.879999,204900
2007-11-01,17.660000,18.750000,17.250000,17.900000,17.900000,376800
2007-11-02,18.160000,18.160000,17.500000,18.000000,18.000000,157200
2007-11-05,17.549999,19.000000,17.520000,18.520000,18.520000,248900
2007-11-06,18.530001,19.490000,18.500000,19.299999,19.299999,499700
2007-11-07,19.100000,19.299999,18.129999,18.150000,18.150000,243400
2007-11-08,18.010000,18.760000,17.219999,17.850000,17.850000,334900
2007-11-09,17.980000,18.459999,17.450001,18.260000,18.260000,328400
2007-11-12,17.879999,18.990000,17.850000,18.500000,18.500000,564000
2007-11-13,18.000000,18.559999,17.730000,17.830000,17.830000,409800
2007-11-14,18.370001,18.799999,18.040001,18.420000,18.420000,369400
2007-11-15,18.240000,18.860001,17.900000,18.290001,18.290001,225200
2007-11-16,18.230000,18.480000,17.600000,17.879999,17.879999,280800
2007-11-19,17.980000,18.110001,16.360001,16.480000,16.480000,419400
2007-11-20,16.969999,16.969999,15.160000,15.360000,15.360000,508300
2007-11-21,15.360000,16.389999,15.250000,15.640000,15.640000,231900
2007-11-23,15.700000,16.299999,15.500000,16.209999,16.209999,138300
2007-11-26,16.330000,16.620001,15.530000,15.900000,15.900000,214400
2007-11-27,16.000000,16.090000,15.020000,15.310000,15.310000,234900
2007-11-28,15.330000,15.900000,15.210000,15.520000,15.520000,331300
2007-11-29,15.490000,16.000000,15.290000,15.400000,15.400000,202800
2007-11-30,15.770000,15.860000,14.550000,14.920000,14.920000,615100
2007-12-03,14.990000,15.170000,14.600000,14.960000,14.960000,220300
2007-12-04,14.660000,14.920000,14.470000,14.620000,14.620000,148400
2007-12-05,14.550000,15.000000,12.650000,12.760000,12.760000,1198700
2007-12-06,13.000000,14.700000,12.550000,14.610000,14.610000,1311000
2007-12-07,14.850000,14.900000,13.750000,14.710000,14.710000,359900
2007-12-10,14.890000,14.890000,14.240000,14.280000,14.280000,209700
2007-12-11,14.590000,15.400000,14.350000,15.140000,15.140000,1078800
2007-12-12,15.500000,15.600000,15.080000,15.270000,15.270000,528600
2007-12-13,15.580000,15.640000,15.050000,15.340000,15.340000,449600
2007-12-14,15.250000,16.370001,14.550000,16.240000,16.240000,881700
2007-12-17,16.240000,16.240000,15.060000,15.150000,15.150000,515100
2007-12-18,15.450000,15.940000,15.150000,15.500000,15.500000,440900
2007-12-19,15.620000,15.620000,15.150000,15.190000,15.190000,225600
2007-12-20,15.300000,15.300000,14.650000,15.000000,15.000000,320900
2007-12-21,15.120000,15.590000,14.660000,15.510000,15.510000,438000
2007-12-24,15.530000,15.710000,15.300000,15.610000,15.610000,103000
2007-12-26,15.450000,15.600000,14.950000,15.160000,15.160000,268300
2007-12-27,15.050000,15.340000,14.900000,15.000000,15.000000,292700
2007-12-28,15.050000,15.240000,14.750000,15.050000,15.050000,180400
2007-12-31,15.040000,15.140000,14.820000,15.140000,15.140000,207400
2008-01-02,15.210000,15.320000,14.900000,15.100000,15.100000,283600
2008-01-03,15.250000,15.920000,15.120000,15.610000,15.610000,434100
2008-01-04,15.430000,15.470000,15.100000,15.260000,15.260000,366200
2008-01-07,15.250000,15.520000,15.100000,15.260000,15.260000,629600
2008-01-08,15.260000,15.300000,14.910000,15.000000,15.000000,715900
2008-01-09,15.240000,15.360000,14.950000,15.230000,15.230000,301300
2008-01-10,15.130000,16.110001,14.850000,15.750000,15.750000,359500
2008-01-11,15.740000,15.830000,15.400000,15.460000,15.460000,180200
2008-01-14,15.510000,15.680000,15.320000,15.610000,15.610000,160200
2008-01-15,15.410000,16.840000,15.310000,16.270000,16.270000,498000
2008-01-16,16.150000,16.400000,15.620000,15.820000,15.820000,402800
2008-01-17,16.059999,16.400000,15.350000,15.610000,15.610000,304500
2008-01-18,15.600000,15.990000,14.750000,15.050000,15.050000,339800
2008-01-22,14.000000,14.960000,13.000000,14.550000,14.550000,476000
2008-01-23,13.920000,14.700000,13.550000,14.640000,14.640000,231500
2008-01-24,14.640000,14.770000,14.090000,14.270000,14.270000,259300
2008-01-25,14.560000,15.140000,14.550000,15.000000,15.000000,652500
2008-01-28,15.040000,15.400000,14.480000,15.350000,15.350000,359400
2008-01-29,15.400000,15.400000,14.910000,15.190000,15.190000,330900
2008-01-30,15.170000,15.390000,14.910000,14.950000,14.950000,266200
2008-01-31,14.750000,15.310000,14.730000,15.090000,15.090000,233200
2008-02-01,15.250000,15.390000,14.910000,15.120000,15.120000,245000
2008-02-04,15.100000,15.320000,15.000000,15.280000,15.280000,219300
2008-02-05,15.000000,15.170000,14.600000,14.830000,14.830000,217800
2008-02-06,14.980000,15.150000,14.640000,14.700000,14.700000,186700
2008-02-07,14.560000,15.150000,14.470000,14.970000,14.970000,146400
2008-02-08,14.880000,15.290000,14.750000,15.250000,15.250000,159800
2008-02-11,15.350000,15.500000,15.050000,15.370000,15.370000,279900
2008-02-12,15.370000,15.480000,15.200000,15.410000,15.410000,172100
2008-02-13,15.470000,15.950000,15.310000,15.950000,15.950000,311600
2008-02-14,15.920000,16.200001,15.390000,15.390000,15.390000,235700
2008-02-15,15.310000,15.990000,15.310000,15.580000,15.580000,159100
2008-02-19,15.820000,16.000000,15.630000,15.900000,15.900000,187200
2008-02-20,15.560000,15.730000,15.100000,15.370000,15.370000,237700
2008-02-21,15.810000,15.950000,15.380000,15.470000,15.470000,415200
2008-02-22,15.500000,15.600000,14.900000,15.010000,15.010000,205100
2008-02-25,15.250000,15.410000,14.810000,14.920000,14.920000,304600
2008-02-26,15.000000,15.840000,14.950000,15.490000,15.490000,269900
2008-02-27,15.700000,15.900000,15.300000,15.410000,15.410000,229200
2008-02-28,15.420000,15.490000,15.010000,15.190000,15.190000,159300
2008-02-29,15.000000,15.510000,14.930000,15.280000,15.280000,298000
2008-03-03,15.350000,15.600000,15.010000,15.300000,15.300000,246800
2008-03-04,15.050000,15.350000,14.470000,14.800000,14.800000,323000
2008-03-05,14.970000,15.060000,14.100000,14.370000,14.370000,290800
2008-03-06,14.350000,14.500000,13.820000,13.850000,13.850000,200300
2008-03-07,13.680000,14.040000,13.500000,13.900000,13.900000,189100
2008-03-10,13.880000,14.000000,13.020000,13.250000,13.250000,309000
2008-03-11,13.550000,13.740000,13.020000,13.600000,13.600000,163600
2008-03-12,13.620000,13.740000,13.340000,13.560000,13.560000,130300
2008-03-13,13.350000,13.860000,13.350000,13.670000,13.670000,108800
2008-03-14,13.670000,13.860000,13.070000,13.330000,13.330000,208100
2008-03-17,13.000000,13.250000,12.750000,12.830000,12.830000,205300
2008-03-18,13.010000,13.630000,12.560000,13.120000,13.120000,326500
2008-03-19,13.120000,13.800000,12.110000,12.210000,12.210000,230900
2008-03-20,12.190000,12.330000,11.790000,11.860000,11.860000,615500
2008-03-24,11.860000,12.170000,11.770000,11.870000,11.870000,397800
2008-03-25,11.880000,13.170000,11.750000,13.100000,13.100000,1635300
2008-03-26,13.170000,13.600000,12.830000,13.200000,13.200000,576200
2008-03-27,13.260000,13.590000,13.100000,13.130000,13.130000,294500
2008-03-28,13.330000,13.390000,12.850000,13.060000,13.060000,315500
2008-03-31,13.120000,13.450000,13.000000,13.360000,13.360000,202600
2008-04-01,13.450000,13.550000,12.980000,13.030000,13.030000,243000
2008-04-02,13.000000,13.400000,13.000000,13.210000,13.210000,280900
2008-04-03,13.110000,13.350000,13.110000,13.250000,13.250000,131200
2008-04-04,13.310000,13.390000,12.750000,12.880000,12.880000,379700
2008-04-07,12.910000,13.080000,12.650000,12.730000,12.730000,242200
2008-04-08,12.700000,12.990000,12.620000,12.890000,12.890000,267600
2008-04-09,12.950000,13.160000,12.750000,12.820000,12.820000,271600
2008-04-10,12.820000,13.030000,12.750000,12.830000,12.830000,152000
2008-04-11,12.870000,13.200000,12.870000,12.920000,12.920000,368800
2008-04-14,12.950000,13.060000,12.710000,12.710000,12.710000,162100
2008-04-15,12.790000,13.090000,12.500000,12.890000,12.890000,262600
2008-04-16,13.000000,13.060000,12.800000,13.000000,13.000000,247400
2008-04-17,13.020000,13.060000,12.700000,12.770000,12.770000,186100
2008-04-18,12.930000,12.990000,12.700000,12.820000,12.820000,206200
2008-04-21,12.830000,13.190000,12.830000,12.870000,12.870000,240000
2008-04-22,13.010000,13.710000,12.930000,13.550000,13.550000,552100
2008-04-23,13.700000,13.700000,13.000000,13.080000,13.080000,277600
2008-04-24,13.200000,13.380000,12.890000,12.920000,12.920000,261300
2008-04-25,13.090000,13.190000,12.850000,12.910000,12.910000,239000
2008-04-28,12.920000,13.000000,12.780000,12.900000,12.900000,194300
2008-04-29,12.810000,12.900000,12.700000,12.830000,12.830000,225100
2008-04-30,12.870000,13.030000,12.740000,13.020000,13.020000,273100
2008-05-01,13.030000,13.040000,12.500000,12.810000,12.810000,366300
2008-05-02,12.840000,13.490000,12.700000,13.280000,13.280000,525500
2008-05-05,13.220000,13.250000,12.790000,13.240000,13.240000,319000
2008-05-06,13.360000,13.560000,13.100000,13.530000,13.530000,534200
2008-05-07,13.520000,14.060000,13.420000,13.500000,13.500000,405200
2008-05-08,13.600000,13.910000,13.430000,13.730000,13.730000,312800
2008-05-09,13.860000,14.480000,13.670000,14.470000,14.470000,404800
2008-05-12,14.840000,15.090000,14.330000,14.890000,14.890000,604500
2008-05-13,15.060000,15.410000,14.300000,15.400000,15.400000,466600
2008-05-14,15.460000,15.470000,14.820000,14.940000,14.940000,432500
2008-05-15,15.130000,15.170000,14.370000,14.960000,14.960000,530800
2008-05-16,13.840000,14.950000,13.700000,14.730000,14.730000,1503600
2008-05-19,14.860000,15.390000,14.800000,15.200000,15.200000,690600
2008-05-20,15.400000,15.400000,14.880000,15.050000,15.050000,523900
2008-05-21,15.060000,15.250000,14.700000,14.710000,14.710000,354300
2008-05-22,14.790000,14.970000,14.240000,14.280000,14.280000,411100
2008-05-23,14.300000,14.460000,13.990000,14.310000,14.310000,223800
2008-05-27,14.360000,14.490000,13.860000,13.980000,13.980000,324800
2008-05-28,14.020000,14.560000,14.020000,14.430000,14.430000,262100
2008-05-29,14.430000,14.700000,14.380000,14.660000,14.660000,231200
2008-05-30,14.610000,15.010000,14.350000,14.950000,14.950000,264700
2008-06-02,14.810000,14.900000,14.250000,14.660000,14.660000,439300
2008-06-03,14.660000,14.780000,14.200000,14.400000,14.400000,309500
2008-06-04,14.330000,14.370000,14.020000,14.160000,14.160000,190100
2008-06-05,14.230000,14.400000,14.090000,14.400000,14.400000,353400
2008-06-06,14.300000,14.400000,13.920000,13.980000,13.980000,258500
2008-06-09,13.980000,14.080000,13.890000,14.000000,14.000000,242900
2008-06-10,13.940000,13.940000,13.240000,13.460000,13.460000,418600
2008-06-11,13.420000,13.540000,12.950000,13.190000,13.190000,433900
2008-06-12,13.250000,13.470000,13.130000,13.320000,13.320000,480100
2008-06-13,13.400000,13.450000,13.110000,13.300000,13.300000,207700
2008-06-16,13.310000,13.310000,12.790000,12.950000,12.950000,443100
2008-06-17,12.900000,13.240000,12.900000,13.150000,13.150000,275400
2008-06-18,13.170000,13.460000,12.920000,13.160000,13.160000,430000
2008-06-19,12.500000,12.500000,11.920000,12.060000,12.060000,918500
2008-06-20,12.000000,12.150000,11.810000,11.980000,11.980000,605500
2008-06-23,11.880000,12.140000,11.700000,11.730000,11.730000,279600
2008-06-24,12.110000,12.110000,11.250000,11.320000,11.320000,643300
2008-06-25,11.370000,11.500000,10.150000,10.820000,10.820000,945900
2008-06-26,10.700000,11.180000,10.500000,10.780000,10.780000,361000
2008-06-27,10.780000,11.120000,10.410000,11.000000,11.000000,2105800
2008-06-30,11.050000,11.870000,10.800000,11.490000,11.490000,645300
2008-07-01,11.390000,11.390000,10.600000,10.830000,10.830000,505700
2008-07-02,10.870000,11.360000,10.330000,10.690000,10.690000,451200
2008-07-03,10.610000,11.240000,10.610000,11.180000,11.180000,289800
2008-07-07,11.170000,11.170000,10.360000,10.440000,10.440000,423800
2008-07-08,10.870000,11.490000,10.570000,11.180000,11.180000,819000
2008-07-09,11.370000,12.980000,11.240000,11.340000,11.340000,1304700
2008-07-10,11.950000,11.970000,11.390000,11.840000,11.840000,566300
2008-07-11,11.840000,13.030000,11.500000,12.920000,12.920000,953700
2008-07-14,13.040000,13.100000,12.120000,12.250000,12.250000,567000
2008-07-15,12.160000,12.450000,11.650000,12.120000,12.120000,546300
2008-07-16,12.190000,12.570000,12.000000,12.480000,12.480000,296400
2008-07-17,12.890000,13.100000,11.700000,11.960000,11.960000,451000
2008-07-18,12.020000,12.510000,11.320000,12.410000,12.410000,556800
2008-07-21,12.990000,13.710000,12.460000,13.210000,13.210000,797100
2008-07-22,13.500000,14.020000,12.900000,13.880000,13.880000,696700
2008-07-23,14.200000,14.200000,13.000000,13.210000,13.210000,592200
2008-07-24,13.250000,13.500000,12.600000,13.100000,13.100000,452500
2008-07-25,13.190000,13.440000,12.580000,12.880000,12.880000,389800
2008-07-28,12.880000,13.000000,12.300000,12.350000,12.350000,332600
2008-07-29,12.350000,12.740000,12.140000,12.690000,12.690000,262000
2008-07-30,12.750000,13.240000,12.530000,13.170000,13.170000,428700
2008-07-31,13.180000,13.470000,12.870000,13.300000,13.300000,411800
2008-08-01,13.290000,13.860000,13.290000,13.790000,13.790000,449300
2008-08-04,13.970000,14.070000,12.980000,13.100000,13.100000,507300
2008-08-05,13.230000,13.400000,12.890000,13.260000,13.260000,318300
2008-08-06,13.300000,13.690000,13.110000,13.480000,13.480000,335400
2008-08-07,13.500000,13.920000,13.430000,13.630000,13.630000,279900
2008-08-08,13.560000,14.000000,13.500000,13.990000,13.990000,347100
2008-08-11,14.000000,14.500000,13.600000,14.430000,14.430000,564800
2008-08-12,14.500000,14.740000,13.910000,14.270000,14.270000,392400
2008-08-13,14.280000,14.700000,14.280000,14.700000,14.700000,450800
2008-08-14,14.890000,14.900000,13.870000,13.960000,13.960000,575100
2008-08-15,14.170000,14.170000,12.950000,13.530000,13.530000,518800
2008-08-18,13.690000,14.150000,13.560000,13.890000,13.890000,355300
2008-08-19,13.920000,14.110000,13.340000,14.110000,14.110000,469500
2008-08-20,14.260000,14.750000,14.220000,14.670000,14.670000,492000
2008-08-21,14.700000,14.850000,14.250000,14.320000,14.320000,346400
2008-08-22,14.490000,14.690000,14.060000,14.230000,14.230000,339100
2008-08-25,14.490000,14.640000,14.200000,14.210000,14.210000,446100
2008-08-26,15.300000,15.740000,14.910000,15.650000,15.650000,2195100
2008-08-27,15.950000,16.860001,15.660000,16.610001,16.610001,2099700
2008-08-28,17.200001,17.840000,16.160000,16.730000,16.730000,2556000
2008-08-29,17.000000,17.370001,16.730000,17.240000,17.240000,1267000
2008-09-02,17.400000,17.400000,16.270000,17.250000,17.250000,1279000
2008-09-03,17.950001,18.549999,17.610001,17.879999,17.879999,2861000
2008-09-04,19.350000,19.690001,18.350000,18.770000,18.770000,3409700
2008-09-05,18.770000,19.190001,17.790001,19.040001,19.040001,2392500
2008-09-08,19.900000,19.950001,19.000000,19.350000,19.350000,1692500
2008-09-09,19.350000,19.400000,17.820000,18.389999,18.389999,1448500
2008-09-10,17.900000,18.400000,16.360001,18.070000,18.070000,2824300
2008-09-11,18.240000,18.850000,17.620001,18.459999,18.459999,2284100
2008-09-12,18.799999,18.799999,18.000000,18.139999,18.139999,1080800
2008-09-15,17.049999,18.000000,16.750000,16.870001,16.870001,1353400
2008-09-16,15.970000,16.820000,15.520000,16.750000,16.750000,1993500
2008-09-17,16.940001,17.000000,15.500000,15.520000,15.520000,1199700
2008-09-18,15.900000,17.340000,14.620000,17.340000,17.340000,1368500
2008-09-19,17.830000,17.850000,16.500000,17.389999,17.389999,1308700
2008-09-22,17.379999,17.389999,16.600000,16.980000,16.980000,637200
2008-09-23,16.799999,16.879999,15.750000,16.150000,16.150000,652000
2008-09-24,16.250000,16.309999,15.580000,15.650000,15.650000,539100
2008-09-25,15.670000,16.680000,15.670000,16.650000,16.650000,701700
2008-09-26,15.860000,16.469999,15.700000,16.379999,16.379999,521500
2008-09-29,16.000000,16.139999,14.210000,15.550000,15.550000,1175500
2008-09-30,15.460000,15.460000,13.750000,14.150000,14.150000,1281600
2008-10-01,14.450000,14.700000,13.980000,14.300000,14.300000,599600
2008-10-02,14.400000,14.400000,12.630000,13.370000,13.370000,851200
2008-10-03,13.120000,13.530000,11.880000,12.010000,12.010000,1161300
2008-10-06,11.140000,11.200000,8.800000,10.560000,10.560000,1518200
2008-10-07,10.980000,10.990000,9.750000,9.780000,9.780000,853400
2008-10-08,9.380000,11.220000,9.050000,10.400000,10.400000,1054000
2008-10-09,10.760000,11.880000,9.010000,9.270000,9.270000,788100
2008-10-10,9.000000,9.970000,8.060000,9.740000,9.740000,1063000
2008-10-13,10.650000,11.980000,10.450000,11.980000,11.980000,249700
2008-10-14,13.000000,13.350000,10.750000,11.120000,11.120000,734900
2008-10-15,10.750000,10.860000,9.750000,10.050000,10.050000,482300
2008-10-16,10.470000,10.470000,8.840000,9.920000,9.920000,1114700
2008-10-17,10.100000,11.200000,9.050000,10.420000,10.420000,913100
2008-10-20,11.110000,11.510000,10.900000,11.510000,11.510000,485000
2008-10-21,11.240000,12.300000,11.100000,12.150000,12.150000,612100
2008-10-22,11.650000,11.650000,10.760000,10.990000,10.990000,414000
2008-10-23,10.860000,10.990000,10.060000,10.340000,10.340000,575700
2008-10-24,9.810000,10.680000,9.440000,10.480000,10.480000,488900
2008-10-27,10.150000,10.700000,9.300000,9.510000,9.510000,735900
2008-10-28,9.850000,10.250000,8.280000,9.000000,9.000000,905900
2008-10-29,7.960000,7.990000,6.620000,6.950000,6.950000,2799600
2008-10-30,7.350000,7.370000,7.000000,7.150000,7.150000,1459500
2008-10-31,7.160000,7.890000,6.940000,7.700000,7.700000,1419800
2008-11-03,7.800000,8.420000,7.800000,8.220000,8.220000,1381500
2008-11-04,8.730000,9.300000,8.300000,9.090000,9.090000,1456600
2008-11-05,7.750000,8.240000,7.200000,7.250000,7.250000,2575400
2008-11-06,7.310000,7.320000,6.690000,6.870000,6.870000,1201700
2008-11-07,7.190000,7.210000,6.530000,6.720000,6.720000,1109500
2008-11-10,6.860000,6.910000,5.900000,5.930000,5.930000,1412600
2008-11-11,5.720000,5.750000,4.910000,5.010000,5.010000,1604100
2008-11-12,5.000000,5.450000,4.500000,4.530000,4.530000,960800
2008-11-13,4.520000,5.690000,4.370000,5.650000,5.650000,1470000
2008-11-14,5.440000,5.500000,4.960000,5.010000,5.010000,820900
2008-11-17,5.010000,5.320000,5.010000,5.060000,5.060000,356700
2008-11-18,5.170000,5.370000,4.500000,5.040000,5.040000,862000
2008-11-19,4.760000,4.850000,4.060000,4.070000,4.070000,862700
2008-11-20,4.000000,4.000000,3.230000,3.490000,3.490000,901900
2008-11-21,3.990000,4.190000,3.620000,4.010000,4.010000,956800
2008-11-24,4.530000,4.630000,4.200000,4.420000,4.420000,744000
2008-11-25,4.740000,4.740000,4.040000,4.340000,4.340000,730400
2008-11-26,4.430000,4.940000,4.250000,4.940000,4.940000,817400
2008-11-28,4.910000,4.980000,4.610000,4.850000,4.850000,264900
2008-12-01,4.950000,4.990000,3.960000,4.040000,4.040000,700300
2008-12-02,4.200000,4.900000,4.200000,4.900000,4.900000,696700
2008-12-03,4.690000,4.880000,4.500000,4.650000,4.650000,415800
2008-12-04,4.510000,4.900000,4.500000,4.510000,4.510000,419700
2008-12-05,4.560000,4.990000,4.560000,4.890000,4.890000,864800
2008-12-08,5.140000,5.700000,5.100000,5.150000,5.150000,659100
2008-12-09,5.190000,5.240000,4.820000,5.120000,5.120000,645400
2008-12-10,5.200000,5.200000,4.880000,5.090000,5.090000,516400
2008-12-11,5.110000,5.110000,4.610000,4.720000,4.720000,313500
2008-12-12,4.580000,4.870000,4.530000,4.840000,4.840000,254400
2008-12-15,5.080000,5.080000,4.570000,4.640000,4.640000,249200
2008-12-16,4.800000,5.040000,4.800000,5.040000,5.040000,426500
2008-12-17,5.000000,5.950000,5.000000,5.730000,5.730000,1230700
2008-12-18,6.010000,6.010000,5.500000,5.790000,5.790000,773100
2008-12-19,6.010000,6.300000,5.900000,6.120000,6.120000,1107300
2008-12-22,6.170000,6.600000,6.130000,6.440000,6.440000,845200
2008-12-23,6.540000,6.600000,5.870000,5.970000,5.970000,649900
2008-12-24,5.920000,6.050000,5.850000,5.920000,5.920000,184700
2008-12-26,5.940000,6.110000,5.900000,6.080000,6.080000,180100
2008-12-29,6.110000,6.450000,5.870000,6.120000,6.120000,476000
2008-12-30,6.000000,6.200000,6.000000,6.140000,6.140000,485700
2008-12-31,6.140000,6.200000,6.010000,6.040000,6.040000,389500
2009-01-02,6.120000,6.480000,6.100000,6.330000,6.330000,485100
2009-01-05,6.390000,7.370000,6.130000,7.150000,7.150000,1112600
2009-01-06,7.240000,7.610000,7.000000,7.100000,7.100000,903700
2009-01-07,6.850000,6.850000,6.310000,6.480000,6.480000,615700
2009-01-08,6.350000,6.850000,6.300000,6.760000,6.760000,500800
2009-01-09,6.820000,6.840000,6.450000,6.470000,6.470000,299500
2009-01-12,6.560000,6.600000,6.070000,6.130000,6.130000,337400
2009-01-13,6.150000,6.730000,6.140000,6.520000,6.520000,562600
2009-01-14,6.390000,6.480000,6.350000,6.390000,6.390000,344200
2009-01-15,6.380000,6.660000,5.990000,6.250000,6.250000,476800
2009-01-16,6.500000,6.590000,6.170000,6.510000,6.510000,344200
2009-01-20,6.620000,6.750000,6.480000,6.520000,6.520000,528600
2009-01-21,6.400000,6.960000,6.400000,6.950000,6.950000,367400
2009-01-22,6.970000,6.980000,6.660000,6.730000,6.730000,306800
2009-01-23,6.550000,6.770000,6.340000,6.570000,6.570000,429500
2009-01-26,6.550000,7.240000,6.500000,6.910000,6.910000,528300
2009-01-27,6.960000,7.090000,6.760000,6.890000,6.890000,230800
2009-01-28,7.100000,7.100000,6.860000,7.050000,7.050000,252700
2009-01-29,6.970000,7.220000,6.800000,7.000000,7.000000,304200
2009-01-30,7.160000,7.250000,6.800000,6.920000,6.920000,363600
2009-02-02,6.900000,6.930000,6.470000,6.620000,6.620000,299100
2009-02-03,6.770000,6.840000,6.550000,6.680000,6.680000,327800
2009-02-04,6.750000,6.900000,6.650000,6.680000,6.680000,276900
2009-02-05,6.670000,6.990000,6.670000,6.810000,6.810000,328600
2009-02-06,6.850000,7.170000,6.770000,7.090000,7.090000,375300
2009-02-09,7.150000,7.280000,7.020000,7.220000,7.220000,297700
2009-02-10,7.250000,7.460000,6.900000,6.910000,6.910000,460700
2009-02-11,7.010000,7.440000,6.810000,6.990000,6.990000,220800
2009-02-12,6.810000,7.040000,6.690000,6.990000,6.990000,368500
2009-02-13,7.060000,7.220000,6.950000,7.000000,7.000000,144600
2009-02-17,6.680000,6.750000,6.500000,6.560000,6.560000,277900
2009-02-18,6.590000,6.660000,5.500000,5.530000,5.530000,1079700
2009-02-19,5.610000,5.720000,5.410000,5.440000,5.440000,693900
2009-02-20,5.500000,5.830000,5.480000,5.530000,5.530000,566800
2009-02-23,5.850000,6.000000,5.100000,5.170000,5.170000,594000
2009-02-24,5.200000,5.520000,5.180000,5.510000,5.510000,391900
2009-02-25,5.750000,5.800000,5.510000,5.690000,5.690000,372700
2009-02-26,5.780000,6.130000,5.750000,5.750000,5.750000,425600
2009-02-27,5.560000,5.990000,5.310000,5.690000,5.690000,473600
2009-03-02,5.450000,5.490000,4.950000,5.050000,5.050000,518100
2009-03-03,5.000000,5.170000,4.820000,4.940000,4.940000,477500
2009-03-04,4.970000,5.270000,4.970000,5.010000,5.010000,374600
2009-03-05,5.010000,5.010000,4.620000,4.700000,4.700000,354300
2009-03-06,5.090000,5.230000,4.800000,4.980000,4.980000,489400
2009-03-09,5.000000,5.080000,4.730000,4.790000,4.790000,243700
2009-03-10,4.930000,5.230000,4.920000,5.040000,5.040000,344900
2009-03-11,5.170000,5.250000,4.810000,4.950000,4.950000,436400
2009-03-12,5.100000,5.250000,4.930000,5.160000,5.160000,536600
2009-03-13,5.210000,5.210000,5.040000,5.110000,5.110000,248700
2009-03-16,5.270000,5.270000,4.980000,5.070000,5.070000,309800
2009-03-17,5.510000,5.650000,5.180000,5.650000,5.650000,799800
2009-03-18,5.700000,5.750000,5.380000,5.700000,5.700000,398200
2009-03-19,5.750000,5.960000,5.740000,5.840000,5.840000,361700
2009-03-20,5.890000,5.930000,5.620000,5.720000,5.720000,310400
2009-03-23,5.890000,6.190000,5.720000,6.170000,6.170000,429500
2009-03-24,6.020000,6.090000,5.750000,5.880000,5.880000,221500
2009-03-25,5.910000,6.450000,5.690000,6.010000,6.010000,476200
2009-03-26,6.170000,6.700000,6.170000,6.650000,6.650000,786600
2009-03-27,6.500000,6.600000,6.230000,6.450000,6.450000,348900
2009-03-30,6.300000,6.300000,5.980000,6.130000,6.130000,334100
2009-03-31,6.200000,6.330000,6.080000,6.090000,6.090000,238300
2009-04-01,5.960000,6.200000,5.890000,6.100000,6.100000,211100
2009-04-02,6.270000,7.250000,6.270000,7.180000,7.180000,1472700
2009-04-03,7.150000,7.200000,6.770000,7.110000,7.110000,470500
2009-04-06,7.120000,7.150000,6.750000,7.120000,7.120000,347900
2009-04-07,6.980000,7.100000,6.670000,6.810000,6.810000,385900
2009-04-08,6.850000,7.090000,6.700000,7.060000,7.060000,168800
2009-04-09,7.240000,7.300000,6.950000,7.220000,7.220000,377900
2009-04-13,7.140000,7.230000,6.990000,7.190000,7.190000,275600
2009-04-14,7.120000,7.440000,6.980000,7.090000,7.090000,254900
2009-04-15,7.200000,7.390000,7.150000,7.240000,7.240000,210100
2009-04-16,7.350000,7.450000,7.150000,7.390000,7.390000,282100
2009-04-17,7.500000,8.000000,7.270000,7.940000,7.940000,622200
2009-04-20,7.750000,7.900000,7.330000,7.450000,7.450000,512200
2009-04-21,7.390000,7.600000,7.260000,7.430000,7.430000,271200
2009-04-22,7.290000,7.740000,7.250000,7.490000,7.490000,312600
2009-04-23,7.550000,7.710000,7.300000,7.400000,7.400000,213500
2009-04-24,7.450000,7.700000,7.400000,7.640000,7.640000,304600
2009-04-27,7.500000,7.830000,7.370000,7.670000,7.670000,275500
2009-04-28,7.550000,8.220000,7.500000,8.070000,8.070000,388200
2009-04-29,8.200000,8.500000,8.100000,8.290000,8.290000,415700
2009-04-30,8.500000,8.940000,8.450000,8.460000,8.460000,538700
2009-05-01,8.690000,9.620000,8.610000,9.370000,9.370000,710100
2009-05-04,9.470000,9.690000,9.000000,9.290000,9.290000,640400
2009-05-05,9.300000,9.560000,8.830000,9.230000,9.230000,542800
2009-05-06,9.280000,9.370000,8.750000,8.910000,8.910000,542600
2009-05-07,8.760000,9.270000,8.530000,8.710000,8.710000,503900
2009-05-08,9.070000,10.180000,8.500000,10.100000,10.100000,954300
2009-05-11,9.760000,9.800000,7.570000,8.860000,8.860000,1893300
2009-05-12,9.070000,9.260000,8.430000,8.550000,8.550000,511100
2009-05-13,8.600000,8.670000,8.050000,8.090000,8.090000,489100
2009-05-14,8.050000,8.660000,8.000000,8.500000,8.500000,484800
2009-05-15,8.530000,9.050000,8.510000,8.920000,8.920000,413000
2009-05-18,8.800000,8.940000,8.700000,8.890000,8.890000,291400
2009-05-19,8.810000,9.110000,8.650000,8.920000,8.920000,338700
2009-05-20,9.030000,9.470000,8.950000,9.110000,9.110000,452300
2009-05-21,9.200000,9.200000,8.480000,9.060000,9.060000,398200
2009-05-22,9.210000,9.250000,8.930000,9.090000,9.090000,220400
2009-05-26,9.010000,9.490000,8.750000,9.430000,9.430000,327200
2009-05-27,9.320000,9.490000,9.180000,9.350000,9.350000,237900
2009-05-28,9.500000,9.650000,9.000000,9.470000,9.470000,310900
2009-05-29,9.340000,9.730000,9.270000,9.650000,9.650000,338100
2009-06-01,9.750000,10.080000,9.700000,10.030000,10.030000,630100
2009-06-02,9.880000,10.250000,9.750000,10.070000,10.070000,546800
2009-06-03,9.900000,9.900000,9.250000,9.530000,9.530000,495200
2009-06-04,9.550000,9.880000,9.430000,9.760000,9.760000,287600
2009-06-05,9.820000,9.940000,9.250000,9.830000,9.830000,360200
2009-06-08,9.630000,9.630000,9.350000,9.490000,9.490000,261900
2009-06-09,9.450000,9.490000,9.060000,9.130000,9.130000,470100
2009-06-10,9.620000,9.840000,9.420000,9.590000,9.590000,490800
2009-06-11,9.750000,10.230000,9.710000,10.010000,10.010000,579800
2009-06-12,9.880000,10.150000,9.520000,10.040000,10.040000,378600
2009-06-15,9.790000,9.990000,9.560000,9.710000,9.710000,307300
2009-06-16,9.910000,9.990000,9.500000,9.600000,9.600000,298200
2009-06-17,9.550000,9.670000,9.320000,9.400000,9.400000,646400
2009-06-18,9.360000,9.480000,9.110000,9.320000,9.320000,211500
2009-06-19,9.480000,9.490000,8.860000,8.860000,8.860000,595500
2009-06-22,8.550000,8.590000,7.800000,7.890000,7.890000,867800
2009-06-23,7.920000,8.500000,7.900000,8.400000,8.400000,555000
2009-06-24,8.530000,8.680000,8.160000,8.200000,8.200000,530300
2009-06-25,8.100000,9.060000,7.370000,9.000000,9.000000,1149400
2009-06-26,8.910000,9.240000,8.850000,8.950000,8.950000,4680600
2009-06-29,9.000000,9.200000,8.570000,8.660000,8.660000,1213900
2009-06-30,8.750000,8.760000,8.540000,8.610000,8.610000,483300
2009-07-01,8.850000,9.130000,8.740000,8.850000,8.850000,405500
2009-07-02,8.760000,8.760000,8.350000,8.470000,8.470000,425100
2009-07-06,8.400000,8.440000,8.130000,8.390000,8.390000,586600
2009-07-07,8.470000,9.080000,8.370000,8.610000,8.610000,1482000
2009-07-08,8.620000,8.630000,7.810000,8.060000,8.060000,1260900
2009-07-09,8.180000,8.660000,8.140000,8.400000,8.400000,915200
2009-07-10,8.370000,8.410000,8.170000,8.340000,8.340000,434000
2009-07-13,8.440000,8.490000,8.210000,8.400000,8.400000,376500
2009-07-14,8.370000,8.440000,8.210000,8.360000,8.360000,264600
2009-07-15,8.480000,8.500000,8.360000,8.440000,8.440000,443700
2009-07-16,8.390000,8.480000,8.280000,8.410000,8.410000,510400
2009-07-17,8.430000,8.610000,8.370000,8.550000,8.550000,336900
2009-07-20,8.630000,8.770000,8.500000,8.660000,8.660000,242500
2009-07-21,8.690000,8.690000,8.330000,8.510000,8.510000,325000
2009-07-22,8.390000,8.610000,8.330000,8.430000,8.430000,245000
2009-07-23,8.350000,8.600000,8.350000,8.580000,8.580000,448800
2009-07-24,8.520000,8.820000,8.520000,8.730000,8.730000,336000
2009-07-27,8.620000,8.890000,8.620000,8.800000,8.800000,320900
2009-07-28,8.750000,8.950000,8.650000,8.940000,8.940000,263800
2009-07-29,8.820000,8.930000,8.710000,8.820000,8.820000,297800
2009-07-30,8.900000,9.350000,8.780000,9.240000,9.240000,652800
2009-07-31,9.240000,9.450000,9.000000,9.240000,9.240000,800600
2009-08-03,9.440000,10.020000,9.360000,10.020000,10.020000,897200
2009-08-04,9.900000,10.200000,9.350000,10.010000,10.010000,780100
2009-08-05,10.050000,10.110000,9.900000,10.090000,10.090000,560700
2009-08-06,10.120000,10.120000,9.750000,10.070000,10.070000,681000
2009-08-07,10.130000,10.150000,9.820000,10.080000,10.080000,711900
2009-08-10,10.080000,10.540000,10.080000,10.170000,10.170000,697800
2009-08-11,9.000000,9.630000,8.350000,9.460000,9.460000,2179000
2009-08-12,10.200000,10.500000,9.990000,10.200000,10.200000,1459700
2009-08-13,10.450000,11.140000,10.300000,10.900000,10.900000,1369700
2009-08-14,11.000000,11.100000,10.550000,10.700000,10.700000,911700
2009-08-17,10.450000,10.560000,10.020000,10.420000,10.420000,667300
2009-08-18,10.420000,10.580000,10.350000,10.410000,10.410000,556300
2009-08-19,10.200000,10.360000,10.100000,10.280000,10.280000,422000
2009-08-20,10.320000,10.690000,10.300000,10.500000,10.500000,294400
2009-08-21,10.650000,10.750000,10.530000,10.620000,10.620000,437000
2009-08-24,10.620000,10.700000,10.500000,10.570000,10.570000,562800
2009-08-25,10.610000,10.770000,10.580000,10.730000,10.730000,309700
2009-08-26,10.700000,10.970000,10.560000,10.910000,10.910000,594900
2009-08-27,11.260000,13.150000,11.260000,12.780000,12.780000,4370200
2009-08-28,13.130000,13.230000,12.110000,12.750000,12.750000,2022400
2009-08-31,12.660000,12.770000,11.950000,12.520000,12.520000,1520800
2009-09-01,12.390000,12.600000,11.510000,11.550000,11.550000,1771400
2009-09-02,11.360000,11.740000,11.130000,11.560000,11.560000,1213300
2009-09-03,11.700000,11.940000,11.410000,11.830000,11.830000,891000
2009-09-04,11.980000,12.210000,11.710000,12.190000,12.190000,538700
2009-09-08,12.440000,12.880000,12.310000,12.720000,12.720000,924200
2009-09-09,12.780000,13.140000,12.660000,12.840000,12.840000,1037100
2009-09-10,12.890000,13.050000,12.650000,13.030000,13.030000,720500
2009-09-11,13.000000,13.280000,12.800000,12.920000,12.920000,826300
2009-09-14,12.860000,14.050000,12.820000,13.770000,13.770000,1173500
2009-09-15,13.830000,14.100000,13.640000,13.790000,13.790000,718800
2009-09-16,13.890000,13.950000,13.500000,13.620000,13.620000,786900
2009-09-17,13.460000,13.710000,13.180000,13.380000,13.380000,591300
2009-09-18,13.420000,13.650000,13.100000,13.580000,13.580000,685500
2009-09-21,13.390000,13.510000,13.170000,13.500000,13.500000,390500
2009-09-22,13.800000,14.250000,13.720000,14.050000,14.050000,993600
2009-09-23,14.210000,14.500000,13.950000,13.980000,13.980000,812300
2009-09-24,14.100000,14.350000,13.310000,13.550000,13.550000,713400
2009-09-25,13.640000,15.150000,13.640000,14.420000,14.420000,1819900
2009-09-28,14.720000,15.180000,14.460000,14.800000,14.800000,748800
2009-09-29,14.760000,14.890000,14.500000,14.640000,14.640000,602600
2009-09-30,14.750000,14.990000,14.250000,14.410000,14.410000,683700
2009-10-01,14.280000,14.310000,13.570000,13.610000,13.610000,808900
2009-10-02,13.000000,13.550000,12.310000,13.410000,13.410000,995300
2009-10-05,13.370000,13.810000,13.260000,13.780000,13.780000,499800
2009-10-06,14.170000,14.500000,13.850000,14.150000,14.150000,621100
2009-10-07,14.140000,14.540000,14.000000,14.180000,14.180000,422600
2009-10-08,14.290000,14.380000,14.000000,14.060000,14.060000,401200
2009-10-09,14.090000,14.210000,13.750000,14.060000,14.060000,368500
2009-10-12,14.060000,14.410000,14.000000,14.080000,14.080000,388100
2009-10-13,14.130000,14.180000,13.840000,14.030000,14.030000,347000
2009-10-14,14.220000,14.240000,13.910000,13.980000,13.980000,436200
2009-10-15,13.930000,14.250000,13.710000,14.250000,14.250000,708600
2009-10-16,14.140000,14.230000,13.710000,13.880000,13.880000,475900
2009-10-19,13.900000,14.090000,13.750000,14.000000,14.000000,674900
2009-10-20,14.070000,14.090000,13.760000,13.810000,13.810000,488900
2009-10-21,13.770000,14.450000,13.760000,14.020000,14.020000,864800
2009-10-22,14.040000,14.190000,13.630000,13.900000,13.900000,469600
2009-10-23,13.940000,14.000000,13.430000,13.490000,13.490000,491500
2009-10-26,13.500000,13.850000,12.690000,12.790000,12.790000,940100
2009-10-27,12.800000,12.970000,11.920000,12.110000,12.110000,1112600
2009-10-28,11.950000,11.970000,10.950000,11.300000,11.300000,2036100
2009-10-29,11.600000,12.350000,11.500000,12.280000,12.280000,1283200
2009-10-30,12.220000,12.260000,11.550000,11.600000,11.600000,1283700
2009-11-02,11.760000,11.970000,11.420000,11.610000,11.610000,765400
2009-11-03,11.530000,11.840000,11.400000,11.800000,11.800000,441800
2009-11-04,11.940000,12.050000,11.620000,11.650000,11.650000,494200
2009-11-05,11.850000,12.670000,11.800000,12.670000,12.670000,1088200
2009-11-06,12.430000,13.000000,12.320000,12.430000,12.430000,710400
2009-11-09,12.690000,13.120000,12.690000,12.840000,12.840000,923700
2009-11-10,12.250000,12.250000,11.550000,12.030000,12.030000,1576000
2009-11-11,12.120000,12.180000,11.750000,11.880000,11.880000,884100
2009-11-12,11.800000,12.250000,11.690000,12.080000,12.080000,800700
2009-11-13,12.100000,12.350000,11.800000,12.350000,12.350000,611900
2009-11-16,12.440000,12.790000,12.430000,12.640000,12.640000,557000
2009-11-17,12.540000,12.820000,12.440000,12.730000,12.730000,330400
2009-11-18,12.730000,12.800000,12.450000,12.540000,12.540000,359100
2009-11-19,12.470000,12.470000,11.890000,12.150000,12.150000,482200
2009-11-20,11.960000,12.070000,11.790000,12.000000,12.000000,480400
2009-11-23,12.120000,12.380000,11.940000,12.040000,12.040000,351300
2009-11-24,12.040000,12.140000,11.730000,12.100000,12.100000,341900
2009-11-25,12.100000,12.110000,11.910000,12.030000,12.030000,376200
2009-11-27,11.300000,12.110000,11.300000,11.850000,11.850000,403400
2009-11-30,11.850000,11.900000,11.400000,11.700000,11.700000,511600
2009-12-01,11.750000,11.980000,11.420000,11.880000,11.880000,756200
2009-12-02,11.910000,12.010000,11.750000,11.910000,11.910000,585600
2009-12-03,11.950000,12.110000,11.780000,11.800000,11.800000,369800
2009-12-04,12.050000,12.100000,11.580000,12.020000,12.020000,647700
2009-12-07,12.000000,12.170000,11.720000,11.890000,11.890000,599800
2009-12-08,11.850000,12.730000,11.710000,12.520000,12.520000,1103300
2009-12-09,12.760000,12.930000,12.120000,12.420000,12.420000,753100
2009-12-10,12.470000,12.640000,12.180000,12.300000,12.300000,416600
2009-12-11,12.320000,12.600000,12.200000,12.470000,12.470000,731600
2009-12-14,12.950000,13.850000,12.850000,13.590000,13.590000,2495200
2009-12-15,13.820000,14.390000,13.660000,14.050000,14.050000,2238300
2009-12-16,14.250000,14.650000,13.900000,13.950000,13.950000,1572300
2009-12-17,13.880000,14.230000,13.770000,13.950000,13.950000,839600
2009-12-18,14.100000,14.200000,13.910000,14.030000,14.030000,810100
2009-12-21,14.460000,15.000000,14.420000,15.000000,15.000000,1458900
2009-12-22,15.150000,16.230000,15.020000,16.180000,16.180000,1922300
2009-12-23,16.200001,16.320000,15.360000,15.750000,15.750000,1295700
2009-12-24,15.860000,16.100000,15.700000,15.780000,15.780000,312000
2009-12-28,16.549999,16.570000,15.800000,15.860000,15.860000,1010800
2009-12-29,15.880000,15.990000,15.500000,15.530000,15.530000,1006900
2009-12-30,15.420000,15.870000,15.240000,15.590000,15.590000,658200
2009-12-31,15.600000,15.680000,15.360000,15.410000,15.410000,404900
2010-01-04,15.710000,15.990000,15.600000,15.680000,15.680000,986700
2010-01-05,15.810000,16.830000,15.810000,16.650000,16.650000,1594600
2010-01-06,17.309999,18.590000,17.070000,17.980000,17.980000,3636000
2010-01-07,17.969999,18.990000,17.570000,18.809999,18.809999,2049500
2010-01-08,18.469999,19.170000,18.219999,19.059999,19.059999,2321500
2010-01-11,19.200001,19.299999,18.250000,18.299999,18.299999,1652800
2010-01-12,17.870001,18.389999,17.129999,17.840000,17.840000,1903400
2010-01-13,18.840000,19.330000,18.480000,18.490000,18.490000,3402700
2010-01-14,18.260000,19.330000,18.250000,19.240000,19.240000,2547400
2010-01-15,19.260000,19.299999,18.520000,18.790001,18.790001,1779600
2010-01-19,18.780001,19.139999,18.559999,18.760000,18.760000,1111400
2010-01-20,18.500000,19.049999,18.250000,18.950001,18.950001,1612000
2010-01-21,19.049999,19.500000,18.600000,18.680000,18.680000,1594000
2010-01-22,18.660000,18.709999,17.320000,17.430000,17.430000,2475900
2010-01-25,17.950001,18.320000,17.540001,17.809999,17.809999,1135400
2010-01-26,17.660000,18.200001,17.250000,17.900000,17.900000,1335500
2010-01-27,17.760000,17.900000,17.320000,17.780001,17.780001,851800
2010-01-28,18.000000,18.200001,17.270000,17.480000,17.480000,1673500
2010-01-29,17.900000,18.100000,16.690001,16.740000,16.740000,1400500
2010-02-01,16.830000,18.040001,16.830000,17.860001,17.860001,1387200
2010-02-02,17.920000,18.250000,17.610001,18.170000,18.170000,1214000
2010-02-03,17.940001,18.059999,17.450001,17.500000,17.500000,688300
2010-02-04,17.410000,17.410000,16.770000,16.889999,16.889999,1225500
2010-02-05,16.840000,17.000000,15.150000,16.230000,16.230000,2081700
2010-02-08,16.120001,16.580000,15.860000,16.230000,16.230000,670700
2010-02-09,16.469999,16.900000,16.250000,16.549999,16.549999,722800
2010-02-10,16.420000,16.500000,15.960000,16.459999,16.459999,641000
2010-02-11,16.459999,16.639999,16.049999,16.580000,16.580000,479100
2010-02-12,16.360001,16.570000,16.150000,16.570000,16.570000,439600
2010-02-16,16.780001,17.629999,16.730000,17.610001,17.610001,829100
2010-02-17,17.690001,17.910000,17.490000,17.610001,17.610001,567600
2010-02-18,17.520000,17.690001,17.270000,17.629999,17.629999,427000
2010-02-19,17.650000,17.840000,17.330000,17.580000,17.580000,722600
2010-02-22,17.610001,17.610001,17.139999,17.200001,17.200001,577200
2010-02-23,17.180000,17.250000,16.680000,17.000000,17.000000,547700
2010-02-24,17.580000,17.580000,16.809999,17.260000,17.260000,380200
2010-02-25,16.950001,18.190001,16.690001,17.969999,17.969999,2273100
2010-02-26,18.139999,18.389999,17.590000,18.059999,18.059999,1006800
2010-03-01,18.040001,18.629999,18.010000,18.450001,18.450001,721600
2010-03-02,18.600000,18.990000,18.510000,18.719999,18.719999,991500
2010-03-03,18.850000,18.990000,18.450001,18.490000,18.490000,612100
2010-03-04,18.480000,18.920000,18.320000,18.780001,18.780001,561300
2010-03-05,18.990000,19.610001,18.860001,19.330000,19.330000,1102800
2010-03-08,19.510000,20.490000,19.410000,19.629999,19.629999,1778900
2010-03-09,19.740000,20.090000,18.629999,18.980000,18.980000,2117100
2010-03-10,19.250000,19.459999,19.010000,19.320000,19.320000,1167500
2010-03-11,19.639999,22.889999,19.450001,22.379999,22.379999,8627900
2010-03-12,22.700001,22.700001,21.200001,21.830000,21.830000,3884800
2010-03-15,21.490000,22.240000,21.480000,21.799999,21.799999,1564400
2010-03-16,22.219999,23.200001,21.000000,21.049999,21.049999,3826500
2010-03-17,21.389999,21.450001,20.600000,21.020000,21.020000,2205200
2010-03-18,20.950001,22.100000,20.910000,21.780001,21.780001,2152400
2010-03-19,20.430000,21.590000,20.049999,20.430000,20.430000,2260000
2010-03-22,20.040001,21.010000,19.559999,20.760000,20.760000,1474000
2010-03-23,20.750000,21.750000,20.660000,21.620001,21.620001,1558900
2010-03-24,21.240000,22.080000,21.240000,21.549999,21.549999,904000
2010-03-25,21.950001,22.209999,21.170000,21.200001,21.200001,1496200
2010-03-26,21.900000,21.900000,21.000000,21.260000,21.260000,646700
2010-03-29,21.740000,21.990000,21.299999,21.850000,21.850000,737000
2010-03-30,21.990000,21.990000,21.100000,21.260000,21.260000,924900
2010-03-31,21.750000,23.700001,21.500000,22.780001,22.780001,3898200
2010-04-01,23.200001,23.250000,22.450001,22.820000,22.820000,1409500
2010-04-05,23.110001,23.650000,22.850000,23.469999,23.469999,1036500
2010-04-06,22.799999,23.040001,22.350000,22.660000,22.660000,1870800
2010-04-07,22.670000,22.670000,21.700001,21.870001,21.870001,1964400
2010-04-08,21.590000,21.850000,21.049999,21.639999,21.639999,1445400
2010-04-09,21.740000,21.850000,21.290001,21.459999,21.459999,817000
2010-04-12,19.559999,20.809999,19.410000,19.820000,19.820000,5097200
2010-04-13,19.850000,20.580000,19.799999,20.490000,20.490000,1988100
2010-04-14,20.629999,21.000000,20.520000,20.770000,20.770000,1459300
2010-04-15,20.639999,20.650000,20.030001,20.160000,20.160000,1051700
2010-04-16,20.010000,20.100000,19.090000,19.590000,19.590000,1350900
2010-04-19,19.250000,19.580000,18.500000,18.940001,18.940001,1458200
2010-04-20,19.000000,19.520000,18.940001,19.520000,19.520000,856200
2010-04-21,19.600000,19.889999,19.209999,19.469999,19.469999,728200
2010-04-22,19.620001,20.549999,19.100000,20.540001,20.540001,2001300
2010-04-23,20.670000,21.870001,20.450001,21.580000,21.580000,2353200
2010-04-26,21.590000,21.600000,19.180000,19.629999,19.629999,3941100
2010-04-27,19.580000,19.600000,17.990000,18.129999,18.129999,2630200
2010-04-28,18.500000,18.870001,17.780001,18.610001,18.610001,1765500
2010-04-29,18.799999,18.900000,18.430000,18.629999,18.629999,889700
2010-04-30,19.040001,19.090000,17.350000,17.620001,17.620001,2164500
2010-05-03,17.969999,19.209999,17.959999,18.889999,18.889999,2309600
2010-05-04,18.500000,18.530001,17.670000,17.850000,17.850000,2013600
2010-05-05,17.370001,17.879999,16.309999,17.139999,17.139999,2216600
2010-05-06,17.150000,17.469999,14.960000,16.160000,16.160000,2122400
2010-05-07,15.370000,16.150000,13.650000,14.070000,14.070000,6378100
2010-05-10,15.430000,15.710000,14.860000,15.540000,15.540000,2826400
2010-05-11,15.290000,16.650000,15.120000,16.080000,16.080000,2118100
2010-05-12,16.879999,16.900000,16.400000,16.820000,16.820000,2670100
2010-05-13,17.860001,18.500000,17.360001,17.400000,17.400000,4826700
2010-05-14,17.049999,17.280001,16.350000,16.750000,16.750000,2218600
2010-05-17,16.969999,17.160000,15.390000,15.950000,15.950000,2309100
2010-05-18,16.290001,16.440001,15.480000,15.610000,15.610000,1596400
2010-05-19,15.320000,15.500000,14.410000,15.200000,15.200000,2006400
2010-05-20,14.400000,15.170000,14.050000,14.510000,14.510000,2033200
2010-05-21,14.000000,14.980000,13.680000,14.400000,14.400000,2485700
2010-05-24,14.490000,14.940000,14.400000,14.420000,14.420000,954400
2010-05-25,14.000000,14.650000,13.480000,14.420000,14.420000,1764600
2010-05-26,15.070000,15.140000,14.450000,14.590000,14.590000,1294100
2010-05-27,15.010000,15.250000,14.790000,15.020000,15.020000,1140600
2010-05-28,15.040000,15.490000,14.760000,14.920000,14.920000,992900
2010-06-01,14.750000,14.850000,13.880000,13.880000,13.880000,1274900
2010-06-02,13.980000,15.740000,13.920000,15.640000,15.640000,3231200
2010-06-03,15.910000,16.650000,15.120000,16.570000,16.570000,3115800
2010-06-04,15.980000,17.400000,15.870000,16.760000,16.760000,4535500
2010-06-07,16.690001,16.690001,15.420000,15.530000,15.530000,2518400
2010-06-08,15.670000,16.000000,15.030000,15.950000,15.950000,2046000
2010-06-09,16.200001,16.430000,15.600000,15.810000,15.810000,1191700
2010-06-10,16.230000,16.570000,15.990000,16.440001,16.440001,1340300
2010-06-11,16.129999,16.889999,15.970000,16.850000,16.850000,1004200
2010-06-14,17.120001,17.510000,16.920000,16.990000,16.990000,2034700
2010-06-15,17.389999,18.350000,17.000000,18.180000,18.180000,2563600
2010-06-16,18.070000,18.150000,17.400000,17.530001,17.530001,2092600
2010-06-17,17.590000,17.780001,16.930000,17.290001,17.290001,1546800
2010-06-18,17.370001,17.400000,17.000000,17.150000,17.150000,1011800
2010-06-21,17.410000,17.700001,16.549999,16.700001,16.700001,1061000
2010-06-22,16.719999,17.049999,16.200001,16.440001,16.440001,767200
2010-06-23,16.330000,16.340000,15.700000,16.170000,16.170000,1229700
2010-06-24,16.000000,16.090000,15.300000,15.370000,15.370000,994100
2010-06-25,15.400000,15.970000,15.050000,15.970000,15.970000,1440300
2010-06-28,16.040001,16.620001,16.040001,16.070000,16.070000,1595100
2010-06-29,15.580000,15.580000,14.870000,14.990000,14.990000,1172200
2010-06-30,15.120000,15.760000,14.800000,14.940000,14.940000,853800
2010-07-01,15.000000,15.140000,14.000000,14.470000,14.470000,1886700
2010-07-02,14.650000,15.060000,14.290000,14.470000,14.470000,692100
2010-07-06,14.650000,15.000000,14.200000,14.440000,14.440000,1502800
2010-07-07,14.430000,14.650000,13.950000,14.600000,14.600000,1719100
2010-07-08,14.880000,15.340000,14.410000,14.730000,14.730000,1032800
2010-07-09,14.670000,15.580000,14.560000,15.500000,15.500000,1089300
2010-07-12,15.460000,15.730000,14.900000,15.130000,15.130000,895900
2010-07-13,15.450000,15.450000,15.150000,15.350000,15.350000,754400
2010-07-14,15.330000,15.580000,15.050000,15.300000,15.300000,829100
2010-07-15,16.020000,16.980000,15.910000,16.320000,16.320000,3707800
2010-07-16,16.330000,16.330000,15.700000,15.830000,15.830000,1133400
2010-07-19,15.970000,15.970000,15.200000,15.590000,15.590000,733700
2010-07-20,15.220000,16.059999,15.200000,16.010000,16.010000,899400
2010-07-21,16.100000,16.150000,15.520000,15.680000,15.680000,684000
2010-07-22,15.960000,17.370001,15.550000,16.559999,16.559999,3029900
2010-07-23,16.540001,17.559999,16.410000,17.510000,17.510000,2246100
2010-07-26,17.750000,18.639999,17.250000,18.350000,18.350000,3117900
2010-07-27,18.480000,18.549999,17.500000,17.629999,17.629999,1592400
2010-07-28,17.610001,17.920000,16.959999,17.200001,17.200001,1532800
2010-07-29,18.330000,19.360001,17.820000,18.700001,18.700001,5387600
2010-07-30,18.250000,19.190001,17.820000,18.879999,18.879999,2581500
2010-08-02,19.190001,19.190001,17.620001,17.750000,17.750000,3182500
2010-08-03,17.340000,17.639999,16.860001,16.990000,16.990000,2551100
2010-08-04,16.670000,17.389999,16.650000,17.230000,17.230000,1656800
2010-08-05,17.059999,17.260000,16.719999,16.870001,16.870001,1215600
2010-08-06,16.590000,16.969999,16.400000,16.840000,16.840000,1265400
2010-08-09,17.080000,17.209999,16.889999,17.110001,17.110001,1079900
2010-08-10,16.879999,16.879999,16.139999,16.700001,16.700001,1934400
2010-08-11,16.230000,16.350000,15.500000,15.890000,15.890000,1790700
2010-08-12,15.510000,16.120001,15.420000,15.720000,15.720000,1329800
2010-08-13,15.510000,15.760000,15.220000,15.300000,15.300000,978400
2010-08-16,15.150000,15.510000,15.110000,15.380000,15.380000,797500
2010-08-17,15.660000,16.020000,15.470000,15.710000,15.710000,1062200
2010-08-18,15.800000,15.990000,15.450000,15.690000,15.690000,581900
2010-08-19,15.650000,15.720000,15.300000,15.450000,15.450000,792600
2010-08-20,15.430000,15.430000,14.760000,15.290000,15.290000,1071400
2010-08-23,15.350000,15.390000,14.550000,14.630000,14.630000,1102500
2010-08-24,14.270000,14.540000,14.010000,14.440000,14.440000,1279200
2010-08-25,14.220000,14.460000,14.000000,14.400000,14.400000,1240300
2010-08-26,14.530000,14.940000,14.520000,14.690000,14.690000,934900
2010-08-27,14.800000,14.960000,14.400000,14.950000,14.950000,913200
2010-08-30,14.900000,15.100000,14.690000,14.730000,14.730000,708200
2010-08-31,14.670000,14.850000,14.270000,14.450000,14.450000,802000
2010-09-01,14.780000,15.150000,14.700000,15.010000,15.010000,768700
2010-09-02,15.010000,15.480000,14.820000,15.240000,15.240000,527900
2010-09-03,15.580000,15.700000,15.150000,15.480000,15.480000,854100
2010-09-07,15.350000,15.410000,15.070000,15.200000,15.200000,564800
2010-09-08,15.200000,15.200000,14.620000,14.750000,14.750000,1002200
2010-09-09,14.930000,15.000000,14.490000,14.550000,14.550000,610400
2010-09-10,14.560000,14.800000,14.480000,14.700000,14.700000,773100
2010-09-13,14.860000,14.960000,14.700000,14.750000,14.750000,958200
2010-09-14,14.620000,14.740000,14.500000,14.550000,14.550000,786000
2010-09-15,14.460000,14.510000,14.190000,14.450000,14.450000,786400
2010-09-16,14.350000,14.460000,14.250000,14.370000,14.370000,501400
2010-09-17,14.550000,15.140000,14.470000,14.810000,14.810000,1435600
2010-09-20,14.930000,15.100000,14.500000,15.020000,15.020000,1047200
2010-09-21,15.050000,15.480000,14.900000,15.100000,15.100000,1040000
2010-09-22,15.000000,16.180000,14.860000,14.900000,14.900000,2143200
2010-09-23,14.950000,15.850000,14.810000,15.350000,15.350000,1862800
2010-09-24,15.560000,15.700000,15.100000,15.240000,15.240000,913900
2010-09-27,15.190000,15.260000,14.530000,14.570000,14.570000,1304900
2010-09-28,14.580000,14.600000,14.250000,14.490000,14.490000,1147700
2010-09-29,14.480000,14.940000,14.400000,14.730000,14.730000,934900
2010-09-30,14.810000,14.890000,14.140000,14.210000,14.210000,1271700
2010-10-01,14.290000,14.380000,13.970000,14.180000,14.180000,977700
2010-10-04,14.050000,14.050000,13.140000,13.260000,13.260000,2263900
2010-10-05,13.750000,13.990000,13.400000,13.910000,13.910000,1625000
2010-10-06,13.990000,14.270000,13.730000,13.780000,13.780000,1019900
2010-10-07,13.860000,14.000000,13.680000,13.800000,13.800000,508100
2010-10-08,13.800000,14.130000,13.760000,14.000000,14.000000,704800
2010-10-11,14.040000,14.380000,14.040000,14.050000,14.050000,583400
2010-10-12,14.000000,14.150000,13.690000,13.920000,13.920000,875700
2010-10-13,14.180000,14.470000,13.970000,14.300000,14.300000,943200
2010-10-14,14.280000,14.870000,14.230000,14.420000,14.420000,903300
2010-10-15,14.640000,15.150000,14.390000,14.790000,14.790000,1725500
2010-10-18,14.770000,14.890000,14.350000,14.540000,14.540000,624000
2010-10-19,14.340000,14.840000,14.190000,14.490000,14.490000,911800
2010-10-20,14.540000,14.540000,14.200000,14.230000,14.230000,689100
2010-10-21,14.200000,14.250000,13.480000,13.860000,13.860000,1449300
2010-10-22,13.860000,13.860000,13.550000,13.690000,13.690000,779400
2010-10-25,13.770000,14.230000,13.770000,14.030000,14.030000,751400
2010-10-26,14.000000,14.680000,13.920000,14.520000,14.520000,892100
2010-10-27,14.500000,14.940000,14.500000,14.760000,14.760000,1010400
2010-10-28,14.800000,14.860000,14.230000,14.330000,14.330000,640100
2010-10-29,14.360000,14.620000,14.230000,14.520000,14.520000,611900
2010-11-01,14.590000,14.840000,14.100000,14.160000,14.160000,676000
2010-11-02,14.280000,14.560000,14.150000,14.480000,14.480000,595100
2010-11-03,14.500000,15.400000,14.400000,15.260000,15.260000,2303700
2010-11-04,15.500000,15.800000,15.400000,15.700000,15.700000,1491900
2010-11-05,15.730000,15.740000,15.080000,15.350000,15.350000,859600
2010-11-08,15.470000,15.530000,15.200000,15.490000,15.490000,765800
2010-11-09,15.300000,15.590000,13.450000,14.600000,14.600000,3088000
2010-11-10,14.570000,14.600000,14.150000,14.490000,14.490000,1209200
2010-11-11,13.750000,14.730000,13.750000,14.620000,14.620000,3139200
2010-11-12,14.450000,14.550000,14.150000,14.210000,14.210000,1288600
2010-11-15,14.280000,14.530000,14.160000,14.170000,14.170000,1417800
2010-11-16,14.250000,14.300000,13.760000,13.830000,13.830000,1488400
2010-11-17,13.960000,14.260000,13.810000,13.980000,13.980000,2330100
2010-11-18,13.970000,14.210000,13.850000,14.020000,14.020000,1491300
2010-11-19,14.020000,14.120000,13.920000,14.070000,14.070000,700100
2010-11-22,13.910000,14.080000,13.800000,14.010000,14.010000,936500
2010-11-23,13.850000,14.030000,13.500000,13.530000,13.530000,1367300
2010-11-24,13.690000,13.740000,13.540000,13.590000,13.590000,1277800
2010-11-26,13.510000,13.880000,13.500000,13.670000,13.670000,342400
2010-11-29,13.600000,13.850000,13.370000,13.810000,13.810000,737900
2010-11-30,13.600000,13.670000,13.350000,13.380000,13.380000,851400
2010-12-01,13.550000,13.830000,13.440000,13.490000,13.490000,739200
2010-12-02,13.540000,13.900000,13.540000,13.860000,13.860000,823900
2010-12-03,13.800000,13.870000,13.510000,13.770000,13.770000,613500
2010-12-06,13.820000,14.050000,13.650000,13.980000,13.980000,772000
2010-12-07,14.060000,14.140000,13.810000,13.840000,13.840000,722800
2010-12-08,13.840000,13.890000,13.410000,13.500000,13.500000,987400
2010-12-09,13.570000,13.650000,13.410000,13.540000,13.540000,592500
2010-12-10,13.600000,14.430000,13.550000,14.290000,14.290000,1842200
2010-12-13,14.420000,14.550000,14.110000,14.260000,14.260000,1132700
2010-12-14,14.260000,14.400000,14.030000,14.060000,14.060000,686500
2010-12-15,14.090000,14.150000,13.680000,13.710000,13.710000,821500
2010-12-16,13.740000,14.000000,13.520000,13.790000,13.790000,1029400
2010-12-17,13.770000,14.580000,13.620000,14.560000,14.560000,2332700
2010-12-20,14.610000,14.820000,14.270000,14.510000,14.510000,1316100
2010-12-21,14.540000,14.700000,14.350000,14.510000,14.510000,726300
2010-12-22,14.500000,14.690000,14.300000,14.540000,14.540000,777900
2010-12-23,14.530000,14.690000,14.400000,14.460000,14.460000,365300
2010-12-27,14.400000,14.500000,14.330000,14.410000,14.410000,409200
2010-12-28,14.400000,14.410000,14.040000,14.140000,14.140000,685900
2010-12-29,14.160000,14.170000,13.860000,14.020000,14.020000,698300
2010-12-30,13.950000,14.130000,13.920000,14.010000,14.010000,515800
2010-12-31,13.970000,13.990000,13.810000,13.840000,13.840000,549400
2011-01-03,13.910000,14.300000,13.850000,14.220000,14.220000,959500
2011-01-04,14.250000,14.280000,13.750000,13.800000,13.800000,789900
2011-01-05,13.740000,14.200000,13.700000,14.090000,14.090000,827900
2011-01-06,14.080000,14.250000,14.000000,14.110000,14.110000,807900
2011-01-07,14.110000,14.190000,13.850000,13.940000,13.940000,653700
2011-01-10,13.900000,13.990000,13.760000,13.930000,13.930000,595800
2011-01-11,13.970000,13.990000,13.780000,13.890000,13.890000,664000
2011-01-12,14.000000,14.070000,13.830000,14.050000,14.050000,716000
2011-01-13,14.020000,14.280000,14.010000,14.140000,14.140000,757000
2011-01-14,14.140000,14.140000,13.920000,14.090000,14.090000,500400
2011-01-18,14.090000,14.150000,13.950000,14.010000,14.010000,603500
2011-01-19,13.970000,13.980000,13.460000,13.470000,13.470000,1218300
2011-01-20,13.500000,13.500000,13.150000,13.220000,13.220000,1200200
2011-01-21,13.300000,13.380000,12.810000,12.980000,12.980000,1331800
2011-01-24,13.000000,13.500000,12.660000,13.270000,13.270000,1208200
2011-01-25,13.160000,13.560000,12.890000,13.370000,13.370000,1817500
2011-01-26,13.320000,13.320000,12.710000,12.850000,12.850000,1554500
2011-01-27,12.870000,12.950000,12.550000,12.560000,12.560000,968500
2011-01-28,12.510000,12.530000,11.870000,11.970000,11.970000,2052100
2011-01-31,12.040000,12.100000,11.750000,11.870000,11.870000,1576800
2011-02-01,11.990000,12.230000,11.860000,11.980000,11.980000,1609900
2011-02-02,12.000000,12.030000,11.750000,11.750000,11.750000,889800
2011-02-03,11.780000,12.330000,11.760000,12.310000,12.310000,1371500
2011-02-04,12.280000,12.300000,11.970000,12.080000,12.080000,718900
2011-02-07,12.130000,12.660000,12.130000,12.620000,12.620000,1344300
2011-02-08,12.690000,12.690000,12.520000,12.650000,12.650000,935300
2011-02-09,12.600000,12.670000,11.910000,12.120000,12.120000,1291500
2011-02-10,11.960000,12.300000,11.870000,12.090000,12.090000,837000
2011-02-11,12.080000,12.290000,12.000000,12.170000,12.170000,683400
2011-02-14,12.190000,12.420000,12.110000,12.170000,12.170000,890900
2011-02-15,12.220000,12.370000,12.070000,12.210000,12.210000,732700
2011-02-16,12.310000,12.310000,12.110000,12.220000,12.220000,419900
2011-02-17,12.180000,12.250000,12.100000,12.170000,12.170000,370200
2011-02-18,12.140000,12.170000,11.950000,11.960000,11.960000,650600
2011-02-22,12.070000,13.490000,11.960000,13.170000,13.170000,4009800
2011-02-23,13.440000,13.970000,13.310000,13.770000,13.770000,3169400
2011-02-24,14.340000,15.080000,14.140000,14.500000,14.500000,3991400
2011-02-25,14.690000,14.700000,13.850000,14.420000,14.420000,2085700
2011-02-28,14.460000,14.490000,13.850000,14.040000,14.040000,1233000
2011-03-01,14.040000,14.120000,13.350000,13.410000,13.410000,1382000
2011-03-02,13.360000,14.380000,13.240000,13.740000,13.740000,2024300
2011-03-03,14.080000,14.150000,13.760000,13.910000,13.910000,1444400
2011-03-04,13.900000,14.000000,13.500000,13.650000,13.650000,892600
2011-03-07,13.720000,13.850000,13.180000,13.350000,13.350000,1038100
2011-03-08,13.350000,13.530000,13.050000,13.250000,13.250000,1046300
2011-03-09,13.250000,13.550000,13.110000,13.360000,13.360000,710600
2011-03-10,13.170000,13.210000,12.540000,13.000000,13.000000,1998000
2011-03-11,13.570000,14.850000,13.420000,14.430000,14.430000,6010600
2011-03-14,14.460000,14.650000,13.400000,13.700000,13.700000,4054500
2011-03-15,13.200000,13.660000,12.840000,13.320000,13.320000,2218400
2011-03-16,13.350000,13.500000,12.890000,13.040000,13.040000,2176600
2011-03-17,13.230000,13.230000,12.790000,12.890000,12.890000,1823200
2011-03-18,13.150000,13.480000,13.000000,13.090000,13.090000,4708700
2011-03-21,13.280000,13.490000,13.200000,13.400000,13.400000,1331100
2011-03-22,13.200000,13.680000,13.200000,13.500000,13.500000,1311200
2011-03-23,13.750000,14.450000,13.530000,14.220000,14.220000,2715100
2011-03-24,14.350000,14.400000,13.900000,14.070000,14.070000,1561300
2011-03-25,14.080000,14.200000,13.850000,14.050000,14.050000,969200
2011-03-28,14.060000,14.880000,13.950000,14.500000,14.500000,1850400
2011-03-29,14.530000,15.130000,14.100000,14.930000,14.930000,2676300
2011-03-30,15.650000,16.900000,15.580000,16.400000,16.400000,8964000
2011-03-31,16.950001,16.950001,15.710000,16.379999,16.379999,5397100
2011-04-01,16.799999,16.799999,16.250000,16.320000,16.320000,3240100
2011-04-04,16.620001,17.639999,16.500000,17.410000,17.410000,5327000
2011-04-05,17.440001,17.840000,16.830000,16.980000,16.980000,5039600
2011-04-06,17.120001,17.850000,17.000000,17.280001,17.280001,3340300
2011-04-07,17.610001,17.820000,17.240000,17.260000,17.260000,2201100
2011-04-08,17.490000,17.719999,17.040001,17.370001,17.370001,2124000
2011-04-11,17.590000,17.600000,16.020000,16.129999,16.129999,2747100
2011-04-12,15.620000,16.110001,15.300000,15.980000,15.980000,3061100
2011-04-13,16.799999,16.840000,16.240000,16.559999,16.559999,2023100
2011-04-14,16.430000,16.680000,16.110001,16.450001,16.450001,977600
2011-04-15,16.370001,16.900000,16.250000,16.760000,16.760000,1193000
2011-04-18,16.440001,16.590000,16.000000,16.290001,16.290001,1551700
2011-04-19,16.290001,16.400000,16.040001,16.139999,16.139999,1087600
2011-04-20,16.400000,16.730000,16.250000,16.510000,16.510000,1170500
2011-04-21,16.559999,16.650000,16.080000,16.330000,16.330000,933900
2011-04-25,16.200001,16.400000,16.049999,16.299999,16.299999,835300
2011-04-26,16.290001,16.690001,16.280001,16.410000,16.410000,1296700
2011-04-27,16.670000,17.299999,16.549999,17.100000,17.100000,2162500
2011-04-28,17.110001,17.540001,16.980000,17.049999,17.049999,1500000
2011-04-29,17.270000,17.270000,16.860001,17.040001,17.040001,735000
2011-05-02,17.010000,17.209999,16.520000,16.629999,16.629999,1085100
2011-05-03,16.580000,16.780001,16.020000,16.170000,16.170000,1567600
2011-05-04,16.110001,16.200001,15.520000,15.610000,15.610000,1482900
2011-05-05,15.580000,15.700000,14.800000,15.180000,15.180000,2279500
2011-05-06,15.400000,16.049999,15.360000,15.390000,15.390000,1711400
2011-05-09,15.680000,15.770000,15.270000,15.650000,15.650000,1342200
2011-05-10,15.390000,15.580000,14.550000,15.110000,15.110000,3268900
2011-05-11,15.060000,15.360000,14.560000,14.650000,14.650000,2264700
2011-05-12,14.500000,14.750000,13.940000,14.300000,14.300000,2385600
2011-05-13,14.290000,14.650000,14.140000,14.220000,14.220000,1218600
2011-05-16,14.060000,14.420000,13.810000,13.870000,13.870000,1178200
2011-05-17,13.520000,13.550000,13.100000,13.290000,13.290000,2641900
2011-05-18,13.370000,13.730000,13.270000,13.670000,13.670000,1430900
2011-05-19,14.160000,14.300000,13.860000,14.060000,14.060000,1513000
2011-05-20,13.900000,14.150000,13.570000,13.680000,13.680000,1696000
2011-05-23,13.300000,13.450000,13.110000,13.160000,13.160000,1800000
2011-05-24,13.300000,13.930000,13.300000,13.780000,13.780000,1400000
2011-05-25,14.250000,14.300000,13.940000,14.000000,14.000000,1903600
2011-05-26,14.220000,14.680000,14.000000,14.670000,14.670000,1427300
2011-05-27,14.700000,14.950000,14.090000,14.280000,14.280000,1479600
2011-05-31,14.570000,14.700000,13.960000,14.300000,14.300000,1977000
2011-06-01,14.110000,14.280000,13.660000,13.840000,13.840000,1827600
2011-06-02,13.830000,14.390000,13.800000,14.360000,14.360000,1637400
2011-06-03,14.020000,14.500000,13.940000,14.240000,14.240000,1247600
2011-06-06,14.190000,14.350000,13.560000,13.630000,13.630000,1243200
2011-06-07,13.750000,14.190000,13.320000,13.370000,13.370000,1142300
2011-06-08,13.120000,13.350000,12.830000,12.910000,12.910000,1838400
2011-06-09,12.980000,13.170000,12.860000,13.020000,13.020000,775100
2011-06-10,13.020000,13.160000,12.900000,13.000000,13.000000,828900
2011-06-13,13.010000,13.120000,12.320000,12.670000,12.670000,1344400
2011-06-14,12.740000,13.260000,12.730000,13.040000,13.040000,1027500
2011-06-15,12.860000,13.070000,12.650000,12.810000,12.810000,831900
2011-06-16,12.760000,13.090000,12.500000,12.670000,12.670000,881800
2011-06-17,12.850000,12.970000,12.340000,12.470000,12.470000,1295100
2011-06-20,12.350000,12.720000,12.320000,12.520000,12.520000,563700
2011-06-21,12.570000,12.910000,12.520000,12.830000,12.830000,1162400
2011-06-22,12.680000,12.850000,12.540000,12.580000,12.580000,766800
2011-06-23,12.480000,12.830000,12.130000,12.690000,12.690000,1046100
2011-06-24,12.680000,12.750000,12.390000,12.540000,12.540000,950900
2011-06-27,12.450000,12.490000,12.280000,12.400000,12.400000,729700
2011-06-28,12.810000,13.360000,12.660000,13.270000,13.270000,1641700
2011-06-29,13.300000,13.400000,12.960000,13.290000,13.290000,816500
2011-06-30,13.270000,13.300000,13.050000,13.150000,13.150000,777100
2011-07-01,13.090000,13.300000,12.750000,13.270000,13.270000,860700
2011-07-05,13.300000,13.780000,13.300000,13.480000,13.480000,841400
2011-07-06,13.420000,13.500000,12.840000,13.060000,13.060000,829600
2011-07-07,13.140000,13.490000,13.130000,13.360000,13.360000,737300
2011-07-08,13.020000,13.340000,13.000000,13.290000,13.290000,544900
2011-07-11,13.100000,13.340000,12.990000,13.120000,13.120000,784300
2011-07-12,14.700000,15.450000,14.580000,15.080000,15.080000,7306900
2011-07-13,16.580000,17.209999,16.250000,17.010000,17.010000,9081600
2011-07-14,16.750000,17.170000,15.260000,15.340000,15.340000,5829300
2011-07-15,15.890000,16.030001,15.620000,16.000000,16.000000,2616700
2011-07-18,15.770000,16.070000,15.500000,15.590000,15.590000,1712600
2011-07-19,15.850000,16.139999,15.710000,16.000000,16.000000,2051400
2011-07-20,16.250000,16.250000,15.600000,15.990000,15.990000,1300400
2011-07-21,15.960000,16.129999,15.720000,15.900000,15.900000,1057600
2011-07-22,15.870000,15.990000,15.660000,15.910000,15.910000,800900
2011-07-25,15.640000,16.049999,15.430000,15.870000,15.870000,1298000
2011-07-26,16.139999,16.680000,15.910000,16.330000,16.330000,2056700
2011-07-27,16.280001,16.299999,15.770000,15.980000,15.980000,1701700
2011-07-28,15.870000,16.590000,15.870000,15.990000,15.990000,1927000
2011-07-29,15.680000,16.139999,15.430000,16.010000,16.010000,1301600
2011-08-01,16.370001,16.500000,15.840000,16.070000,16.070000,1093800
2011-08-02,15.920000,16.240000,15.430000,15.460000,15.460000,1507200
2011-08-03,15.590000,15.730000,14.570000,15.210000,15.210000,1905300
2011-08-04,14.960000,14.960000,13.760000,13.760000,13.760000,2388900
2011-08-05,13.970000,14.230000,13.400000,14.030000,14.030000,2964400
2011-08-08,13.010000,13.220000,12.000000,12.640000,12.640000,2974200
2011-08-09,12.000000,12.320000,11.160000,12.140000,12.140000,4147000
2011-08-10,12.000000,12.400000,11.700000,11.710000,11.710000,2224600
2011-08-11,11.870000,12.530000,11.600000,12.310000,12.310000,2436800
2011-08-12,12.630000,12.700000,12.320000,12.450000,12.450000,1439800
2011-08-15,12.910000,13.160000,12.700000,12.870000,12.870000,1825900
2011-08-16,12.700000,12.700000,12.210000,12.450000,12.450000,1240900
2011-08-17,12.470000,12.760000,12.300000,12.580000,12.580000,874300
2011-08-18,12.150000,12.200000,11.500000,11.710000,11.710000,1699400
2011-08-19,11.460000,12.200000,11.390000,11.910000,11.910000,1398100
2011-08-22,12.380000,12.390000,11.750000,11.760000,11.760000,1579200
2011-08-23,11.890000,12.470000,11.600000,12.400000,12.400000,1154800
2011-08-24,12.420000,12.880000,12.190000,12.830000,12.830000,1135300
2011-08-25,13.560000,14.000000,13.080000,13.230000,13.230000,2268500
2011-08-26,13.250000,13.770000,12.860000,13.640000,13.640000,1840300
2011-08-29,13.890000,14.210000,13.810000,14.190000,14.190000,1172400
2011-08-30,14.150000,14.250000,13.610000,13.640000,13.640000,1739200
2011-08-31,13.730000,13.800000,12.960000,13.150000,13.150000,1883400
2011-09-01,13.110000,13.220000,12.730000,12.780000,12.780000,1593800
2011-09-02,12.500000,12.750000,12.280000,12.420000,12.420000,1283500
2011-09-06,11.900000,12.260000,11.860000,12.180000,12.180000,1416900
2011-09-07,12.490000,13.940000,12.490000,13.900000,13.900000,3229500
2011-09-08,13.730000,14.470000,13.600000,14.410000,14.410000,2659100
2011-09-09,13.880000,13.890000,12.990000,13.290000,13.290000,1983900
2011-09-12,12.940000,13.490000,12.780000,13.090000,13.090000,1225500
2011-09-13,13.110000,13.800000,13.010000,13.330000,13.330000,1412000
2011-09-14,13.520000,13.680000,12.900000,13.430000,13.430000,1375300
2011-09-15,13.510000,13.720000,13.220000,13.290000,13.290000,1244200
2011-09-16,13.370000,13.530000,12.900000,13.170000,13.170000,1611500
2011-09-19,12.690000,12.970000,12.600000,12.740000,12.740000,1004700
2011-09-20,12.790000,13.160000,12.350000,12.360000,12.360000,1028500
2011-09-21,12.330000,12.610000,11.950000,11.960000,11.960000,1039500
2011-09-22,11.500000,11.800000,10.750000,11.080000,11.080000,1805100
2011-09-23,11.310000,11.540000,11.100000,11.460000,11.460000,1036000
2011-09-26,11.590000,11.980000,10.980000,11.980000,11.980000,1056900
2011-09-27,12.620000,12.680000,12.200000,12.380000,12.380000,1058200
2011-09-28,12.420000,12.490000,11.730000,11.740000,11.740000,1101200
2011-09-29,12.110000,12.230000,11.100000,11.470000,11.470000,1044800
2011-09-30,11.240000,11.500000,11.050000,11.120000,11.120000,819200
2011-10-03,11.010000,11.110000,10.000000,10.010000,10.010000,2028200
2011-10-04,9.850000,9.920000,9.020000,9.870000,9.870000,2065400
2011-10-05,9.950000,10.370000,9.830000,10.300000,10.300000,960600
2011-10-06,10.350000,10.580000,9.960000,10.420000,10.420000,824300
2011-10-07,10.550000,10.700000,10.050000,10.190000,10.190000,770200
2011-10-10,10.300000,11.090000,10.270000,11.020000,11.020000,1122800
2011-10-11,10.880000,11.230000,10.700000,11.090000,11.090000,539600
2011-10-12,11.250000,11.370000,11.070000,11.190000,11.190000,624800
2011-10-13,11.080000,11.380000,10.700000,11.320000,11.320000,577600
2011-10-14,11.460000,11.790000,11.350000,11.770000,11.770000,667700
2011-10-17,11.760000,11.890000,11.130000,11.180000,11.180000,857800
2011-10-18,11.280000,11.500000,10.770000,11.350000,11.350000,953000
2011-10-19,11.300000,11.550000,11.000000,11.230000,11.230000,703400
2011-10-20,11.330000,11.500000,11.020000,11.390000,11.390000,514700
2011-10-21,11.660000,11.800000,11.410000,11.650000,11.650000,535500
2011-10-24,11.610000,12.030000,11.610000,11.960000,11.960000,829800
2011-10-25,11.900000,12.050000,11.250000,11.280000,11.280000,716000
2011-10-26,11.610000,11.730000,11.000000,11.650000,11.650000,893400
2011-10-27,12.170000,12.700000,11.910000,12.620000,12.620000,1444200
2011-10-28,12.320000,12.750000,12.300000,12.680000,12.680000,600400
2011-10-31,12.490000,12.500000,11.800000,11.820000,11.820000,664400
2011-11-01,11.330000,11.550000,11.080000,11.310000,11.310000,800600
2011-11-02,11.550000,11.570000,11.010000,11.510000,11.510000,736100
2011-11-03,11.700000,11.800000,11.310000,11.660000,11.660000,696500
2011-11-04,11.560000,11.710000,11.290000,11.680000,11.680000,577000
2011-11-07,11.700000,11.930000,11.310000,11.480000,11.480000,602000
2011-11-08,11.470000,11.930000,11.300000,11.910000,11.910000,729800
2011-11-09,11.350000,11.800000,11.020000,11.080000,11.080000,1311900
2011-11-10,11.260000,11.470000,11.000000,11.240000,11.240000,836700
2011-11-11,11.400000,11.470000,11.260000,11.360000,11.360000,535900
2011-11-14,11.310000,11.750000,11.240000,11.730000,11.730000,1188700
2011-11-15,11.710000,13.990000,11.600000,13.500000,13.500000,4679400
2011-11-16,13.400000,13.780000,12.900000,13.110000,13.110000,2888100
2011-11-17,13.130000,13.330000,12.610000,12.740000,12.740000,2167500
2011-11-18,12.830000,12.910000,12.460000,12.530000,12.530000,1254900
2011-11-21,12.220000,12.220000,11.750000,11.880000,11.880000,1207300
2011-11-22,11.880000,12.180000,11.800000,11.870000,11.870000,893200
2011-11-23,11.620000,11.770000,11.240000,11.360000,11.360000,1021100
2011-11-25,11.270000,11.450000,11.060000,11.100000,11.100000,460800
2011-11-28,11.560000,12.010000,11.520000,12.000000,12.000000,969000
2011-11-29,11.810000,12.230000,11.750000,12.160000,12.160000,703600
2011-11-30,12.690000,13.100000,12.690000,13.100000,13.100000,1622500
2011-12-01,12.900000,13.180000,12.700000,12.940000,12.940000,701600
2011-12-02,13.140000,13.400000,12.880000,12.940000,12.940000,699600
2011-12-05,13.390000,13.400000,13.020000,13.190000,13.190000,615700
2011-12-06,13.160000,13.230000,12.780000,13.150000,13.150000,697200
2011-12-07,13.010000,13.200000,12.700000,13.040000,13.040000,591200
2011-12-08,12.870000,12.990000,12.350000,12.380000,12.380000,693500
2011-12-09,12.460000,12.800000,12.410000,12.670000,12.670000,546900
2011-12-12,12.460000,12.490000,12.100000,12.440000,12.440000,502600
2011-12-13,12.510000,12.670000,11.810000,11.910000,11.910000,743500
2011-12-14,11.750000,11.900000,11.360000,11.420000,11.420000,894100
2011-12-15,11.640000,11.830000,11.420000,11.560000,11.560000,618600
2011-12-16,11.720000,11.900000,11.600000,11.820000,11.820000,1120700
2011-12-19,11.940000,12.000000,11.380000,11.430000,11.430000,637500
2011-12-20,11.710000,12.500000,11.640000,12.450000,12.450000,1166000
2011-12-21,12.580000,12.660000,12.140000,12.500000,12.500000,684200
2011-12-22,12.600000,12.840000,12.540000,12.780000,12.780000,602600
2011-12-23,12.860000,12.880000,12.560000,12.650000,12.650000,349500
2011-12-27,12.670000,12.950000,12.600000,12.900000,12.900000,627500
2011-12-28,12.850000,12.850000,12.350000,12.390000,12.390000,589600
2011-12-29,12.400000,12.730000,12.280000,12.540000,12.540000,567500
2011-12-30,12.550000,12.640000,12.400000,12.460000,12.460000,512200
2012-01-03,12.810000,13.080000,12.760000,12.950000,12.950000,885000
2012-01-04,12.930000,13.480000,12.810000,13.410000,13.410000,765600
2012-01-05,13.380000,13.650000,13.090000,13.280000,13.280000,665600
2012-01-06,13.350000,13.600000,13.220000,13.250000,13.250000,477800
2012-01-09,13.260000,13.460000,13.100000,13.190000,13.190000,472300
2012-01-10,13.440000,13.500000,13.170000,13.180000,13.180000,413900
2012-01-11,12.960000,13.250000,12.620000,13.060000,13.060000,816200
2012-01-12,13.100000,14.100000,13.060000,13.620000,13.620000,2470200
2012-01-13,13.500000,13.730000,13.290000,13.350000,13.350000,840200
2012-01-17,13.530000,13.870000,13.430000,13.580000,13.580000,1030200
2012-01-18,13.580000,14.270000,13.540000,14.270000,14.270000,1199600
2012-01-19,14.250000,14.370000,13.620000,13.830000,13.830000,1138900
2012-01-20,13.780000,14.090000,13.720000,14.030000,14.030000,686500
2012-01-23,13.980000,14.400000,13.770000,14.300000,14.300000,952700
2012-01-24,14.410000,15.130000,14.350000,14.930000,14.930000,2482700
2012-01-25,15.380000,15.400000,14.680000,15.110000,15.110000,2076600
2012-01-26,14.950000,15.130000,14.250000,14.400000,14.400000,2182700
2012-01-27,14.850000,15.150000,14.700000,15.090000,15.090000,1798500
2012-01-30,14.800000,14.890000,14.520000,14.750000,14.750000,909100
2012-01-31,14.830000,15.060000,14.110000,14.960000,14.960000,1654600
2012-02-01,15.580000,15.870000,15.200000,15.410000,15.410000,3189400
2012-02-02,15.490000,16.040001,15.490000,15.930000,15.930000,1940700
2012-02-03,16.120001,16.120001,15.670000,15.870000,15.870000,1238000
2012-02-06,16.000000,16.080000,15.800000,16.080000,16.080000,908000
2012-02-07,16.160000,16.719999,15.860000,16.450001,16.450001,1525200
2012-02-08,16.680000,16.730000,16.250000,16.410000,16.410000,919500
2012-02-09,16.540001,16.610001,15.800000,16.299999,16.299999,1078600
2012-02-10,16.190001,16.950001,15.830000,16.280001,16.280001,1413100
2012-02-13,16.600000,17.520000,16.549999,17.379999,17.379999,2245500
2012-02-14,17.570000,17.850000,16.600000,16.879999,16.879999,2013000
2012-02-15,16.969999,17.290001,16.350000,16.500000,16.500000,1377900
2012-02-16,16.500000,16.770000,16.309999,16.510000,16.510000,1350400
2012-02-17,16.700001,17.280001,16.600000,17.049999,17.049999,1287700
2012-02-21,17.500000,17.670000,17.030001,17.230000,17.230000,1542000
2012-02-22,17.299999,17.650000,17.209999,17.520000,17.520000,1373800
2012-02-23,17.650000,18.709999,17.049999,18.280001,18.280001,3191500
2012-02-24,18.469999,18.940001,18.299999,18.740000,18.740000,2694300
2012-02-27,18.920000,20.709999,18.570000,20.129999,20.129999,4712300
2012-02-28,20.469999,20.980000,18.570000,19.400000,19.400000,4561800
2012-02-29,19.410000,19.920000,18.709999,18.790001,18.790001,2465600
2012-03-01,19.190001,19.430000,18.299999,19.139999,19.139999,2012200
2012-03-02,19.150000,19.200001,18.650000,18.690001,18.690001,1131400
2012-03-05,19.520000,19.900000,18.750000,19.450001,19.450001,3136500
2012-03-06,19.400000,19.469999,18.740000,19.260000,19.260000,2312100
2012-03-07,20.000000,20.410000,19.510000,20.360001,20.360001,2793800
2012-03-08,20.860001,21.389999,20.600000,20.709999,20.709999,3484400
2012-03-09,21.360001,21.360001,20.420000,20.770000,20.770000,2883700
2012-03-12,21.350000,21.430000,20.440001,20.549999,20.549999,2952200
2012-03-13,19.990000,20.790001,18.650000,19.309999,19.309999,7525100
2012-03-14,19.500000,19.930000,18.920000,19.730000,19.730000,3561400
2012-03-15,19.900000,20.340000,19.719999,19.990000,19.990000,2435500
2012-03-16,20.170000,21.049999,19.700001,21.049999,21.049999,4172300
2012-03-19,21.080000,22.000000,20.900000,21.680000,21.680000,3631000
2012-03-20,21.780001,22.700001,21.150000,22.580000,22.580000,3223900
2012-03-21,23.180000,24.750000,23.000000,23.920000,23.920000,5712900
2012-03-22,23.730000,23.799999,22.299999,23.270000,23.270000,3861300
2012-03-23,23.200001,23.250000,22.340000,22.820000,22.820000,2734800
2012-03-26,22.959999,23.740000,22.950001,23.330000,23.330000,2158800
2012-03-27,23.540001,23.580000,22.750000,23.000000,23.000000,1552700
2012-03-28,22.860001,23.000000,20.830000,21.639999,21.639999,4814500
2012-03-29,20.799999,21.590000,20.600000,21.370001,21.370001,2958400
2012-03-30,21.840000,22.059999,21.230000,21.280001,21.280001,2252500
2012-04-02,21.879999,21.879999,20.660000,20.740000,20.740000,2822900
2012-04-03,20.530001,20.730000,19.910000,20.490000,20.490000,2707700
2012-04-04,20.059999,20.139999,19.430000,19.920000,19.920000,2933500
2012-04-05,19.750000,20.750000,19.700001,20.100000,20.100000,2493400
2012-04-09,19.900000,19.990000,19.440001,19.490000,19.490000,1913800
2012-04-10,19.500000,19.850000,18.450001,18.700001,18.700001,3013500
2012-04-11,19.260000,19.850000,19.070000,19.680000,19.680000,2552900
2012-04-12,19.510000,20.700001,19.400000,20.219999,20.219999,3076000
2012-04-13,20.150000,20.209999,19.660000,19.950001,19.950001,1331900
2012-04-16,20.070000,20.180000,18.719999,18.930000,18.930000,2759100
2012-04-17,19.110001,19.600000,19.000000,19.260000,19.260000,1636500
2012-04-18,19.459999,19.459999,18.959999,18.990000,18.990000,1311100
2012-04-19,19.020000,19.299999,18.799999,19.000000,19.000000,948700
2012-04-20,19.299999,19.410000,18.250000,18.379999,18.379999,1819400
2012-04-23,18.000000,18.000000,17.219999,17.709999,17.709999,2135900
2012-04-24,17.719999,18.100000,17.500000,18.100000,18.100000,1272600
2012-04-25,18.280001,18.549999,17.850000,18.290001,18.290001,1141400
2012-04-26,18.250000,18.370001,17.889999,18.209999,18.209999,1206300
2012-04-27,18.290001,19.549999,18.170000,19.360001,19.360001,1921400
2012-04-30,19.360001,19.549999,18.809999,19.240000,19.240000,1274100
2012-05-01,19.240000,19.690001,18.830000,18.910000,18.910000,1042500
2012-05-02,18.809999,19.020000,18.350000,18.700001,18.700001,995400
2012-05-03,18.610001,18.750000,17.900000,18.020000,18.020000,1087100
2012-05-04,18.219999,18.219999,17.000000,17.209999,17.209999,3105000
2012-05-07,17.070000,18.150000,16.900000,17.940001,17.940001,1456400
2012-05-08,17.200001,17.250000,15.840000,16.709999,16.709999,3072800
2012-05-09,16.290001,16.549999,16.000000,16.350000,16.350000,1455500
2012-05-10,16.480000,16.730000,16.100000,16.410000,16.410000,925000
2012-05-11,16.150000,16.750000,16.049999,16.120001,16.120001,1211800
2012-05-14,16.000000,16.010000,15.350000,15.440000,15.440000,1254500
2012-05-15,15.420000,15.490000,14.440000,14.560000,14.560000,2540100
2012-05-16,14.540000,14.560000,13.800000,14.010000,14.010000,3178200
2012-05-17,13.860000,13.950000,12.900000,13.110000,13.110000,3262100
2012-05-18,13.140000,13.490000,12.530000,12.590000,12.590000,2750400
2012-05-21,12.710000,13.790000,12.600000,13.750000,13.750000,3010000
2012-05-22,13.840000,14.430000,13.560000,13.740000,13.740000,2564600
2012-05-23,13.350000,14.050000,13.130000,14.040000,14.040000,1782700
2012-05-24,14.300000,14.480000,13.550000,13.960000,13.960000,1560500
2012-05-25,13.880000,13.990000,13.320000,13.430000,13.430000,1219900
2012-05-29,13.640000,13.990000,13.560000,13.950000,13.950000,1652400
2012-05-30,13.630000,13.650000,13.280000,13.410000,13.410000,1187700
2012-05-31,13.400000,13.690000,12.860000,13.610000,13.610000,2490300
2012-06-01,12.940000,13.110000,12.550000,12.860000,12.860000,2020700
2012-06-04,12.870000,12.900000,12.130000,12.550000,12.550000,1899900
2012-06-05,12.600000,13.680000,12.600000,13.460000,13.460000,2020100
2012-06-06,14.120000,14.450000,13.620000,13.860000,13.860000,2216000
2012-06-07,13.500000,14.720000,13.340000,13.810000,13.810000,3449200
2012-06-08,13.810000,14.240000,13.520000,14.120000,14.120000,2458000
2012-06-11,14.450000,14.550000,13.190000,13.200000,13.200000,2197100
2012-06-12,13.400000,13.610000,13.110000,13.520000,13.520000,1224200
2012-06-13,13.440000,13.660000,13.200000,13.360000,13.360000,943500
2012-06-14,13.370000,13.700000,13.210000,13.670000,13.670000,1009400
2012-06-15,13.820000,14.080000,13.670000,14.000000,14.000000,1859400
2012-06-18,13.850000,13.920000,13.570000,13.760000,13.760000,1167700
2012-06-19,13.830000,15.250000,13.770000,15.200000,15.200000,3020900
2012-06-20,15.240000,15.350000,14.640000,14.910000,14.910000,1197700
2012-06-21,14.950000,14.950000,13.970000,14.050000,14.050000,1243300
2012-06-22,14.200000,14.450000,13.880000,14.430000,14.430000,3037600
2012-06-25,14.010000,14.220000,13.920000,14.070000,14.070000,849400
2012-06-26,14.090000,14.410000,13.860000,14.040000,14.040000,764000
2012-06-27,14.360000,14.700000,14.020000,14.350000,14.350000,1163700
2012-06-28,14.340000,15.120000,14.250000,15.000000,15.000000,1873900
2012-06-29,15.800000,15.920000,15.350000,15.500000,15.500000,1976900
2012-07-02,15.500000,16.330000,15.190000,16.270000,16.270000,1882300
2012-07-03,16.400000,16.750000,16.270000,16.350000,16.350000,1278000
2012-07-05,16.350000,16.400000,15.700000,15.920000,15.920000,1269200
2012-07-06,15.680000,16.000000,15.620000,15.840000,15.840000,653000
2012-07-09,15.740000,15.800000,15.250000,15.420000,15.420000,898600
2012-07-10,15.500000,15.700000,14.590000,14.650000,14.650000,1402900
2012-07-11,14.650000,14.950000,14.500000,14.640000,14.640000,1121900
2012-07-12,14.440000,14.720000,14.150000,14.590000,14.590000,1171200
2012-07-13,14.620000,14.950000,14.360000,14.440000,14.440000,958900
2012-07-16,14.330000,14.670000,14.170000,14.360000,14.360000,1022400
2012-07-17,14.360000,14.570000,13.850000,13.970000,13.970000,1181600
2012-07-18,13.960000,14.260000,13.900000,14.060000,14.060000,1277100
2012-07-19,14.200000,14.320000,14.080000,14.190000,14.190000,882400
2012-07-20,14.050000,14.190000,13.950000,13.990000,13.990000,704600
2012-07-23,13.690000,13.740000,13.500000,13.560000,13.560000,951700
2012-07-24,13.550000,13.840000,13.160000,13.420000,13.420000,1184500
2012-07-25,13.460000,13.700000,13.150000,13.190000,13.190000,717900
2012-07-26,13.410000,13.730000,13.240000,13.690000,13.690000,920400
2012-07-27,13.780000,13.970000,13.460000,13.830000,13.830000,1175900
2012-07-30,13.850000,14.080000,13.780000,14.030000,14.030000,1054500
2012-07-31,14.030000,14.390000,14.030000,14.110000,14.110000,1495700
2012-08-01,14.110000,14.130000,13.600000,13.690000,13.690000,1088100
2012-08-02,13.500000,13.870000,13.290000,13.350000,13.350000,845100
2012-08-03,13.700000,14.000000,13.520000,13.960000,13.960000,1420000
2012-08-06,14.040000,14.700000,14.030000,14.630000,14.630000,1524300
2012-08-07,14.290000,14.390000,13.580000,13.630000,13.630000,2616300
2012-08-08,13.500000,13.600000,12.960000,13.080000,13.080000,2049400
2012-08-09,13.080000,13.400000,13.050000,13.320000,13.320000,1405600
2012-08-10,13.240000,13.340000,13.160000,13.270000,13.270000,887600
2012-08-13,13.390000,13.940000,13.320000,13.920000,13.920000,1678600
2012-08-14,14.240000,14.300000,14.010000,14.150000,14.150000,1335700
2012-08-15,14.160000,14.350000,14.150000,14.280000,14.280000,1173100
2012-08-16,14.290000,14.310000,14.030000,14.130000,14.130000,1025200
2012-08-17,14.130000,14.220000,13.920000,14.060000,14.060000,1279200
2012-08-20,14.000000,14.060000,13.530000,13.690000,13.690000,1290100
2012-08-21,13.730000,13.890000,13.400000,13.480000,13.480000,1280600
2012-08-22,13.420000,13.610000,13.320000,13.380000,13.380000,853700
2012-08-23,13.350000,13.380000,13.150000,13.220000,13.220000,1075500
2012-08-24,13.190000,13.290000,13.010000,13.250000,13.250000,997100
2012-08-27,13.300000,13.520000,13.160000,13.470000,13.470000,843300
2012-08-28,13.410000,13.650000,13.350000,13.520000,13.520000,794400
2012-08-29,13.550000,13.720000,13.350000,13.450000,13.450000,614000
2012-08-30,13.370000,13.370000,13.050000,13.080000,13.080000,898600
2012-08-31,13.200000,13.270000,13.000000,13.140000,13.140000,745200
2012-09-04,13.090000,13.320000,13.000000,13.320000,13.320000,916900
2012-09-05,13.300000,13.400000,13.140000,13.160000,13.160000,710900
2012-09-06,13.240000,13.500000,13.150000,13.450000,13.450000,1071000
2012-09-07,13.500000,13.620000,13.400000,13.590000,13.590000,906100
2012-09-10,13.530000,13.760000,13.500000,13.550000,13.550000,1041900
2012-09-11,13.500000,13.890000,13.480000,13.570000,13.570000,962300
2012-09-12,13.670000,13.970000,13.540000,13.710000,13.710000,799600
2012-09-13,13.540000,14.020000,13.450000,13.920000,13.920000,1420400
2012-09-14,13.970000,14.200000,13.940000,14.090000,14.090000,1123000
2012-09-17,14.100000,14.150000,13.700000,13.790000,13.790000,770800
2012-09-18,13.700000,13.980000,13.600000,13.660000,13.660000,702100
2012-09-19,13.600000,13.800000,13.520000,13.560000,13.560000,701000
2012-09-20,13.500000,13.990000,13.460000,13.950000,13.950000,896100
2012-09-21,14.150000,14.200000,13.910000,14.030000,14.030000,2250200
2012-09-24,14.000000,14.000000,13.570000,13.680000,13.680000,1039800
2012-09-25,13.630000,13.750000,13.030000,13.090000,13.090000,1383500
2012-09-26,13.090000,13.180000,13.000000,13.060000,13.060000,1025600
2012-09-27,13.090000,13.310000,13.090000,13.160000,13.160000,562500
2012-09-28,13.100000,13.210000,13.040000,13.170000,13.170000,609800
2012-10-01,13.150000,13.240000,13.100000,13.180000,13.180000,760100
2012-10-02,13.200000,13.430000,13.120000,13.310000,13.310000,961100
2012-10-03,13.330000,13.440000,13.100000,13.160000,13.160000,600300
2012-10-04,13.420000,13.850000,13.340000,13.510000,13.510000,1076600
2012-10-05,13.580000,13.850000,13.550000,13.630000,13.630000,1096300
2012-10-08,13.650000,13.910000,13.420000,13.870000,13.870000,739200
2012-10-09,13.960000,14.190000,13.580000,13.590000,13.590000,1040300
2012-10-10,13.590000,13.890000,13.200000,13.270000,13.270000,930500
2012-10-11,13.320000,13.410000,13.120000,13.130000,13.130000,874400
2012-10-12,13.130000,13.290000,13.000000,13.070000,13.070000,789400
2012-10-15,13.100000,13.550000,13.010000,13.500000,13.500000,907400
2012-10-16,13.530000,13.680000,13.350000,13.490000,13.490000,706900
2012-10-17,13.450000,13.670000,13.400000,13.660000,13.660000,660700
2012-10-18,13.580000,13.630000,13.420000,13.450000,13.450000,735600
2012-10-19,13.380000,13.480000,13.060000,13.110000,13.110000,826800
2012-10-22,13.110000,13.240000,13.000000,13.100000,13.100000,820700
2012-10-23,12.980000,12.980000,12.610000,12.820000,12.820000,1026500
2012-10-24,12.950000,12.980000,12.400000,12.430000,12.430000,1077500
2012-10-25,12.510000,12.640000,12.360000,12.410000,12.410000,674100
2012-10-26,12.370000,12.540000,12.000000,12.110000,12.110000,965200
2012-10-31,11.890000,11.900000,11.130000,11.440000,11.440000,2674300
2012-11-01,11.430000,11.570000,11.300000,11.520000,11.520000,1180600
2012-11-02,11.560000,11.620000,11.000000,11.060000,11.060000,1377900
2012-11-05,11.050000,11.330000,10.900000,11.320000,11.320000,1448000
2012-11-06,11.590000,12.450000,11.440000,12.010000,12.010000,2236300
2012-11-07,11.750000,11.790000,11.000000,11.240000,11.240000,2203400
2012-11-08,11.440000,11.480000,11.000000,11.000000,11.000000,1482000
2012-11-09,11.000000,11.410000,10.950000,11.150000,11.150000,1302900
2012-11-12,11.250000,11.340000,11.010000,11.060000,11.060000,580500
2012-11-13,11.400000,12.600000,11.360000,12.260000,12.260000,4752000
2012-11-14,12.990000,13.200000,12.610000,12.850000,12.850000,4745000
2012-11-15,13.180000,13.400000,12.480000,12.680000,12.680000,2359000
2012-11-16,12.630000,12.800000,11.920000,12.280000,12.280000,1972000
2012-11-19,12.550000,12.600000,12.160000,12.330000,12.330000,1233400
2012-11-20,12.600000,13.200000,12.530000,13.160000,13.160000,2618100
2012-11-21,13.140000,13.250000,12.810000,13.120000,13.120000,1089600
2012-11-23,13.250000,13.320000,13.080000,13.230000,13.230000,750800
2012-11-26,13.230000,13.500000,13.100000,13.490000,13.490000,1357500
2012-11-27,13.450000,13.650000,13.180000,13.530000,13.530000,1132900
2012-11-28,13.380000,13.480000,13.200000,13.430000,13.430000,553900
2012-11-29,13.480000,13.590000,13.290000,13.490000,13.490000,797000
2012-11-30,13.460000,13.500000,13.260000,13.260000,13.260000,675000
2012-12-03,13.250000,13.420000,13.130000,13.130000,13.130000,600400
2012-12-04,13.110000,13.250000,12.690000,12.770000,12.770000,1242800
2012-12-05,12.800000,13.000000,12.750000,12.900000,12.900000,975800
2012-12-06,12.890000,13.180000,12.810000,13.000000,13.000000,699500
2012-12-07,13.010000,13.170000,12.900000,13.120000,13.120000,896400
2012-12-10,13.110000,13.530000,13.100000,13.470000,13.470000,1318700
2012-12-11,13.520000,13.850000,13.220000,13.230000,13.230000,1470000
2012-12-12,13.270000,13.400000,13.000000,13.090000,13.090000,933100
2012-12-13,13.040000,13.090000,12.570000,12.810000,12.810000,1200800
2012-12-14,12.780000,12.960000,12.610000,12.650000,12.650000,742100
2012-12-17,12.730000,12.970000,12.720000,12.960000,12.960000,866400
2012-12-18,13.140000,13.370000,13.020000,13.130000,13.130000,1314400
2012-12-19,13.240000,13.480000,13.160000,13.370000,13.370000,1007200
2012-12-20,13.520000,13.520000,13.230000,13.440000,13.440000,879600
2012-12-21,13.170000,13.430000,12.950000,13.310000,13.310000,1782300
2012-12-24,13.200000,13.250000,13.030000,13.060000,13.060000,379200
2012-12-26,13.070000,13.170000,12.720000,12.830000,12.830000,803600
2012-12-27,12.830000,12.900000,12.220000,12.390000,12.390000,1411500
2012-12-28,12.270000,12.360000,12.030000,12.070000,12.070000,1189800
2012-12-31,12.020000,12.470000,11.980000,12.450000,12.450000,1549300
2013-01-02,12.900000,13.440000,12.900000,13.110000,13.110000,2599900
2013-01-03,13.430000,13.980000,13.120000,13.660000,13.660000,2334400
2013-01-04,13.950000,13.950000,13.500000,13.730000,13.730000,1153800
2013-01-07,13.810000,13.850000,13.600000,13.810000,13.810000,785100
2013-01-08,13.800000,13.850000,13.610000,13.700000,13.700000,1119700
2013-01-09,13.700000,14.080000,13.690000,13.740000,13.740000,1344800
2013-01-10,13.860000,13.900000,13.670000,13.760000,13.760000,646800
2013-01-11,13.780000,13.850000,13.610000,13.800000,13.800000,596600
2013-01-14,13.800000,14.370000,13.800000,14.110000,14.110000,1888000
2013-01-15,14.060000,14.090000,13.750000,13.990000,13.990000,705000
2013-01-16,13.890000,13.990000,13.740000,13.760000,13.760000,921900
2013-01-17,13.810000,14.050000,13.760000,13.840000,13.840000,834700
2013-01-18,13.800000,13.850000,13.550000,13.760000,13.760000,953000
2013-01-22,13.760000,13.910000,13.600000,13.790000,13.790000,889700
2013-01-23,13.810000,13.850000,13.460000,13.530000,13.530000,934500
2013-01-24,13.530000,13.640000,13.140000,13.220000,13.220000,1005400
2013-01-25,13.400000,13.420000,13.030000,13.190000,13.190000,820100
2013-01-28,13.130000,13.200000,12.880000,12.960000,12.960000,1298700
2013-01-29,13.010000,13.090000,12.850000,13.020000,13.020000,893000
2013-01-30,13.020000,13.110000,12.710000,12.790000,12.790000,986700
2013-01-31,12.700000,12.920000,12.620000,12.810000,12.810000,731500
2013-02-01,12.820000,13.100000,12.760000,12.780000,12.780000,1152000
2013-02-04,12.700000,12.780000,12.450000,12.470000,12.470000,1093100
2013-02-05,12.500000,12.690000,12.450000,12.490000,12.490000,895200
2013-02-06,12.450000,12.540000,12.330000,12.520000,12.520000,1191300
2013-02-07,12.590000,12.790000,12.500000,12.710000,12.710000,1565500
2013-02-08,12.810000,13.290000,12.800000,13.180000,13.180000,1628200
2013-02-11,13.380000,13.500000,13.220000,13.420000,13.420000,1524700
2013-02-12,13.500000,13.620000,13.260000,13.320000,13.320000,1220000
2013-02-13,13.580000,13.580000,12.750000,12.880000,12.880000,1825100
2013-02-14,12.800000,13.150000,12.800000,13.080000,13.080000,916000
2013-02-15,13.180000,13.190000,12.880000,13.030000,13.030000,1131900
2013-02-19,12.990000,13.100000,12.830000,12.940000,12.940000,1000300
2013-02-20,12.860000,12.900000,12.430000,12.480000,12.480000,1386600
2013-02-21,12.450000,12.500000,12.180000,12.320000,12.320000,1245900
2013-02-22,12.350000,12.510000,12.250000,12.350000,12.350000,707700
2013-02-25,12.420000,12.550000,12.020000,12.030000,12.030000,934300
2013-02-26,12.120000,12.220000,11.800000,12.130000,12.130000,908400
2013-02-27,12.130000,12.620000,12.050000,12.480000,12.480000,966200
2013-02-28,12.480000,12.830000,12.370000,12.580000,12.580000,1237800
2013-03-01,12.380000,12.910000,11.970000,12.850000,12.850000,1645500
2013-03-04,12.770000,13.010000,12.550000,12.720000,12.720000,1036700
2013-03-05,12.880000,12.950000,12.570000,12.640000,12.640000,994300
2013-03-06,12.890000,13.240000,12.830000,13.040000,13.040000,1502500
2013-03-07,12.770000,13.240000,12.550000,13.210000,13.210000,1573800
2013-03-08,13.350000,13.520000,13.030000,13.330000,13.330000,1512600
2013-03-11,13.560000,14.140000,13.300000,14.080000,14.080000,2699400
2013-03-12,14.120000,14.230000,13.610000,13.730000,13.730000,1759700
2013-03-13,13.680000,13.930000,13.520000,13.730000,13.730000,979000
2013-03-14,14.050000,14.480000,13.790000,14.480000,14.480000,2515200
2013-03-15,14.780000,14.820000,14.210000,14.390000,14.390000,3442900
2013-03-18,14.190000,14.600000,13.970000,14.250000,14.250000,1763000
2013-03-19,14.360000,14.500000,13.850000,13.930000,13.930000,1545200
2013-03-20,14.030000,14.170000,13.870000,13.910000,13.910000,764500
2013-03-21,13.970000,14.000000,13.580000,13.610000,13.610000,1064700
2013-03-22,13.700000,13.750000,13.320000,13.370000,13.370000,1105300
2013-03-25,13.400000,13.730000,13.360000,13.440000,13.440000,836200
2013-03-26,13.470000,13.540000,13.170000,13.270000,13.270000,806200
2013-03-27,13.150000,13.170000,12.920000,12.970000,12.970000,1072300
2013-03-28,13.110000,13.180000,12.850000,13.000000,13.000000,919000
2013-04-01,13.000000,13.150000,12.600000,12.620000,12.620000,1000000
2013-04-02,12.720000,12.840000,12.370000,12.400000,12.400000,993700
2013-04-03,12.400000,12.610000,12.150000,12.330000,12.330000,1482700
2013-04-04,12.300000,12.400000,12.140000,12.330000,12.330000,904000
2013-04-05,12.120000,12.660000,12.110000,12.430000,12.430000,799300
2013-04-08,12.500000,12.650000,12.270000,12.430000,12.430000,675300
2013-04-09,12.450000,13.080000,12.450000,13.010000,13.010000,1334600
2013-04-10,13.100000,13.240000,12.870000,12.940000,12.940000,1058600
2013-04-11,12.950000,13.330000,12.940000,13.110000,13.110000,895400
2013-04-12,13.050000,13.100000,12.550000,12.750000,12.750000,892900
2013-04-15,12.620000,12.750000,12.000000,12.020000,12.020000,1690200
2013-04-16,12.200000,12.460000,12.050000,12.210000,12.210000,1122200
2013-04-17,12.100000,12.250000,11.910000,12.050000,12.050000,1045000
2013-04-18,12.090000,12.220000,11.900000,12.120000,12.120000,918700
2013-04-19,12.150000,12.190000,11.900000,12.010000,12.010000,644700
2013-04-22,12.040000,12.140000,11.810000,12.090000,12.090000,685400
2013-04-23,12.350000,12.370000,12.120000,12.260000,12.260000,995300
2013-04-24,12.290000,13.250000,12.270000,13.180000,13.180000,1952900
2013-04-25,13.630000,13.940000,13.200000,13.230000,13.230000,2948200
2013-04-26,13.490000,13.490000,12.950000,13.050000,13.050000,1211000
2013-04-29,13.090000,13.410000,13.040000,13.270000,13.270000,1050700
2013-04-30,13.300000,13.370000,13.030000,13.190000,13.190000,875200
2013-05-01,13.080000,13.180000,12.550000,12.680000,12.680000,1119000
2013-05-02,12.830000,13.300000,12.550000,13.280000,13.280000,951500
2013-05-03,13.340000,13.670000,13.050000,13.190000,13.190000,1158300
2013-05-06,13.250000,13.760000,13.230000,13.740000,13.740000,1107000
2013-05-07,13.850000,14.020000,13.550000,13.840000,13.840000,1283700
2013-05-08,13.950000,13.980000,13.540000,13.760000,13.760000,1149900
2013-05-09,13.250000,13.500000,12.900000,13.170000,13.170000,2052400
2013-05-10,13.170000,13.390000,13.030000,13.380000,13.380000,879600
2013-05-13,13.410000,13.630000,13.300000,13.410000,13.410000,1049200
2013-05-14,13.410000,13.810000,13.410000,13.640000,13.640000,1170000
2013-05-15,13.610000,13.820000,13.450000,13.480000,13.480000,1126500
2013-05-16,13.470000,13.520000,13.200000,13.250000,13.250000,710400
2013-05-17,13.360000,13.650000,13.330000,13.650000,13.650000,941800
2013-05-20,13.700000,13.960000,13.530000,13.960000,13.960000,1255800
2013-05-21,14.000000,14.480000,13.810000,14.300000,14.300000,2317300
2013-05-22,14.420000,14.480000,13.250000,13.320000,13.320000,2023800
2013-05-23,13.140000,13.570000,13.010000,13.350000,13.350000,1223200
2013-05-24,13.340000,13.340000,13.100000,13.270000,13.270000,698400
2013-05-28,13.530000,13.580000,13.250000,13.510000,13.510000,991000
2013-05-29,13.370000,13.580000,13.290000,13.450000,13.450000,675500
2013-05-30,13.450000,13.550000,13.250000,13.530000,13.530000,942500
2013-05-31,13.370000,13.530000,13.260000,13.270000,13.270000,826300
2013-06-03,13.400000,13.450000,13.130000,13.410000,13.410000,944000
2013-06-04,13.410000,13.540000,13.060000,13.260000,13.260000,987000
2013-06-05,13.190000,13.290000,12.700000,12.850000,12.850000,1289300
2013-06-06,12.770000,13.070000,12.750000,13.060000,13.060000,828800
2013-06-07,13.090000,13.320000,12.930000,13.290000,13.290000,977600
2013-06-10,13.310000,13.480000,13.080000,13.400000,13.400000,855800
2013-06-11,13.140000,13.210000,12.910000,12.950000,12.950000,777500
2013-06-12,13.080000,13.110000,12.800000,12.860000,12.860000,799100
2013-06-13,12.800000,13.160000,12.730000,13.100000,13.100000,755400
2013-06-14,13.030000,13.170000,12.850000,12.950000,12.950000,536600
2013-06-17,13.060000,13.170000,12.970000,13.070000,13.070000,573500
2013-06-18,13.140000,13.200000,13.000000,13.130000,13.130000,484900
2013-06-19,13.100000,13.180000,12.900000,12.920000,12.920000,615500
2013-06-20,12.780000,12.950000,12.450000,12.520000,12.520000,1194200
2013-06-21,12.550000,12.660000,12.250000,12.590000,12.590000,1104300
2013-06-24,12.340000,12.500000,12.160000,12.250000,12.250000,949000
2013-06-25,12.420000,12.750000,12.270000,12.720000,12.720000,701800
2013-06-26,12.820000,12.870000,12.480000,12.700000,12.700000,764500
2013-06-27,12.820000,13.470000,12.700000,13.290000,13.290000,1463600
2013-06-28,13.310000,13.510000,13.170000,13.200000,13.200000,1205500
2013-07-01,13.210000,13.520000,13.120000,13.240000,13.240000,1178800
2013-07-02,13.260000,13.300000,13.010000,13.100000,13.100000,1125600
2013-07-03,13.040000,13.280000,13.030000,13.280000,13.280000,314700
2013-07-05,13.400000,13.530000,13.180000,13.460000,13.460000,821400
2013-07-08,13.460000,13.580000,13.300000,13.360000,13.360000,672700
2013-07-09,13.470000,13.550000,13.290000,13.370000,13.370000,766600
2013-07-10,13.420000,13.460000,13.210000,13.360000,13.360000,632200
2013-07-11,13.450000,13.460000,13.280000,13.430000,13.430000,747400
2013-07-12,13.270000,13.460000,13.100000,13.280000,13.280000,775200
2013-07-15,13.270000,13.330000,13.090000,13.110000,13.110000,624500
2013-07-16,13.140000,13.170000,12.800000,12.890000,12.890000,1090700
2013-07-17,12.950000,13.180000,12.920000,12.930000,12.930000,659500
2013-07-18,12.990000,13.230000,12.930000,13.050000,13.050000,728300
2013-07-19,12.990000,13.200000,12.950000,13.000000,13.000000,756900
2013-07-22,12.980000,13.250000,12.940000,13.150000,13.150000,783300
2013-07-23,13.140000,13.250000,13.040000,13.190000,13.190000,639700
2013-07-24,13.210000,13.240000,12.650000,12.740000,12.740000,1400900
2013-07-25,12.740000,13.000000,12.700000,12.970000,12.970000,861500
2013-07-26,12.800000,12.900000,12.700000,12.810000,12.810000,662900
2013-07-29,12.780000,12.800000,12.650000,12.690000,12.690000,647300
2013-07-30,12.750000,12.830000,12.650000,12.700000,12.700000,613000
2013-07-31,13.010000,13.310000,12.900000,12.910000,12.910000,2045800
2013-08-01,13.010000,13.180000,12.900000,12.940000,12.940000,1140200
2013-08-02,12.970000,12.970000,12.700000,12.800000,12.800000,983100
2013-08-05,12.750000,13.010000,12.720000,12.890000,12.890000,855700
2013-08-06,13.040000,13.100000,12.720000,12.980000,12.980000,1216500
2013-08-07,12.890000,12.940000,12.620000,12.630000,12.630000,1024300
2013-08-08,12.750000,12.930000,12.700000,12.750000,12.750000,1244200
2013-08-09,13.070000,13.180000,12.830000,12.940000,12.940000,1144700
2013-08-12,12.900000,13.100000,12.890000,13.030000,13.030000,932800
2013-08-13,13.070000,13.080000,12.840000,12.980000,12.980000,650400
2013-08-14,12.950000,13.040000,12.850000,12.990000,12.990000,755600
2013-08-15,12.830000,12.920000,12.650000,12.660000,12.660000,1204800
2013-08-16,12.670000,12.730000,12.480000,12.540000,12.540000,1069800
2013-08-19,12.470000,12.640000,12.290000,12.290000,12.290000,957700
2013-08-20,12.310000,12.540000,12.270000,12.430000,12.430000,739900
2013-08-21,12.370000,12.480000,12.220000,12.280000,12.280000,816900
2013-08-22,12.320000,12.470000,12.310000,12.370000,12.370000,390400
2013-08-23,12.370000,12.520000,12.290000,12.510000,12.510000,551000
2013-08-26,12.570000,12.790000,12.520000,12.590000,12.590000,727000
2013-08-27,12.460000,12.640000,12.210000,12.280000,12.280000,933500
2013-08-28,12.250000,12.540000,12.230000,12.260000,12.260000,857300
2013-08-29,12.250000,12.770000,12.250000,12.610000,12.610000,1411900
2013-08-30,12.750000,12.750000,12.420000,12.580000,12.580000,941000
2013-09-03,12.650000,12.790000,12.400000,12.590000,12.590000,834500
2013-09-04,12.590000,12.740000,12.430000,12.730000,12.730000,1139300
2013-09-05,12.770000,12.810000,12.610000,12.660000,12.660000,664600
2013-09-06,12.750000,12.900000,12.520000,12.810000,12.810000,1030200
2013-09-09,12.900000,13.070000,12.810000,13.020000,13.020000,973900
2013-09-10,13.000000,13.060000,12.470000,12.480000,12.480000,1892300
2013-09-11,12.500000,12.550000,12.290000,12.530000,12.530000,1396600
2013-09-12,12.670000,12.800000,12.580000,12.750000,12.750000,1198400
2013-09-13,12.800000,12.800000,12.620000,12.630000,12.630000,597800
2013-09-16,12.740000,12.780000,12.400000,12.430000,12.430000,699300
2013-09-17,12.650000,13.110000,12.650000,13.090000,13.090000,2283200
2013-09-18,13.360000,13.430000,13.070000,13.320000,13.320000,2273900
2013-09-19,13.310000,13.420000,13.140000,13.220000,13.220000,911600
2013-09-20,13.210000,13.210000,12.850000,12.940000,12.940000,1429700
2013-09-23,13.040000,13.050000,12.830000,12.960000,12.960000,981900
2013-09-24,13.000000,13.040000,12.770000,12.810000,12.810000,915800
2013-09-25,12.770000,12.970000,12.720000,12.740000,12.740000,930000
2013-09-26,12.750000,12.900000,12.700000,12.830000,12.830000,852900
2013-09-27,12.780000,12.970000,12.720000,12.920000,12.920000,771200
2013-09-30,12.750000,12.910000,12.680000,12.770000,12.770000,796000
2013-10-01,12.720000,14.040000,12.710000,13.590000,13.590000,5466300
2013-10-02,13.590000,14.050000,13.430000,13.790000,13.790000,2055900
2013-10-03,13.240000,13.380000,12.900000,12.990000,12.990000,3149700
2013-10-04,13.070000,13.170000,12.950000,13.150000,13.150000,1226200
2013-10-07,13.080000,13.250000,12.970000,12.990000,12.990000,1065600
2013-10-08,12.500000,12.690000,11.250000,11.380000,11.380000,7725600
2013-10-09,11.500000,11.570000,10.630000,11.230000,11.230000,4142100
2013-10-10,11.480000,11.610000,11.310000,11.420000,11.420000,2150400
2013-10-11,11.510000,11.510000,11.060000,11.290000,11.290000,1423400
2013-10-14,11.180000,11.500000,11.100000,11.500000,11.500000,1335400
2013-10-15,11.490000,11.500000,11.180000,11.310000,11.310000,1174600
2013-10-16,11.370000,11.690000,11.350000,11.610000,11.610000,1305000
2013-10-17,11.630000,11.650000,11.220000,11.370000,11.370000,1771100
2013-10-18,11.420000,11.500000,11.200000,11.480000,11.480000,1445700
2013-10-21,11.550000,12.270000,11.400000,11.910000,11.910000,3567500
2013-10-22,12.030000,12.160000,11.820000,11.880000,11.880000,1841000
2013-10-23,11.990000,11.990000,11.550000,11.580000,11.580000,1095200
2013-10-24,11.570000,11.880000,11.450000,11.830000,11.830000,959800
2013-10-25,11.870000,11.930000,11.610000,11.720000,11.720000,985200
2013-10-28,11.690000,11.890000,11.610000,11.800000,11.800000,1014000
2013-10-29,11.910000,11.910000,11.560000,11.780000,11.780000,1042300
2013-10-30,11.820000,12.020000,11.640000,11.670000,11.670000,1458700
2013-10-31,11.690000,11.690000,11.350000,11.370000,11.370000,1093000
2013-11-01,11.370000,11.630000,11.100000,11.580000,11.580000,1228100
2013-11-04,11.760000,11.950000,11.610000,11.800000,11.800000,1288700
2013-11-05,11.750000,11.790000,11.420000,11.550000,11.550000,902800
2013-11-06,11.630000,11.770000,11.370000,11.500000,11.500000,1100400
2013-11-07,11.760000,11.780000,11.200000,11.330000,11.330000,1329600
2013-11-08,11.300000,11.990000,11.270000,11.930000,11.930000,1558600
2013-11-11,11.750000,11.950000,11.680000,11.720000,11.720000,901600
2013-11-12,11.750000,11.830000,11.490000,11.610000,11.610000,1254300
2013-11-13,11.840000,12.340000,11.750000,12.280000,12.280000,2366100
2013-11-14,12.950000,13.260000,12.600000,13.010000,13.010000,3823300
2013-11-15,13.200000,13.200000,12.900000,12.980000,12.980000,1675200
2013-11-18,13.010000,13.130000,12.350000,12.390000,12.390000,1581000
2013-11-19,12.360000,12.620000,12.160000,12.210000,12.210000,835500
2013-11-20,12.240000,12.470000,12.200000,12.310000,12.310000,586900
2013-11-21,12.330000,12.670000,12.200000,12.580000,12.580000,992400
2013-11-22,12.500000,12.620000,12.270000,12.350000,12.350000,585600
2013-11-25,12.310000,12.500000,12.070000,12.440000,12.440000,566600
2013-11-26,12.440000,12.680000,12.350000,12.510000,12.510000,878400
2013-11-27,12.470000,12.600000,12.330000,12.520000,12.520000,512000
2013-11-29,12.520000,12.630000,12.420000,12.490000,12.490000,371500
2013-12-02,12.390000,12.530000,12.270000,12.320000,12.320000,600800
2013-12-03,12.240000,12.480000,12.060000,12.150000,12.150000,940700
2013-12-04,12.150000,12.390000,12.070000,12.150000,12.150000,667200
2013-12-05,12.150000,12.280000,12.070000,12.130000,12.130000,684300
2013-12-06,12.250000,12.340000,12.010000,12.030000,12.030000,783800
2013-12-09,12.040000,12.500000,12.030000,12.220000,12.220000,1184500
2013-12-10,12.260000,12.500000,12.200000,12.220000,12.220000,924600
2013-12-11,12.250000,12.340000,12.040000,12.170000,12.170000,744900
2013-12-12,12.200000,12.380000,12.110000,12.220000,12.220000,1157700
2013-12-13,12.220000,12.380000,12.150000,12.260000,12.260000,878000
2013-12-16,12.360000,12.470000,12.200000,12.240000,12.240000,1133200
2013-12-17,12.380000,12.380000,12.170000,12.220000,12.220000,589900
2013-12-18,12.250000,12.490000,12.200000,12.430000,12.430000,1236000
2013-12-19,12.380000,12.750000,12.350000,12.750000,12.750000,1117000
2013-12-20,12.780000,13.120000,12.680000,13.010000,13.010000,2270600
2013-12-23,13.060000,13.450000,13.030000,13.440000,13.440000,1703600
2013-12-24,13.430000,13.690000,13.370000,13.440000,13.440000,701100
2013-12-26,13.400000,13.440000,12.720000,12.830000,12.830000,1340900
2013-12-27,12.790000,12.990000,12.750000,12.950000,12.950000,770200
2013-12-30,12.990000,13.050000,12.850000,12.970000,12.970000,867100
2013-12-31,12.930000,13.090000,12.810000,12.880000,12.880000,999600
2014-01-02,12.810000,12.850000,12.560000,12.780000,12.780000,883300
2014-01-03,12.750000,12.850000,12.470000,12.710000,12.710000,766800
2014-01-06,12.660000,12.780000,12.350000,12.360000,12.360000,1515500
2014-01-07,12.480000,12.720000,12.320000,12.530000,12.530000,1145200
2014-01-08,12.530000,12.640000,12.320000,12.440000,12.440000,1046400
2014-01-09,12.400000,12.490000,12.070000,12.210000,12.210000,1286400
2014-01-10,12.240000,12.420000,12.110000,12.320000,12.320000,799700
2014-01-13,12.290000,12.330000,11.870000,12.000000,12.000000,1310000
2014-01-14,12.050000,12.270000,12.020000,12.210000,12.210000,808800
2014-01-15,12.530000,12.530000,12.250000,12.370000,12.370000,1032800
2014-01-16,12.350000,12.430000,12.160000,12.260000,12.260000,991700
2014-01-17,12.260000,12.310000,11.910000,12.020000,12.020000,1359500
2014-01-21,12.080000,12.320000,11.910000,12.320000,12.320000,1365000
2014-01-22,12.290000,12.490000,12.210000,12.270000,12.270000,1153600
2014-01-23,12.250000,12.360000,12.050000,12.140000,12.140000,1037600
2014-01-24,12.000000,12.080000,11.750000,11.790000,11.790000,1868300
2014-01-27,11.800000,11.920000,11.320000,11.460000,11.460000,1781600
2014-01-28,11.500000,11.670000,11.460000,11.570000,11.570000,1039700
2014-01-29,11.890000,12.050000,11.670000,11.730000,11.730000,1909100
2014-01-30,11.790000,12.080000,11.750000,11.930000,11.930000,1073700
2014-01-31,11.780000,12.150000,11.750000,11.930000,11.930000,1200900
2014-02-03,11.900000,11.990000,11.600000,11.690000,11.690000,1111400
2014-02-04,11.800000,11.850000,11.500000,11.500000,11.500000,1302000
2014-02-05,11.510000,11.570000,9.720000,9.900000,9.900000,7808900
2014-02-06,9.500000,10.300000,9.200000,10.080000,10.080000,4198000
2014-02-07,10.100000,10.100000,9.500000,9.690000,9.690000,2563200
2014-02-10,10.000000,10.010000,9.410000,9.600000,9.600000,2008000
2014-02-11,9.580000,9.840000,9.530000,9.820000,9.820000,1661400
2014-02-12,9.750000,9.820000,9.510000,9.640000,9.640000,2168700
2014-02-13,9.720000,9.990000,9.580000,9.910000,9.910000,1617500
2014-02-14,10.000000,10.160000,9.700000,9.770000,9.770000,2096200
2014-02-18,9.770000,9.850000,9.610000,9.730000,9.730000,1515800
2014-02-19,9.700000,9.910000,9.600000,9.610000,9.610000,1925400
2014-02-20,9.600000,9.740000,9.560000,9.710000,9.710000,1002900
2014-02-21,9.670000,9.710000,9.620000,9.650000,9.650000,882700
2014-02-24,9.700000,9.850000,9.660000,9.790000,9.790000,1433700
2014-02-25,9.800000,9.840000,9.610000,9.700000,9.700000,991500
2014-02-26,9.700000,9.830000,9.610000,9.630000,9.630000,994500
2014-02-27,9.600000,9.770000,9.450000,9.700000,9.700000,2201600
2014-02-28,9.300000,9.300000,8.270000,8.370000,8.370000,7035400
2014-03-03,8.490000,9.000000,8.420000,8.780000,8.780000,2928400
2014-03-04,8.970000,9.190000,8.860000,9.120000,9.120000,2896800
2014-03-05,9.410000,9.500000,9.070000,9.100000,9.100000,1555000
2014-03-06,9.090000,9.380000,9.010000,9.230000,9.230000,1646700
2014-03-07,9.360000,9.660000,9.350000,9.590000,9.590000,2429100
2014-03-10,9.650000,9.750000,9.410000,9.530000,9.530000,1397800
2014-03-11,9.450000,9.900000,9.430000,9.480000,9.480000,1913000
2014-03-12,9.370000,9.500000,9.140000,9.250000,9.250000,1134300
2014-03-13,9.250000,9.300000,9.080000,9.200000,9.200000,1382500
2014-03-14,9.160000,9.470000,9.110000,9.280000,9.280000,1594100
2014-03-17,9.030000,9.360000,8.860000,8.950000,8.950000,2003500
2014-03-18,8.920000,9.290000,8.890000,9.260000,9.260000,1265700
2014-03-19,9.280000,9.620000,9.140000,9.430000,9.430000,1338500
2014-03-20,9.370000,9.370000,9.080000,9.220000,9.220000,1164900
2014-03-21,9.210000,9.270000,8.890000,9.020000,9.020000,2801500
2014-03-24,9.010000,9.090000,8.700000,8.800000,8.800000,1648400
2014-03-25,8.830000,8.980000,8.770000,8.900000,8.900000,1012500
2014-03-26,8.930000,9.040000,8.600000,8.630000,8.630000,1105500
2014-03-27,8.620000,8.780000,8.460000,8.520000,8.520000,1445400
2014-03-28,8.520000,8.850000,8.510000,8.830000,8.830000,1249600
2014-03-31,8.880000,8.970000,8.750000,8.940000,8.940000,1083700
2014-04-01,9.300000,9.310000,8.920000,9.040000,9.040000,1401400
2014-04-02,9.030000,9.250000,9.020000,9.180000,9.180000,1096300
2014-04-03,9.190000,9.250000,8.990000,9.030000,9.030000,1029900
2014-04-04,9.080000,9.090000,8.800000,8.860000,8.860000,1182300
2014-04-07,8.900000,8.980000,8.610000,8.750000,8.750000,1087300
2014-04-08,8.750000,8.970000,8.700000,8.930000,8.930000,997100
2014-04-09,8.980000,9.000000,8.670000,8.860000,8.860000,960600
2014-04-10,8.840000,8.990000,8.680000,8.730000,8.730000,993200
2014-04-11,8.610000,8.830000,8.570000,8.700000,8.700000,1033800
2014-04-14,8.800000,8.940000,8.670000,8.860000,8.860000,1054100
2014-04-15,8.890000,9.080000,8.750000,9.050000,9.050000,1137800
2014-04-16,9.070000,9.170000,8.980000,9.140000,9.140000,890800
2014-04-17,9.080000,9.190000,9.000000,9.180000,9.180000,1204400
2014-04-21,9.220000,9.400000,9.200000,9.380000,9.380000,1138200
2014-04-22,9.350000,9.380000,8.930000,9.020000,9.020000,1955800
2014-04-23,9.030000,9.120000,9.000000,9.100000,9.100000,1041600
2014-04-24,9.170000,9.170000,9.010000,9.090000,9.090000,828100
2014-04-25,9.060000,9.090000,8.760000,8.930000,8.930000,1153900
2014-04-28,8.960000,9.000000,8.590000,8.790000,8.790000,1696100
2014-04-29,8.840000,8.980000,8.750000,8.910000,8.910000,863300
2014-04-30,8.900000,8.960000,8.710000,8.850000,8.850000,853700
2014-05-01,8.850000,9.070000,8.760000,8.920000,8.920000,889700
2014-05-02,8.910000,9.370000,8.900000,9.300000,9.300000,2142600
2014-05-05,9.280000,9.420000,9.150000,9.190000,9.190000,1138600
2014-05-06,9.190000,9.470000,9.100000,9.290000,9.290000,1891700
2014-05-07,9.230000,9.350000,8.750000,9.030000,9.030000,1895600
2014-05-08,9.000000,9.120000,8.770000,8.820000,8.820000,1486100
2014-05-09,9.180000,10.230000,9.090000,9.860000,9.860000,6239000
2014-05-12,9.960000,10.140000,9.750000,9.960000,9.960000,1751800
2014-05-13,9.960000,10.520000,9.900000,10.450000,10.450000,2456200
2014-05-14,10.650000,10.690000,9.990000,10.030000,10.030000,1801400
2014-05-15,9.990000,10.050000,9.640000,9.890000,9.890000,1941200
2014-05-16,9.850000,9.890000,9.590000,9.820000,9.820000,1176300
2014-05-19,9.800000,9.820000,9.620000,9.790000,9.790000,877600
2014-05-20,9.760000,9.790000,9.390000,9.490000,9.490000,1277900
2014-05-21,9.500000,9.610000,9.300000,9.560000,9.560000,1031800
2014-05-22,9.640000,9.830000,9.450000,9.600000,9.600000,989700
2014-05-23,9.610000,10.130000,9.610000,10.000000,10.000000,1483900
2014-05-27,10.060000,10.210000,10.000000,10.160000,10.160000,1275900
2014-05-28,10.180000,10.310000,9.960000,10.270000,10.270000,1223500
2014-05-29,10.730000,11.210000,10.670000,11.180000,11.180000,3625700
2014-05-30,11.150000,11.150000,10.840000,11.080000,11.080000,2082200
2014-06-02,10.880000,10.900000,10.260000,10.500000,10.500000,2212500
2014-06-03,10.450000,10.490000,10.160000,10.310000,10.310000,1646500
2014-06-04,10.270000,10.430000,10.210000,10.290000,10.290000,865500
2014-06-05,10.320000,10.800000,10.140000,10.790000,10.790000,1901300
2014-06-06,10.800000,10.890000,10.610000,10.720000,10.720000,1183200
2014-06-09,10.730000,10.950000,10.530000,10.770000,10.770000,864600
2014-06-10,10.680000,10.710000,10.480000,10.540000,10.540000,925600
2014-06-11,10.500000,10.750000,10.420000,10.620000,10.620000,1008400
2014-06-12,10.560000,10.790000,10.560000,10.730000,10.730000,1039100
2014-06-13,10.770000,10.990000,10.650000,10.980000,10.980000,1554000
2014-06-16,10.930000,11.170000,10.890000,11.100000,11.100000,940100
2014-06-17,11.130000,11.320000,10.900000,11.250000,11.250000,1471700
2014-06-18,11.290000,11.330000,11.010000,11.200000,11.200000,909000
2014-06-19,11.200000,11.350000,11.100000,11.270000,11.270000,892700
2014-06-20,11.300000,11.350000,11.120000,11.160000,11.160000,1382700
2014-06-23,11.100000,11.390000,11.070000,11.270000,11.270000,1104200
2014-06-24,11.230000,11.320000,11.070000,11.180000,11.180000,1771100
2014-06-25,11.100000,11.520000,11.090000,11.390000,11.390000,1313000
2014-06-26,11.420000,11.550000,11.330000,11.400000,11.400000,867100
2014-06-27,11.350000,11.620000,11.350000,11.590000,11.590000,1830100
2014-06-30,11.530000,11.750000,11.390000,11.720000,11.720000,1130100
2014-07-01,11.750000,11.790000,11.600000,11.630000,11.630000,961400
2014-07-02,11.640000,11.750000,11.530000,11.570000,11.570000,780500
2014-07-03,11.570000,11.640000,11.420000,11.550000,11.550000,473000
2014-07-07,11.500000,11.500000,11.060000,11.080000,11.080000,944700
2014-07-08,11.050000,11.150000,10.470000,10.740000,10.740000,1747500
2014-07-09,10.910000,10.930000,10.630000,10.770000,10.770000,706200
2014-07-10,10.610000,10.670000,10.390000,10.610000,10.610000,1365400
2014-07-11,10.610000,10.730000,10.480000,10.610000,10.610000,836400
2014-07-14,10.640000,10.940000,10.640000,10.900000,10.900000,929200
2014-07-15,10.870000,10.920000,10.360000,10.400000,10.400000,1394000
2014-07-16,10.480000,10.610000,10.430000,10.590000,10.590000,850400
2014-07-17,10.500000,10.780000,10.250000,10.290000,10.290000,842300
2014-07-18,10.290000,10.500000,10.190000,10.280000,10.280000,812400
2014-07-21,10.230000,10.380000,10.140000,10.370000,10.370000,628500
2014-07-22,10.410000,10.700000,10.380000,10.550000,10.550000,715300
2014-07-23,10.540000,10.600000,10.400000,10.430000,10.430000,823500
2014-07-24,10.490000,10.500000,10.300000,10.400000,10.400000,634900
2014-07-25,10.300000,10.370000,10.110000,10.140000,10.140000,1012300
2014-07-28,10.120000,10.200000,9.860000,10.150000,10.150000,847000
2014-07-29,10.150000,10.340000,10.030000,10.150000,10.150000,718900
2014-07-30,10.200000,10.340000,10.050000,10.200000,10.200000,703800
2014-07-31,10.110000,10.160000,9.860000,9.960000,9.960000,995400
2014-08-01,9.960000,9.980000,9.530000,9.880000,9.880000,1354100
2014-08-04,9.880000,9.990000,9.650000,9.960000,9.960000,849800
2014-08-05,9.930000,9.990000,9.570000,9.640000,9.640000,1072500
2014-08-06,9.590000,10.050000,9.590000,9.800000,9.800000,870500
2014-08-07,9.880000,9.950000,9.630000,9.830000,9.830000,1035300
2014-08-08,9.930000,9.980000,9.100000,9.700000,9.700000,2185900
2014-08-11,9.730000,9.730000,9.450000,9.470000,9.470000,1084700
2014-08-12,9.400000,9.450000,9.100000,9.370000,9.370000,1278400
2014-08-13,9.420000,9.650000,9.410000,9.510000,9.510000,787600
2014-08-14,9.570000,9.690000,9.420000,9.440000,9.440000,688100
2014-08-15,9.530000,9.560000,9.360000,9.470000,9.470000,615600
2014-08-18,9.500000,9.630000,9.430000,9.620000,9.620000,580200
2014-08-19,9.670000,10.040000,9.660000,9.890000,9.890000,1257700
2014-08-20,9.850000,10.010000,9.760000,9.870000,9.870000,785200
2014-08-21,9.850000,9.970000,9.730000,9.920000,9.920000,826000
2014-08-22,9.980000,10.000000,9.710000,9.750000,9.750000,815900
2014-08-25,9.770000,9.970000,9.770000,9.850000,9.850000,788000
2014-08-26,9.840000,10.180000,9.830000,10.180000,10.180000,1089800
2014-08-27,10.160000,10.200000,10.020000,10.060000,10.060000,545600
2014-08-28,10.000000,10.050000,9.810000,9.900000,9.900000,739100
2014-08-29,9.890000,10.000000,9.890000,9.970000,9.970000,452900
2014-09-02,9.990000,9.990000,9.700000,9.870000,9.870000,612300
2014-09-03,9.870000,9.960000,9.680000,9.690000,9.690000,529700
2014-09-04,9.690000,9.780000,9.420000,9.460000,9.460000,897400
2014-09-05,9.400000,9.600000,9.400000,9.500000,9.500000,539200
2014-09-08,9.450000,9.490000,9.260000,9.290000,9.290000,778500
2014-09-09,9.290000,9.290000,9.020000,9.110000,9.110000,1297100
2014-09-10,9.110000,9.130000,8.900000,8.970000,8.970000,1318500
2014-09-11,8.990000,9.180000,8.910000,9.160000,9.160000,845400
2014-09-12,9.120000,9.160000,8.900000,8.990000,8.990000,1045900
2014-09-15,8.960000,8.980000,8.650000,8.770000,8.770000,1078300
2014-09-16,8.770000,9.100000,8.760000,8.940000,8.940000,1094100
2014-09-17,8.930000,9.450000,8.930000,9.160000,9.160000,1939000
2014-09-18,9.170000,9.230000,8.830000,8.840000,8.840000,1009200
2014-09-19,8.860000,9.040000,8.750000,8.810000,8.810000,1564500
2014-09-22,8.770000,8.790000,8.320000,8.330000,8.330000,1660200
2014-09-23,8.330000,8.550000,8.250000,8.400000,8.400000,1268100
2014-09-24,8.420000,8.880000,8.320000,8.810000,8.810000,1288000
2014-09-25,8.810000,8.820000,8.410000,8.500000,8.500000,1153300
2014-09-26,8.500000,8.700000,8.420000,8.660000,8.660000,811700
2014-09-29,8.520000,8.700000,8.250000,8.390000,8.390000,1636000
2014-09-30,8.370000,8.440000,7.800000,7.800000,7.800000,2364700
2014-10-01,7.510000,7.570000,7.160000,7.430000,7.430000,3711700
2014-10-02,7.350000,7.500000,7.050000,7.170000,7.170000,2277100
2014-10-03,7.260000,7.310000,7.070000,7.140000,7.140000,1101400
2014-10-06,7.180000,7.270000,6.830000,6.960000,6.960000,1545900
2014-10-07,6.960000,6.990000,6.350000,6.350000,6.350000,2824000
2014-10-08,6.400000,6.430000,5.980000,6.280000,6.280000,3560300
2014-10-09,6.230000,6.260000,5.810000,5.830000,5.830000,1946200
2014-10-10,5.800000,6.380000,5.710000,5.960000,5.960000,3277300
2014-10-13,5.990000,6.220000,5.650000,5.750000,5.750000,1973800
2014-10-14,5.830000,6.300000,5.630000,5.990000,5.990000,2225000
2014-10-15,5.990000,6.730000,5.820000,6.720000,6.720000,3210600
2014-10-16,6.550000,7.480000,6.490000,7.150000,7.150000,3568000
2014-10-17,7.390000,7.470000,6.300000,6.350000,6.350000,2588100
2014-10-20,6.490000,6.570000,6.300000,6.370000,6.370000,1527200
2014-10-21,6.410000,6.890000,6.410000,6.870000,6.870000,2043800
2014-10-22,6.890000,7.080000,6.270000,6.350000,6.350000,2292600
2014-10-23,6.640000,6.850000,6.460000,6.680000,6.680000,2021000
2014-10-24,6.500000,6.670000,6.070000,6.540000,6.540000,2421400
2014-10-27,6.430000,6.470000,6.150000,6.350000,6.350000,1321500
2014-10-28,6.420000,7.250000,6.290000,7.220000,7.220000,3458300
2014-10-29,7.250000,7.480000,6.900000,7.000000,7.000000,2156300
2014-10-30,6.960000,7.320000,6.660000,7.270000,7.270000,1653200
2014-10-31,7.350000,7.390000,7.010000,7.310000,7.310000,1745800
2014-11-03,7.270000,7.440000,6.900000,6.930000,6.930000,1755300
2014-11-04,6.830000,6.900000,6.470000,6.510000,6.510000,1558400
2014-11-05,6.660000,6.890000,6.430000,6.690000,6.690000,1372400
2014-11-06,6.680000,6.710000,6.470000,6.550000,6.550000,1135900
2014-11-07,6.510000,6.940000,6.430000,6.930000,6.930000,1374900
2014-11-10,7.000000,7.140000,6.580000,6.610000,6.610000,1539100
2014-11-11,6.580000,6.740000,6.480000,6.650000,6.650000,1125700
2014-11-12,6.620000,6.870000,6.510000,6.800000,6.800000,1295700
2014-11-13,6.760000,6.760000,6.370000,6.390000,6.390000,1809600
2014-11-14,6.390000,6.600000,6.250000,6.450000,6.450000,1227600
2014-11-17,6.380000,6.420000,6.190000,6.270000,6.270000,1333000
2014-11-18,6.250000,6.440000,6.210000,6.310000,6.310000,933200
2014-11-19,6.240000,6.390000,6.100000,6.250000,6.250000,1272400
2014-11-20,6.230000,6.480000,6.200000,6.420000,6.420000,1163700
2014-11-21,6.500000,6.660000,6.450000,6.600000,6.600000,1312400
2014-11-24,6.570000,6.610000,6.300000,6.430000,6.430000,1002400
2014-11-25,6.440000,6.590000,6.250000,6.460000,6.460000,1798200
2014-11-26,6.380000,6.400000,6.150000,6.150000,6.150000,960300
2014-11-28,6.020000,6.130000,5.700000,5.740000,5.740000,1799400
2014-12-01,5.700000,5.900000,5.400000,5.540000,5.540000,2297700
2014-12-02,5.530000,5.860000,5.400000,5.470000,5.470000,1420300
2014-12-03,5.500000,5.760000,5.480000,5.580000,5.580000,1083500
2014-12-04,5.560000,5.580000,5.120000,5.150000,5.150000,2263500
2014-12-05,5.150000,5.280000,5.040000,5.100000,5.100000,2142600
2014-12-08,4.970000,5.060000,4.690000,4.770000,4.770000,3034500
2014-12-09,4.750000,5.090000,4.620000,5.060000,5.060000,2019000
2014-12-10,5.040000,5.050000,4.680000,4.780000,4.780000,2384600
2014-12-11,4.800000,4.920000,4.630000,4.670000,4.670000,2336300
2014-12-12,4.690000,4.690000,4.500000,4.570000,4.570000,2199300
2014-12-15,4.600000,4.680000,4.250000,4.300000,4.300000,2359300
2014-12-16,4.300000,4.620000,4.250000,4.380000,4.380000,2789500
2014-12-17,4.500000,4.870000,4.500000,4.840000,4.840000,2848100
2014-12-18,4.960000,4.960000,4.600000,4.690000,4.690000,2638500
2014-12-19,4.730000,5.240000,4.720000,5.230000,5.230000,3546900
2014-12-22,5.230000,5.270000,5.000000,5.150000,5.150000,1563600
2014-12-23,5.190000,5.420000,5.170000,5.400000,5.400000,1979800
2014-12-24,5.360000,5.390000,5.190000,5.250000,5.250000,787300
2014-12-26,5.250000,5.390000,5.110000,5.190000,5.190000,1222700
2014-12-29,5.180000,5.290000,5.030000,5.120000,5.120000,1326500
2014-12-30,5.070000,5.160000,5.010000,5.020000,5.020000,1183300
2014-12-31,4.990000,5.050000,4.880000,5.000000,5.000000,1754600
2015-01-02,5.030000,5.170000,4.980000,5.120000,5.120000,1243800
2015-01-05,5.020000,5.070000,4.800000,4.850000,4.850000,1443800
2015-01-06,4.860000,4.940000,4.500000,4.610000,4.610000,1714300
2015-01-07,4.660000,4.760000,4.600000,4.670000,4.670000,1066900
2015-01-08,4.710000,4.890000,4.690000,4.810000,4.810000,1502300
2015-01-09,4.830000,4.830000,4.570000,4.640000,4.640000,1203500
2015-01-12,4.610000,4.700000,4.460000,4.530000,4.530000,1062600
2015-01-13,4.580000,4.730000,4.470000,4.600000,4.600000,1118600
2015-01-14,4.520000,4.670000,4.390000,4.640000,4.640000,1690400
2015-01-15,4.690000,4.700000,4.270000,4.310000,4.310000,1634200
2015-01-16,4.320000,4.460000,4.270000,4.370000,4.370000,1157200
2015-01-20,4.400000,4.400000,4.180000,4.330000,4.330000,1376700
2015-01-21,4.370000,4.610000,4.340000,4.550000,4.550000,1498200
2015-01-22,4.590000,4.590000,4.260000,4.380000,4.380000,1581900
2015-01-23,4.380000,4.560000,4.370000,4.400000,4.400000,1131700
2015-01-26,4.470000,4.470000,4.330000,4.400000,4.400000,962300
2015-01-27,4.370000,4.490000,4.350000,4.410000,4.410000,1098700
2015-01-28,4.400000,4.400000,4.190000,4.220000,4.220000,1090600
2015-01-29,4.140000,4.270000,4.010000,4.190000,4.190000,1660600
2015-01-30,4.140000,4.260000,3.990000,4.170000,4.170000,1653300
2015-02-02,4.210000,4.620000,4.160000,4.600000,4.600000,1486300
2015-02-03,4.660000,4.850000,4.500000,4.540000,4.540000,2472500
2015-02-04,4.500000,4.630000,4.330000,4.530000,4.530000,1564200
2015-02-05,4.560000,4.760000,4.540000,4.620000,4.620000,1335600
2015-02-06,4.660000,4.740000,4.580000,4.690000,4.690000,965600
2015-02-09,4.910000,5.120000,4.690000,5.080000,5.080000,2268500
2015-02-10,5.090000,5.420000,5.060000,5.140000,5.140000,2357500
2015-02-11,5.270000,5.380000,5.020000,5.320000,5.320000,1695300
2015-02-12,5.400000,5.400000,5.250000,5.270000,5.270000,1647000
2015-02-13,5.330000,5.460000,5.260000,5.440000,5.440000,1482900
2015-02-17,5.410000,5.440000,5.280000,5.350000,5.350000,1096200
2015-02-18,5.310000,5.350000,5.180000,5.240000,5.240000,994000
2015-02-19,5.140000,5.230000,4.980000,5.180000,5.180000,1331700
2015-02-20,5.180000,5.220000,4.810000,4.920000,4.920000,1899500
2015-02-23,4.890000,5.080000,4.810000,4.990000,4.990000,1013800
2015-02-24,5.000000,5.010000,4.900000,4.940000,4.940000,906100
2015-02-25,4.920000,5.260000,4.850000,5.250000,5.250000,1592900
2015-02-26,5.290000,5.330000,4.940000,5.040000,5.040000,2391400
2015-02-27,5.650000,6.250000,5.410000,6.010000,6.010000,12646200
2015-03-02,5.970000,5.990000,5.470000,5.670000,5.670000,5269900
2015-03-03,5.760000,5.840000,5.460000,5.690000,5.690000,2662700
2015-03-04,5.670000,5.700000,5.480000,5.630000,5.630000,1909400
2015-03-05,5.820000,5.830000,5.530000,5.540000,5.540000,1280300
2015-03-06,5.500000,5.620000,5.430000,5.470000,5.470000,1343800
2015-03-09,5.600000,5.600000,5.300000,5.350000,5.350000,1283000
2015-03-10,5.250000,5.310000,5.120000,5.180000,5.180000,1400900
2015-03-11,5.180000,5.300000,5.120000,5.160000,5.160000,1255100
2015-03-12,5.180000,5.220000,4.990000,5.110000,5.110000,1022600
2015-03-13,5.070000,5.170000,5.020000,5.130000,5.130000,987800
2015-03-16,5.120000,5.130000,4.850000,5.040000,5.040000,1379000
2015-03-17,4.990000,5.080000,4.920000,5.020000,5.020000,1104400
2015-03-18,4.990000,5.310000,4.910000,5.270000,5.270000,1571900
2015-03-19,5.180000,5.210000,5.040000,5.130000,5.130000,1080000
2015-03-20,5.190000,5.330000,5.110000,5.170000,5.170000,1595200
2015-03-23,5.150000,5.290000,5.090000,5.100000,5.100000,1154900
2015-03-24,5.130000,5.360000,5.070000,5.340000,5.340000,1013800
2015-03-25,5.360000,5.550000,5.320000,5.410000,5.410000,1328200
2015-03-26,5.500000,5.640000,5.350000,5.580000,5.580000,1338000
2015-03-27,5.590000,5.620000,5.130000,5.270000,5.270000,1856900
2015-03-30,5.350000,5.390000,5.060000,5.180000,5.180000,1138800
2015-03-31,5.350000,5.440000,5.130000,5.340000,5.340000,1322000
2015-04-01,5.330000,5.580000,5.330000,5.490000,5.490000,1364600
2015-04-02,5.380000,5.580000,5.350000,5.450000,5.450000,1198200
2015-04-06,5.400000,5.690000,5.370000,5.660000,5.660000,1429200
2015-04-07,5.630000,6.060000,5.620000,5.710000,5.710000,2009200
2015-04-08,5.720000,5.850000,5.550000,5.550000,5.550000,1375600
2015-04-09,5.600000,5.690000,5.470000,5.590000,5.590000,797700
2015-04-10,5.600000,6.000000,5.600000,5.970000,5.970000,1940800
2015-04-13,6.260000,6.260000,5.960000,6.000000,6.000000,2144900
2015-04-14,6.190000,6.630000,6.160000,6.550000,6.550000,2912700
2015-04-15,6.620000,7.060000,6.580000,6.990000,6.990000,3153500
2015-04-16,7.030000,7.360000,6.910000,7.170000,7.170000,2777400
2015-04-17,7.160000,7.160000,6.910000,7.050000,7.050000,2016500
2015-04-20,7.200000,7.570000,7.000000,7.440000,7.440000,2236000
2015-04-21,7.440000,7.530000,7.000000,7.130000,7.130000,2248700
2015-04-22,7.260000,7.410000,7.130000,7.160000,7.160000,1824700
2015-04-23,7.330000,7.690000,7.200000,7.650000,7.650000,2162600
2015-04-24,7.720000,8.150000,7.590000,8.070000,8.070000,3258700
2015-04-27,8.350000,8.500000,8.050000,8.260000,8.260000,4086200
2015-04-28,8.200000,8.940000,8.200000,8.710000,8.710000,3610200
2015-04-29,8.720000,9.680000,8.720000,8.980000,8.980000,7136700
2015-04-30,9.000000,9.890000,8.530000,9.870000,9.870000,4604500
2015-05-01,9.860000,10.350000,9.660000,10.270000,10.270000,4731800
2015-05-04,10.330000,10.480000,9.160000,9.530000,9.530000,5437400
2015-05-05,9.960000,10.100000,9.400000,9.560000,9.560000,3489900
2015-05-06,9.600000,9.690000,8.840000,8.930000,8.930000,3448500
2015-05-07,8.610000,8.820000,8.270000,8.590000,8.590000,3658800
2015-05-08,8.600000,9.240000,8.100000,8.820000,8.820000,3589200
2015-05-11,9.010000,9.040000,8.460000,8.840000,8.840000,2654800
2015-05-12,7.950000,8.770000,7.670000,8.660000,8.660000,3213900
2015-05-13,8.690000,8.850000,8.400000,8.630000,8.630000,1968400
2015-05-14,8.670000,8.840000,8.480000,8.500000,8.500000,1805400
2015-05-15,8.470000,8.470000,8.070000,8.330000,8.330000,1946000
2015-05-18,8.290000,8.290000,7.950000,8.120000,8.120000,2198300
2015-05-19,8.120000,8.120000,7.570000,7.590000,7.590000,2593500
2015-05-20,7.620000,7.680000,7.320000,7.510000,7.510000,1847800
2015-05-21,7.590000,8.040000,7.490000,7.960000,7.960000,1816000
2015-05-22,7.820000,7.900000,7.450000,7.620000,7.620000,1534200
2015-05-26,7.540000,7.620000,7.300000,7.400000,7.400000,1447300
2015-05-27,7.390000,7.470000,7.230000,7.360000,7.360000,1218600
2015-05-28,7.260000,7.550000,7.220000,7.400000,7.400000,1229100
2015-05-29,7.380000,7.600000,7.340000,7.490000,7.490000,1684600
2015-06-01,7.490000,7.500000,7.220000,7.270000,7.270000,998100
2015-06-02,7.280000,7.730000,7.280000,7.570000,7.570000,1286500
2015-06-03,7.540000,7.830000,7.490000,7.590000,7.590000,1638000
2015-06-04,7.570000,7.600000,7.310000,7.390000,7.390000,902300
2015-06-05,7.360000,7.700000,7.280000,7.630000,7.630000,1028200
2015-06-08,7.560000,7.800000,7.490000,7.630000,7.630000,1154500
2015-06-09,7.700000,7.820000,7.580000,7.590000,7.590000,878700
2015-06-10,7.690000,8.090000,7.600000,8.000000,8.000000,1989100
2015-06-11,8.050000,8.100000,7.600000,7.640000,7.640000,1305600
2015-06-12,7.590000,7.670000,7.530000,7.620000,7.620000,750900
2015-06-15,7.550000,7.690000,7.420000,7.560000,7.560000,944300
2015-06-16,7.540000,7.690000,7.500000,7.680000,7.680000,767100
2015-06-17,7.720000,7.930000,7.660000,7.760000,7.760000,882500
2015-06-18,7.770000,7.900000,7.580000,7.660000,7.660000,1307900
2015-06-19,7.630000,7.730000,7.380000,7.420000,7.420000,2885000
2015-06-22,7.470000,7.630000,7.380000,7.390000,7.390000,966600
2015-06-23,7.360000,7.360000,6.860000,6.980000,6.980000,2646800
2015-06-24,6.990000,7.020000,6.810000,6.830000,6.830000,1317000
2015-06-25,6.860000,6.860000,6.420000,6.500000,6.500000,1883600
2015-06-26,6.460000,6.530000,6.150000,6.210000,6.210000,2498000
2015-06-29,6.060000,6.220000,5.800000,5.800000,5.800000,1788800
2015-06-30,5.900000,6.000000,5.600000,5.620000,5.620000,1416100
2015-07-01,5.680000,5.750000,5.370000,5.400000,5.400000,1621300
2015-07-02,5.410000,5.520000,5.330000,5.370000,5.370000,1001900
2015-07-06,5.300000,5.300000,5.150000,5.230000,5.230000,1440000
2015-07-07,5.210000,5.790000,5.020000,5.780000,5.780000,2705700
2015-07-08,5.700000,5.850000,5.370000,5.560000,5.560000,1825800
2015-07-09,5.750000,6.890000,5.740000,6.300000,6.300000,4759600
2015-07-10,6.370000,6.460000,6.080000,6.180000,6.180000,1849700
2015-07-13,6.200000,6.280000,5.840000,6.160000,6.160000,1667100
2015-07-14,6.160000,6.940000,6.040000,6.780000,6.780000,2487800
2015-07-15,6.750000,6.880000,6.340000,6.380000,6.380000,1481000
2015-07-16,6.430000,6.540000,6.050000,6.050000,6.050000,1449000
2015-07-17,6.060000,6.140000,5.800000,5.910000,5.910000,1204800
2015-07-20,5.890000,5.890000,5.560000,5.590000,5.590000,1226400
2015-07-21,5.590000,6.160000,5.590000,6.050000,6.050000,2057500
2015-07-22,6.020000,6.040000,5.530000,5.630000,5.630000,1836400
2015-07-23,5.720000,5.930000,5.570000,5.780000,5.780000,1269500
2015-07-24,5.780000,5.850000,5.550000,5.630000,5.630000,1220700
2015-07-27,5.550000,5.760000,5.420000,5.440000,5.440000,1434900
2015-07-28,5.480000,5.990000,5.380000,5.910000,5.910000,1977200
2015-07-29,5.820000,6.120000,5.660000,6.030000,6.030000,1794400
2015-07-30,5.970000,6.130000,5.720000,5.850000,5.850000,1388500
2015-07-31,5.800000,5.850000,5.640000,5.760000,5.760000,1210900
2015-08-03,5.730000,5.970000,5.460000,5.770000,5.770000,1642500
2015-08-04,5.770000,6.070000,5.570000,5.700000,5.700000,945100
2015-08-05,5.800000,5.970000,5.550000,5.680000,5.680000,1421900
2015-08-06,5.400000,5.450000,4.760000,5.030000,5.030000,3690100
2015-08-07,5.040000,5.310000,4.820000,4.860000,4.860000,2190300
2015-08-10,4.850000,5.290000,4.770000,5.250000,5.250000,1458400
2015-08-11,5.100000,5.250000,4.950000,5.110000,5.110000,1365000
2015-08-12,5.070000,5.450000,5.030000,5.360000,5.360000,1703600
2015-08-13,5.220000,5.330000,5.000000,5.040000,5.040000,1639000
2015-08-14,5.000000,5.070000,4.910000,4.940000,4.940000,930700
2015-08-17,4.900000,5.030000,4.700000,4.720000,4.720000,1536900
2015-08-18,4.710000,4.750000,4.510000,4.570000,4.570000,1324600
2015-08-19,4.520000,4.570000,4.160000,4.260000,4.260000,2218900
2015-08-20,4.220000,4.300000,4.110000,4.170000,4.170000,1393700
2015-08-21,4.100000,4.270000,4.020000,4.020000,4.020000,1937000
2015-08-24,3.800000,4.280000,3.730000,4.010000,4.010000,2174400
2015-08-25,4.270000,4.440000,4.070000,4.130000,4.130000,1551000
2015-08-26,4.230000,4.430000,4.070000,4.430000,4.430000,1545700
2015-08-27,4.520000,4.950000,4.480000,4.900000,4.900000,1927900
2015-08-28,4.880000,5.370000,4.800000,5.170000,5.170000,1533000
2015-08-31,5.070000,5.380000,4.970000,5.320000,5.320000,1356000
2015-09-01,5.270000,5.280000,4.760000,4.900000,4.900000,1210000
2015-09-02,4.960000,5.160000,4.770000,5.050000,5.050000,704800
2015-09-03,5.020000,5.410000,5.010000,5.270000,5.270000,1337200
2015-09-04,5.340000,5.350000,5.030000,5.050000,5.050000,841500
2015-09-08,5.100000,5.250000,4.960000,5.030000,5.030000,1248700
2015-09-09,5.030000,5.200000,4.780000,4.780000,4.780000,1244100
2015-09-10,4.760000,4.840000,4.620000,4.750000,4.750000,756100
2015-09-11,4.650000,4.690000,3.940000,4.070000,4.070000,3190300
2015-09-14,4.140000,4.180000,4.000000,4.070000,4.070000,1112600
2015-09-15,4.110000,4.350000,4.100000,4.340000,4.340000,1086300
2015-09-16,4.390000,4.850000,4.360000,4.840000,4.840000,1754600
2015-09-17,4.890000,5.190000,4.780000,4.970000,4.970000,1900700
2015-09-18,4.890000,5.080000,4.730000,5.000000,5.000000,4078800
2015-09-21,5.100000,5.320000,5.010000,5.280000,5.280000,2054900
2015-09-22,5.150000,5.340000,5.050000,5.340000,5.340000,853300
2015-09-23,5.380000,5.380000,4.910000,4.990000,4.990000,873100
2015-09-24,4.950000,5.120000,4.760000,5.030000,5.030000,997600
2015-09-25,5.100000,5.180000,4.800000,4.820000,4.820000,877600
2015-09-28,4.740000,4.780000,4.290000,4.300000,4.300000,1288400
2015-09-29,4.270000,4.530000,4.250000,4.260000,4.260000,910600
2015-09-30,4.300000,4.640000,4.270000,4.500000,4.500000,1154400
2015-10-01,4.490000,5.000000,4.360000,4.620000,4.620000,1530100
2015-10-02,4.500000,4.950000,4.500000,4.920000,4.920000,1011300
2015-10-05,5.000000,5.370000,4.930000,5.370000,5.370000,1719300
2015-10-06,5.330000,6.050000,5.250000,6.010000,6.010000,1814300
2015-10-07,6.120000,6.350000,5.720000,5.900000,5.900000,1879500
2015-10-08,5.900000,6.440000,5.840000,6.350000,6.350000,1709100
2015-10-09,6.280000,6.330000,5.600000,5.780000,5.780000,1789600
2015-10-12,5.710000,5.710000,5.320000,5.590000,5.590000,1099600
2015-10-13,5.490000,5.650000,5.030000,5.110000,5.110000,1107100
2015-10-14,4.960000,5.260000,4.960000,5.210000,5.210000,740400
2015-10-15,5.250000,5.550000,5.050000,5.540000,5.540000,1185900
2015-10-16,5.560000,5.890000,5.520000,5.830000,5.830000,1073000
2015-10-19,5.850000,5.850000,5.230000,5.480000,5.480000,1191000
2015-10-20,5.290000,5.890000,5.290000,5.820000,5.820000,1041800
2015-10-21,5.730000,5.730000,5.300000,5.300000,5.300000,1057400
2015-10-22,5.350000,5.470000,5.040000,5.220000,5.220000,759100
2015-10-23,5.250000,5.420000,5.150000,5.290000,5.290000,819200
2015-10-26,5.230000,5.570000,5.160000,5.350000,5.350000,614200
2015-10-27,5.210000,5.380000,5.040000,5.090000,5.090000,1114400
2015-10-28,5.090000,5.560000,5.090000,5.470000,5.470000,1341400
2015-10-29,5.410000,5.740000,5.350000,5.390000,5.390000,1014000
2015-10-30,5.430000,5.730000,5.350000,5.650000,5.650000,990100
2015-11-02,5.450000,5.880000,5.450000,5.790000,5.790000,921200
2015-11-03,5.890000,6.180000,5.800000,6.020000,6.020000,1400900
2015-11-04,6.050000,6.200000,5.630000,5.760000,5.760000,1458100
2015-11-05,5.760000,5.780000,5.400000,5.580000,5.580000,1254600
2015-11-06,5.510000,5.510000,5.100000,5.220000,5.220000,2322000
2015-11-09,5.100000,5.460000,5.100000,5.410000,5.410000,1102300
2015-11-10,5.310000,5.660000,5.290000,5.550000,5.550000,910500
2015-11-11,5.540000,5.600000,5.060000,5.080000,5.080000,1455900
2015-11-12,4.890000,5.240000,4.570000,4.950000,4.950000,1727400
2015-11-13,4.940000,5.000000,4.700000,4.870000,4.870000,1098000
2015-11-16,4.660000,5.100000,4.660000,5.020000,5.020000,1108100
2015-11-17,4.980000,5.010000,4.760000,4.830000,4.830000,798100
2015-11-18,4.850000,5.030000,4.710000,4.990000,4.990000,1189500
2015-11-19,4.890000,5.000000,4.810000,4.870000,4.870000,801300
2015-11-20,4.870000,4.940000,4.740000,4.760000,4.760000,824500
2015-11-23,4.740000,4.850000,4.580000,4.760000,4.760000,965200
2015-11-24,4.760000,5.050000,4.740000,4.910000,4.910000,1346000
2015-11-25,4.850000,4.980000,4.710000,4.760000,4.760000,1290800
2015-11-27,4.750000,4.890000,4.640000,4.710000,4.710000,761900
2015-11-30,4.720000,4.880000,4.620000,4.710000,4.710000,994700
2015-12-01,4.720000,4.760000,4.600000,4.700000,4.700000,783000
2015-12-02,4.540000,4.640000,4.350000,4.440000,4.440000,1815600
2015-12-03,4.490000,4.670000,4.400000,4.500000,4.500000,1630600
2015-12-04,4.430000,4.490000,4.150000,4.190000,4.190000,1844900
2015-12-07,4.140000,4.160000,3.710000,3.830000,3.830000,2666500
2015-12-08,3.850000,3.920000,3.730000,3.780000,3.780000,1549900
2015-12-09,3.790000,4.080000,3.650000,3.900000,3.900000,2719600
2015-12-10,3.870000,3.940000,3.810000,3.850000,3.850000,1393600
2015-12-11,3.800000,3.830000,3.650000,3.690000,3.690000,1281300
2015-12-14,3.690000,3.840000,3.540000,3.600000,3.600000,1541000
2015-12-15,3.630000,3.750000,3.600000,3.690000,3.690000,1654600
2015-12-16,3.700000,3.890000,3.510000,3.580000,3.580000,3170600
2015-12-17,3.570000,3.650000,3.460000,3.580000,3.580000,1719500
2015-12-18,3.650000,3.650000,3.410000,3.490000,3.490000,6600000
2015-12-21,3.530000,3.550000,3.210000,3.290000,3.290000,3811500
2015-12-22,3.320000,3.580000,3.210000,3.550000,3.550000,1820000
2015-12-23,3.650000,3.950000,3.580000,3.910000,3.910000,2040200
2015-12-24,3.920000,3.950000,3.770000,3.800000,3.800000,777400
2015-12-28,3.750000,3.800000,3.650000,3.720000,3.720000,1242100
2015-12-29,3.800000,3.820000,3.570000,3.670000,3.670000,1078900
2015-12-30,3.590000,3.760000,3.540000,3.570000,3.570000,1019900
2015-12-31,3.510000,3.690000,3.510000,3.600000,3.600000,1162100
2016-01-04,3.580000,3.670000,3.360000,3.500000,3.500000,1321600
2016-01-05,3.630000,3.800000,3.560000,3.630000,3.630000,1986200
2016-01-06,3.530000,3.580000,3.370000,3.450000,3.450000,1517300
2016-01-07,3.330000,3.530000,3.300000,3.340000,3.340000,1297300
2016-01-08,3.360000,3.510000,3.360000,3.380000,3.380000,1369200
2016-01-11,3.370000,3.430000,3.110000,3.210000,3.210000,1569000
2016-01-12,3.350000,3.350000,2.800000,2.970000,2.970000,2261900
2016-01-13,3.050000,3.190000,2.880000,2.900000,2.900000,1351900
2016-01-14,2.930000,2.960000,2.660000,2.790000,2.790000,3088100
2016-01-15,2.560000,2.750000,2.560000,2.630000,2.630000,2656700
2016-01-19,2.630000,2.650000,2.320000,2.410000,2.410000,1914500
2016-01-20,2.280000,2.510000,2.150000,2.490000,2.490000,2151500
2016-01-21,2.490000,2.750000,2.480000,2.590000,2.590000,1452800
2016-01-22,2.730000,2.870000,2.620000,2.800000,2.800000,1756300
2016-01-25,2.750000,2.770000,2.500000,2.510000,2.510000,1253600
2016-01-26,2.580000,2.650000,2.460000,2.590000,2.590000,1025900
2016-01-27,2.540000,2.600000,2.410000,2.460000,2.460000,1352400
2016-01-28,2.610000,2.650000,2.440000,2.550000,2.550000,1383600
2016-01-29,2.610000,2.690000,2.550000,2.680000,2.680000,1132700
2016-02-01,2.590000,2.590000,2.460000,2.510000,2.510000,987900
2016-02-02,2.450000,2.530000,2.380000,2.400000,2.400000,828700
2016-02-03,2.440000,2.500000,2.250000,2.500000,2.500000,1104300
2016-02-04,2.510000,2.660000,2.400000,2.500000,2.500000,1276800
2016-02-05,2.510000,2.540000,2.420000,2.420000,2.420000,919100
2016-02-08,2.400000,2.420000,2.220000,2.280000,2.280000,1433700
2016-02-09,2.250000,2.320000,2.150000,2.250000,2.250000,1025000
2016-02-10,2.300000,2.450000,2.170000,2.280000,2.280000,1129900
2016-02-11,2.210000,2.340000,2.160000,2.310000,2.310000,986100
2016-02-12,2.440000,2.510000,2.320000,2.500000,2.500000,1241900
2016-02-16,2.550000,2.590000,2.250000,2.360000,2.360000,1258800
2016-02-17,2.430000,2.550000,2.410000,2.520000,2.520000,1331600
2016-02-18,2.520000,2.750000,2.350000,2.570000,2.570000,3087000
2016-02-19,2.520000,2.560000,2.330000,2.420000,2.420000,1331400
2016-02-22,2.480000,2.600000,2.450000,2.540000,2.540000,1199300
2016-02-23,2.530000,2.550000,2.400000,2.420000,2.420000,1036900
2016-02-24,2.360000,2.530000,2.340000,2.510000,2.510000,1117500
2016-02-25,2.480000,2.500000,2.370000,2.440000,2.440000,845700
2016-02-26,2.510000,2.570000,2.410000,2.480000,2.480000,1225800
2016-02-29,2.510000,2.880000,2.490000,2.880000,2.880000,2771100
2016-03-01,2.970000,2.980000,2.670000,2.770000,2.770000,1736000
2016-03-02,2.850000,3.110000,2.790000,3.030000,3.030000,2127700
2016-03-03,3.100000,3.500000,3.040000,3.450000,3.450000,3083100
2016-03-04,3.710000,3.760000,2.850000,3.250000,3.250000,6516400
2016-03-07,3.230000,3.250000,3.120000,3.160000,3.160000,1966700
2016-03-08,3.100000,3.190000,2.910000,3.020000,3.020000,2248500
2016-03-09,3.100000,3.550000,3.060000,3.420000,3.420000,3100200
2016-03-10,3.400000,3.420000,3.030000,3.160000,3.160000,1973300
2016-03-11,3.260000,3.380000,3.190000,3.240000,3.240000,1303800
2016-03-14,3.180000,3.240000,2.950000,3.080000,3.080000,2762000
2016-03-15,3.000000,3.010000,2.770000,2.960000,2.960000,1626900
2016-03-16,2.890000,2.980000,2.870000,2.960000,2.960000,1187500
2016-03-17,2.860000,3.080000,2.860000,3.020000,3.020000,1864300
2016-03-18,3.160000,3.160000,3.000000,3.070000,3.070000,3864800
2016-03-21,3.080000,3.220000,3.080000,3.180000,3.180000,1440500
2016-03-22,3.140000,3.200000,3.080000,3.110000,3.110000,995700
2016-03-23,3.050000,3.110000,2.910000,2.910000,2.910000,1514200
2016-03-24,2.880000,3.000000,2.830000,2.960000,2.960000,1036700
2016-03-28,2.990000,3.020000,2.880000,2.930000,2.930000,797400
2016-03-29,2.850000,3.050000,2.800000,2.960000,2.960000,1143500
2016-03-30,2.980000,3.060000,2.900000,2.950000,2.950000,1007700
2016-03-31,2.930000,3.040000,2.920000,2.930000,2.930000,1356700
2016-04-01,2.900000,2.940000,2.840000,2.880000,2.880000,976300
2016-04-04,2.870000,2.990000,2.840000,2.940000,2.940000,1507400
2016-04-05,2.940000,2.960000,2.780000,2.810000,2.810000,1404300
2016-04-06,2.870000,2.940000,2.780000,2.880000,2.880000,1543500
2016-04-07,2.860000,2.940000,2.820000,2.830000,2.830000,1324900
2016-04-08,2.890000,2.990000,2.870000,2.910000,2.910000,1322600
2016-04-11,2.960000,2.960000,2.860000,2.880000,2.880000,3075700
2016-04-12,2.900000,3.170000,2.900000,3.090000,3.090000,2693300
2016-04-13,3.100000,3.240000,3.030000,3.120000,3.120000,1743700
2016-04-14,3.120000,3.230000,3.040000,3.080000,3.080000,1559700
2016-04-15,3.040000,3.100000,3.000000,3.010000,3.010000,1062700
2016-04-18,2.990000,3.130000,2.950000,3.120000,3.120000,1122100
2016-04-19,3.160000,3.480000,3.160000,3.400000,3.400000,2251500
2016-04-20,3.280000,3.300000,3.010000,3.060000,3.060000,2883900
2016-04-21,3.060000,3.080000,2.980000,3.010000,3.010000,1654200
2016-04-22,2.990000,3.030000,2.950000,2.950000,2.950000,1351700
2016-04-25,2.970000,3.010000,2.900000,2.930000,2.930000,1181500
2016-04-26,2.940000,2.970000,2.830000,2.860000,2.860000,1265600
2016-04-27,2.900000,3.020000,2.870000,2.890000,2.890000,1709300
2016-04-28,2.900000,3.010000,2.880000,2.890000,2.890000,1765100
2016-04-29,2.940000,2.980000,2.840000,2.860000,2.860000,1403700
2016-05-02,2.960000,2.970000,2.830000,2.840000,2.840000,1395800
2016-05-03,2.830000,2.840000,2.770000,2.780000,2.780000,1444200
2016-05-04,2.810000,2.840000,2.710000,2.780000,2.780000,1554400
2016-05-05,2.850000,2.870000,2.650000,2.750000,2.750000,1515400
2016-05-06,2.830000,3.150000,2.780000,3.150000,3.150000,5184400
2016-05-09,3.270000,3.290000,3.040000,3.160000,3.160000,3050200
2016-05-10,3.210000,3.290000,3.070000,3.250000,3.250000,2280000
2016-05-11,3.220000,3.320000,3.150000,3.230000,3.230000,1518600
2016-05-12,3.260000,3.300000,3.080000,3.130000,3.130000,1706900
2016-05-13,3.120000,3.230000,3.090000,3.110000,3.110000,1161200
2016-05-16,3.150000,3.230000,3.100000,3.200000,3.200000,1113100
2016-05-17,3.200000,3.230000,3.000000,3.070000,3.070000,2517900
2016-05-18,3.050000,3.110000,2.960000,2.990000,2.990000,1391900
2016-05-19,2.980000,3.050000,2.890000,2.970000,2.970000,1038600
2016-05-20,2.990000,3.090000,2.940000,2.960000,2.960000,1286100
2016-05-23,2.960000,3.150000,2.950000,3.080000,3.080000,1761100
2016-05-24,3.110000,3.160000,3.010000,3.090000,3.090000,1873800
2016-05-25,3.110000,3.180000,3.090000,3.140000,3.140000,1298400
2016-05-26,3.190000,3.220000,3.080000,3.130000,3.130000,1397000
2016-05-27,3.100000,3.180000,3.080000,3.140000,3.140000,1114200
2016-05-31,3.150000,3.330000,3.150000,3.250000,3.250000,2185500
2016-06-01,3.210000,3.360000,3.180000,3.350000,3.350000,1623200
2016-06-02,3.370000,3.670000,3.360000,3.610000,3.610000,2685900
2016-06-03,3.630000,3.700000,3.510000,3.550000,3.550000,1385300
2016-06-06,3.560000,3.750000,3.560000,3.750000,3.750000,1895300
2016-06-07,3.760000,3.970000,3.740000,3.860000,3.860000,2580000
2016-06-08,3.910000,3.970000,3.780000,3.810000,3.810000,1539200
2016-06-09,3.760000,3.770000,3.620000,3.640000,3.640000,1741700
2016-06-10,3.560000,3.600000,3.470000,3.480000,3.480000,1257800
2016-06-13,3.420000,3.450000,3.280000,3.290000,3.290000,2045000
2016-06-14,3.260000,3.370000,3.220000,3.280000,3.280000,1687700
2016-06-15,3.270000,3.440000,3.260000,3.350000,3.350000,1214500
2016-06-16,3.300000,3.410000,3.220000,3.400000,3.400000,1326000
2016-06-17,3.430000,3.450000,3.300000,3.330000,3.330000,1768400
2016-06-20,3.380000,3.450000,3.350000,3.390000,3.390000,1120900
2016-06-21,3.390000,3.410000,3.320000,3.380000,3.380000,655200
2016-06-22,3.450000,3.480000,3.320000,3.360000,3.360000,1256000
2016-06-23,3.380000,3.440000,3.330000,3.350000,3.350000,765300
2016-06-24,3.190000,3.260000,3.080000,3.260000,3.260000,3468300
2016-06-27,3.220000,3.230000,3.020000,3.070000,3.070000,1812300
2016-06-28,3.210000,3.440000,3.190000,3.430000,3.430000,2037400
2016-06-29,3.470000,3.480000,3.340000,3.420000,3.420000,1477500
2016-06-30,3.420000,3.490000,3.350000,3.470000,3.470000,1027600
2016-07-01,3.480000,3.610000,3.480000,3.540000,3.540000,1186500
2016-07-05,3.490000,3.530000,3.350000,3.380000,3.380000,895600
2016-07-06,3.370000,3.440000,3.290000,3.390000,3.390000,791900
2016-07-07,3.390000,3.470000,3.330000,3.360000,3.360000,788000
2016-07-08,3.400000,3.460000,3.340000,3.410000,3.410000,1137200
2016-07-11,3.450000,3.490000,3.420000,3.440000,3.440000,674000
2016-07-12,3.490000,3.580000,3.470000,3.570000,3.570000,1102500
2016-07-13,3.580000,3.650000,3.500000,3.570000,3.570000,1197400
2016-07-14,3.610000,3.630000,3.540000,3.550000,3.550000,621100
2016-07-15,3.570000,3.600000,3.400000,3.460000,3.460000,1681500
2016-07-18,3.420000,3.470000,3.310000,3.390000,3.390000,1840500
2016-07-19,3.360000,3.400000,3.220000,3.230000,3.230000,2108400
2016-07-20,3.220000,3.220000,3.080000,3.170000,3.170000,1940200
2016-07-21,3.160000,3.240000,3.140000,3.160000,3.160000,1321700
2016-07-22,3.150000,3.180000,3.080000,3.120000,3.120000,1251100
2016-07-25,3.110000,3.160000,3.080000,3.090000,3.090000,1039700
2016-07-26,3.080000,3.160000,3.060000,3.110000,3.110000,1053300
2016-07-27,3.130000,3.190000,3.030000,3.100000,3.100000,1655300
2016-07-28,3.080000,3.090000,3.000000,3.020000,3.020000,1433000
2016-07-29,3.020000,3.050000,2.920000,2.990000,2.990000,1779600
2016-08-01,2.990000,3.050000,2.850000,2.870000,2.870000,2021600
2016-08-02,2.870000,2.920000,2.720000,2.760000,2.760000,1941800
2016-08-03,2.770000,2.870000,2.700000,2.820000,2.820000,1387900
2016-08-04,2.850000,2.860000,2.750000,2.780000,2.780000,1235500
2016-08-05,2.780000,2.830000,2.720000,2.810000,2.810000,1460600
2016-08-08,2.850000,2.920000,2.840000,2.860000,2.860000,2058900
2016-08-09,2.860000,2.950000,2.800000,2.910000,2.910000,3472600
2016-08-10,3.350000,3.600000,3.160000,3.360000,3.360000,15609400
2016-08-11,3.440000,3.470000,3.380000,3.400000,3.400000,3362700
2016-08-12,3.440000,3.540000,3.370000,3.450000,3.450000,2908700
2016-08-15,3.480000,3.630000,3.480000,3.520000,3.520000,2676300
2016-08-16,3.610000,3.920000,3.580000,3.830000,3.830000,5298800
2016-08-17,3.920000,4.130000,3.830000,4.070000,4.070000,6264800
2016-08-18,4.150000,4.490000,4.130000,4.350000,4.350000,6039200
2016-08-19,4.450000,4.500000,3.980000,4.210000,4.210000,5689800
2016-08-22,4.200000,4.300000,3.850000,4.280000,4.280000,3368500
2016-08-23,4.260000,4.400000,4.250000,4.360000,4.360000,1708100
2016-08-24,4.300000,4.350000,4.180000,4.210000,4.210000,2574700
2016-08-25,4.220000,4.430000,4.140000,4.340000,4.340000,2636900
2016-08-26,4.380000,4.380000,4.260000,4.360000,4.360000,2698100
2016-08-29,4.310000,4.460000,4.290000,4.400000,4.400000,2274700
2016-08-30,4.450000,4.660000,4.430000,4.610000,4.610000,2959600
2016-08-31,4.620000,4.630000,4.260000,4.370000,4.370000,4164500
2016-09-01,4.750000,4.800000,4.550000,4.610000,4.610000,4973100
2016-09-02,4.690000,4.720000,4.430000,4.570000,4.570000,3130500
2016-09-06,4.640000,4.730000,4.580000,4.640000,4.640000,2780500
2016-09-07,4.610000,4.700000,4.610000,4.680000,4.680000,2000400
2016-09-08,4.650000,4.670000,4.530000,4.630000,4.630000,2161100
2016-09-09,4.600000,4.630000,4.460000,4.470000,4.470000,2753200
2016-09-12,4.350000,4.540000,4.200000,4.520000,4.520000,4652300
2016-09-13,4.440000,4.490000,4.250000,4.400000,4.400000,2433800
2016-09-14,4.370000,4.490000,4.280000,4.310000,4.310000,1741300
2016-09-15,4.320000,4.510000,4.320000,4.410000,4.410000,1747800
2016-09-16,4.360000,4.450000,4.300000,4.360000,4.360000,4354200
2016-09-19,4.410000,4.410000,4.120000,4.280000,4.280000,2567400
2016-09-20,4.240000,4.320000,4.110000,4.180000,4.180000,1617200
2016-09-21,4.200000,4.400000,4.180000,4.370000,4.370000,2022700
2016-09-22,4.410000,4.500000,4.400000,4.420000,4.420000,1563400
2016-09-23,4.380000,4.440000,4.240000,4.300000,4.300000,1631800
2016-09-26,4.330000,4.500000,4.290000,4.400000,4.400000,2319800
2016-09-27,4.320000,4.370000,4.250000,4.350000,4.350000,1398900
2016-09-28,4.360000,4.580000,4.300000,4.520000,4.520000,2171300
2016-09-29,4.520000,4.590000,4.330000,4.420000,4.420000,2345800
2016-09-30,4.430000,4.500000,4.350000,4.470000,4.470000,1598500
2016-10-03,4.470000,4.540000,4.380000,4.510000,4.510000,1365300
2016-10-04,4.530000,4.570000,4.420000,4.490000,4.490000,1576100
2016-10-05,4.520000,4.580000,4.470000,4.490000,4.490000,1260900
2016-10-06,4.480000,4.620000,4.460000,4.510000,4.510000,1545200
2016-10-07,4.520000,4.570000,4.440000,4.500000,4.500000,1345000
2016-10-10,4.520000,4.620000,4.480000,4.510000,4.510000,1690700
2016-10-11,4.500000,4.530000,4.320000,4.390000,4.390000,1726600
2016-10-12,4.390000,4.430000,4.300000,4.350000,4.350000,1021600
2016-10-13,4.340000,4.340000,4.200000,4.280000,4.280000,1384500
2016-10-14,4.280000,4.330000,4.220000,4.280000,4.280000,1200300
2016-10-17,4.280000,4.310000,4.210000,4.230000,4.230000,1003000
2016-10-18,4.280000,4.340000,4.220000,4.230000,4.230000,1063800
2016-10-19,4.260000,4.370000,4.220000,4.320000,4.320000,1202900
2016-10-20,4.300000,4.350000,4.220000,4.280000,4.280000,687100
2016-10-21,4.250000,4.410000,4.250000,4.350000,4.350000,800600
2016-10-24,4.360000,4.440000,4.300000,4.360000,4.360000,857300
2016-10-25,4.310000,4.400000,4.260000,4.290000,4.290000,1048900
2016-10-26,4.250000,4.360000,4.210000,4.260000,4.260000,1707500
2016-10-27,4.300000,4.340000,4.160000,4.200000,4.200000,1169100
2016-10-28,4.220000,4.230000,4.070000,4.100000,4.100000,1243100
2016-10-31,4.120000,4.150000,4.020000,4.110000,4.110000,1568800
2016-11-01,4.110000,4.170000,3.980000,4.100000,4.100000,1628600
2016-11-02,4.040000,4.120000,4.000000,4.100000,4.100000,1676100
2016-11-03,4.130000,4.230000,4.040000,4.150000,4.150000,1860800
2016-11-04,3.700000,3.820000,3.360000,3.420000,3.420000,6206300
2016-11-07,3.580000,3.590000,3.370000,3.550000,3.550000,3474900
2016-11-08,3.510000,3.720000,3.510000,3.610000,3.610000,1741600
2016-11-09,3.360000,3.850000,3.340000,3.760000,3.760000,2496900
2016-11-10,3.800000,3.850000,3.550000,3.620000,3.620000,3254300
2016-11-11,3.600000,3.660000,3.520000,3.620000,3.620000,1490700
2016-11-14,3.580000,3.690000,3.550000,3.620000,3.620000,1365700
2016-11-15,3.630000,3.770000,3.630000,3.670000,3.670000,1761700
2016-11-16,3.690000,3.830000,3.660000,3.790000,3.790000,1833800
2016-11-17,3.770000,3.830000,3.680000,3.690000,3.690000,1377800
2016-11-18,3.700000,3.770000,3.630000,3.650000,3.650000,1174400
2016-11-21,3.670000,3.750000,3.650000,3.730000,3.730000,1617900
2016-11-22,3.750000,3.780000,3.630000,3.680000,3.680000,1474300
2016-11-23,3.660000,3.710000,3.630000,3.700000,3.700000,913500
2016-11-25,3.660000,3.740000,3.660000,3.690000,3.690000,391300
2016-11-28,3.700000,3.720000,3.500000,3.510000,3.510000,1679400
2016-11-29,3.490000,3.530000,3.360000,3.430000,3.430000,1419200
2016-11-30,3.590000,3.690000,3.550000,3.640000,3.640000,1908200
2016-12-01,3.700000,3.700000,3.500000,3.550000,3.550000,1451800
2016-12-02,3.470000,3.600000,3.450000,3.500000,3.500000,1169700
2016-12-05,3.540000,3.560000,3.450000,3.470000,3.470000,1416600
2016-12-06,3.570000,3.600000,3.470000,3.530000,3.530000,1834300
2016-12-07,3.490000,3.560000,3.480000,3.520000,3.520000,1398700
2016-12-08,3.520000,3.540000,3.450000,3.490000,3.490000,1444300
2016-12-09,3.490000,3.530000,3.430000,3.450000,3.450000,1502500
2016-12-12,3.500000,3.540000,3.400000,3.450000,3.450000,2225100
2016-12-13,3.490000,3.500000,3.230000,3.260000,3.260000,3054600
2016-12-14,3.260000,3.420000,3.260000,3.310000,3.310000,2100900
2016-12-15,3.300000,3.390000,3.150000,3.320000,3.320000,6600800
2016-12-16,3.300000,3.350000,3.270000,3.280000,3.280000,3749700
2016-12-19,3.290000,3.320000,3.250000,3.280000,3.280000,1639100
2016-12-20,3.280000,3.410000,3.270000,3.360000,3.360000,1480900
2016-12-21,3.380000,3.440000,3.350000,3.360000,3.360000,1237500
2016-12-22,3.320000,3.340000,3.010000,3.020000,3.020000,3505300
2016-12-23,3.100000,3.100000,2.960000,3.060000,3.060000,1756000
2016-12-27,3.050000,3.120000,3.030000,3.060000,3.060000,1204900
2016-12-28,3.060000,3.080000,2.980000,3.020000,3.020000,1832000
2016-12-29,3.000000,3.010000,2.960000,2.980000,2.980000,1677600
2016-12-30,2.960000,2.980000,2.840000,2.860000,2.860000,2498300
2017-01-03,2.920000,3.100000,2.900000,3.090000,3.090000,2447100
2017-01-04,3.120000,3.290000,3.120000,3.230000,3.230000,2630800
2017-01-05,3.250000,3.260000,3.130000,3.140000,3.140000,1292500
2017-01-06,3.120000,3.140000,3.050000,3.060000,3.060000,1061300
2017-01-09,3.040000,3.060000,2.910000,2.910000,2.910000,1813400
2017-01-10,2.910000,2.940000,2.890000,2.900000,2.900000,1893900
2017-01-11,2.900000,2.960000,2.870000,2.960000,2.960000,2465900
2017-01-12,2.970000,2.990000,2.880000,2.940000,2.940000,2126100
2017-01-13,2.940000,2.960000,2.820000,2.830000,2.830000,1772700
2017-01-17,2.870000,2.900000,2.710000,2.720000,2.720000,1816000
2017-01-18,2.720000,2.760000,2.660000,2.730000,2.730000,1197000
2017-01-19,2.760000,2.790000,2.660000,2.670000,2.670000,1291700
2017-01-20,2.680000,2.710000,2.640000,2.670000,2.670000,1002800
2017-01-23,2.680000,2.700000,2.630000,2.680000,2.680000,1065800
2017-01-24,2.700000,2.790000,2.670000,2.760000,2.760000,1093800
2017-01-25,2.790000,2.810000,2.750000,2.800000,2.800000,1602100
2017-01-26,2.820000,2.880000,2.720000,2.730000,2.730000,1110400
2017-01-27,2.710000,2.760000,2.670000,2.680000,2.680000,825200
2017-01-30,2.670000,2.670000,2.500000,2.550000,2.550000,2106900
2017-01-31,2.540000,2.610000,2.490000,2.590000,2.590000,1490800
2017-02-01,2.600000,2.620000,2.500000,2.530000,2.530000,1431600
2017-02-02,2.520000,2.550000,2.380000,2.390000,2.390000,2147900
2017-02-03,2.410000,2.550000,2.400000,2.530000,2.530000,1382200
2017-02-06,2.510000,2.570000,2.460000,2.480000,2.480000,651600
2017-02-07,2.530000,2.550000,2.450000,2.490000,2.490000,1120900
2017-02-08,2.460000,2.520000,2.430000,2.520000,2.520000,1190100
2017-02-09,2.540000,2.590000,2.520000,2.550000,2.550000,899500
2017-02-10,2.550000,2.590000,2.510000,2.570000,2.570000,673700
2017-02-13,2.560000,2.590000,2.540000,2.550000,2.550000,1005300
2017-02-14,2.550000,2.630000,2.530000,2.610000,2.610000,789800
2017-02-15,2.590000,2.610000,2.540000,2.560000,2.560000,805600
2017-02-16,2.550000,2.560000,2.500000,2.510000,2.510000,1086100
2017-02-17,2.510000,2.540000,2.460000,2.490000,2.490000,1049800
2017-02-21,2.530000,2.600000,2.490000,2.590000,2.590000,1032600
2017-02-22,2.600000,2.610000,2.500000,2.530000,2.530000,1426300
2017-02-23,2.540000,2.570000,2.480000,2.560000,2.560000,1158700
2017-02-24,2.530000,2.540000,2.470000,2.490000,2.490000,1157600
2017-02-27,2.490000,2.550000,2.460000,2.540000,2.540000,716800
2017-02-28,2.510000,2.540000,2.450000,2.450000,2.450000,1535000
2017-03-01,3.020000,3.120000,2.670000,2.860000,2.860000,9939400
2017-03-02,2.870000,2.880000,2.600000,2.610000,2.610000,2352700
2017-03-03,2.610000,2.630000,2.510000,2.530000,2.530000,1851100
2017-03-06,2.510000,2.740000,2.480000,2.700000,2.700000,2460600
2017-03-07,2.730000,2.730000,2.540000,2.570000,2.570000,3048400
2017-03-08,2.650000,2.800000,2.550000,2.590000,2.590000,4223900
2017-03-09,2.610000,2.620000,2.450000,2.570000,2.570000,2994800
2017-03-10,2.580000,2.650000,2.560000,2.600000,2.600000,1470900
2017-03-13,2.620000,2.660000,2.520000,2.590000,2.590000,1511700
2017-03-14,2.540000,2.540000,2.410000,2.440000,2.440000,2929100
2017-03-15,2.440000,2.480000,2.400000,2.470000,2.470000,1410900
2017-03-16,2.480000,2.540000,2.440000,2.510000,2.510000,1324800
2017-03-17,2.500000,2.520000,2.450000,2.470000,2.470000,4355400
2017-03-20,2.480000,2.590000,2.450000,2.580000,2.580000,1300900
2017-03-21,2.580000,2.650000,2.480000,2.490000,2.490000,1035600
2017-03-22,2.480000,2.500000,2.410000,2.430000,2.430000,1235500
2017-03-23,2.440000,2.480000,2.400000,2.400000,2.400000,1053600
2017-03-24,2.430000,2.480000,2.410000,2.420000,2.420000,698200
2017-03-27,2.400000,2.510000,2.380000,2.500000,2.500000,1052700
2017-03-28,2.490000,2.550000,2.470000,2.540000,2.540000,804900
2017-03-29,2.540000,2.680000,2.510000,2.600000,2.600000,1637100
2017-03-30,2.610000,2.680000,2.590000,2.610000,2.610000,1300000
2017-03-31,2.590000,2.630000,2.550000,2.550000,2.550000,1630600
2017-04-03,2.570000,2.620000,2.520000,2.550000,2.550000,1116000
2017-04-04,2.540000,2.630000,2.520000,2.550000,2.550000,1129500
2017-04-05,2.590000,2.650000,2.510000,2.540000,2.540000,2531300
2017-04-06,2.540000,2.580000,2.500000,2.540000,2.540000,828000
2017-04-07,2.530000,2.560000,2.490000,2.510000,2.510000,1205500
2017-04-10,2.520000,2.590000,2.510000,2.560000,2.560000,642900
2017-04-11,2.560000,2.620000,2.560000,2.580000,2.580000,777000
2017-04-12,2.590000,2.620000,2.520000,2.530000,2.530000,502900
2017-04-13,2.520000,2.560000,2.460000,2.480000,2.480000,1540700
2017-04-17,2.500000,2.500000,2.410000,2.470000,2.470000,1114000
2017-04-18,2.460000,2.490000,2.400000,2.480000,2.480000,846600
2017-04-19,2.490000,2.500000,2.400000,2.450000,2.450000,1218200
2017-04-20,2.440000,2.490000,2.420000,2.480000,2.480000,727400
2017-04-21,2.470000,2.510000,2.460000,2.490000,2.490000,866900
2017-04-24,2.510000,2.520000,2.430000,2.440000,2.440000,1034400
2017-04-25,2.440000,2.500000,2.440000,2.460000,2.460000,697800
2017-04-26,2.450000,2.530000,2.440000,2.490000,2.490000,910500
2017-04-27,2.480000,2.510000,2.450000,2.480000,2.480000,470300
2017-04-28,2.480000,2.500000,2.420000,2.440000,2.440000,683900
2017-05-01,2.440000,2.460000,2.400000,2.450000,2.450000,846000
2017-05-02,2.460000,2.460000,2.410000,2.420000,2.420000,773500
2017-05-03,2.420000,2.430000,2.400000,2.410000,2.410000,755600
2017-05-04,2.400000,2.430000,2.350000,2.360000,2.360000,1638500
2017-05-05,2.490000,2.720000,2.400000,2.480000,2.480000,4700900
2017-05-08,2.480000,2.520000,2.420000,2.500000,2.500000,1005200
2017-05-09,2.520000,2.540000,2.470000,2.510000,2.510000,1345500
2017-05-10,2.500000,2.620000,2.490000,2.600000,2.600000,1718700
2017-05-11,2.630000,2.640000,2.550000,2.590000,2.590000,920000
2017-05-12,2.580000,2.620000,2.490000,2.500000,2.500000,1021900
2017-05-15,2.530000,2.560000,2.460000,2.480000,2.480000,1232700
2017-05-16,2.480000,2.520000,2.450000,2.500000,2.500000,947100
2017-05-17,2.490000,2.520000,2.450000,2.480000,2.480000,1187600
2017-05-18,2.460000,2.500000,2.450000,2.480000,2.480000,775800
2017-05-19,2.490000,2.520000,2.470000,2.480000,2.480000,714100
2017-05-22,2.490000,2.500000,2.410000,2.430000,2.430000,1177500
2017-05-23,2.430000,2.450000,2.410000,2.420000,2.420000,603600
2017-05-24,2.420000,2.440000,2.400000,2.410000,2.410000,555300
2017-05-25,2.410000,2.440000,2.320000,2.360000,2.360000,1069800
2017-05-26,2.440000,2.440000,2.360000,2.380000,2.380000,817000
2017-05-30,2.390000,2.440000,2.320000,2.320000,2.320000,1236100
2017-05-31,2.330000,2.350000,2.180000,2.340000,2.340000,2607000
2017-06-01,2.370000,2.510000,2.360000,2.480000,2.480000,1869600
2017-06-02,2.470000,2.540000,2.430000,2.450000,2.450000,1061000
2017-06-05,2.450000,2.460000,2.400000,2.450000,2.450000,761600
2017-06-06,2.440000,2.460000,2.340000,2.420000,2.420000,1185400
2017-06-07,2.410000,2.420000,2.340000,2.340000,2.340000,954600
2017-06-08,2.340000,2.430000,2.330000,2.400000,2.400000,817700
2017-06-09,2.400000,2.460000,2.390000,2.430000,2.430000,913000
2017-06-12,2.450000,2.460000,2.400000,2.450000,2.450000,891000
2017-06-13,2.460000,2.540000,2.440000,2.530000,2.530000,1251100
2017-06-14,2.510000,2.530000,2.450000,2.520000,2.520000,1072100
2017-06-15,2.500000,2.510000,2.460000,2.510000,2.510000,833300
2017-06-16,2.480000,2.550000,2.450000,2.530000,2.530000,2298100
2017-06-19,2.530000,2.550000,2.490000,2.530000,2.530000,955500
2017-06-20,2.500000,2.510000,2.450000,2.480000,2.480000,863700
2017-06-21,2.500000,2.500000,2.360000,2.440000,2.440000,1380400
2017-06-22,2.430000,2.460000,2.370000,2.400000,2.400000,748800
2017-06-23,2.380000,2.500000,2.370000,2.490000,2.490000,4507000
2017-06-26,2.480000,2.600000,2.450000,2.570000,2.570000,1773900
2017-06-27,2.570000,2.590000,2.530000,2.560000,2.560000,874500
2017-06-28,2.560000,2.580000,2.520000,2.550000,2.550000,805800
2017-06-29,2.560000,2.580000,2.500000,2.580000,2.580000,1078900
2017-06-30,2.580000,2.580000,2.520000,2.540000,2.540000,643300
2017-07-03,2.540000,2.690000,2.540000,2.560000,2.560000,1362400
2017-07-05,2.560000,2.620000,2.520000,2.610000,2.610000,1122800
2017-07-06,2.630000,2.630000,2.540000,2.600000,2.600000,862400
2017-07-07,2.580000,2.640000,2.560000,2.640000,2.640000,703500
2017-07-10,2.630000,2.730000,2.610000,2.660000,2.660000,1458000
2017-07-11,2.680000,2.740000,2.610000,2.720000,2.720000,1055100
2017-07-12,2.770000,2.820000,2.730000,2.750000,2.750000,1615900
2017-07-13,2.750000,2.760000,2.680000,2.740000,2.740000,859300
2017-07-14,2.730000,2.750000,2.680000,2.750000,2.750000,693600
2017-07-17,2.750000,2.830000,2.730000,2.800000,2.800000,956900
2017-07-18,2.800000,2.840000,2.750000,2.790000,2.790000,748900
2017-07-19,2.810000,2.870000,2.800000,2.850000,2.850000,980400
2017-07-20,2.860000,2.880000,2.820000,2.830000,2.830000,900300
2017-07-21,2.850000,2.850000,2.810000,2.820000,2.820000,922500
2017-07-24,2.850000,2.880000,2.810000,2.860000,2.860000,1013900
2017-07-25,2.880000,3.050000,2.850000,2.990000,2.990000,2334000
2017-07-26,3.020000,3.040000,2.970000,2.980000,2.980000,1188900
2017-07-27,3.010000,3.010000,2.830000,2.860000,2.860000,1517800
2017-07-28,2.830000,2.910000,2.830000,2.860000,2.860000,760100
2017-07-31,2.860000,2.870000,2.610000,2.620000,2.620000,2301700
2017-08-01,2.620000,2.710000,2.620000,2.660000,2.660000,880400
2017-08-02,2.670000,2.690000,2.620000,2.650000,2.650000,906800
2017-08-03,2.660000,2.730000,2.610000,2.630000,2.630000,1245300
2017-08-04,2.600000,2.630000,2.350000,2.410000,2.410000,2772300
2017-08-07,2.390000,2.490000,2.270000,2.400000,2.400000,2616800
2017-08-08,2.400000,2.420000,2.310000,2.360000,2.360000,1331700
2017-08-09,2.350000,2.360000,2.270000,2.300000,2.300000,1229100
2017-08-10,2.290000,2.310000,2.260000,2.300000,2.300000,1182700
2017-08-11,2.300000,2.370000,2.280000,2.330000,2.330000,1029900
2017-08-14,2.360000,2.400000,2.320000,2.350000,2.350000,1252200
2017-08-15,2.350000,2.390000,2.290000,2.320000,2.320000,955200
2017-08-16,2.290000,2.310000,2.260000,2.290000,2.290000,1254900
2017-08-17,2.270000,2.320000,2.250000,2.250000,2.250000,718700
2017-08-18,2.240000,2.310000,2.220000,2.300000,2.300000,770700
2017-08-21,2.290000,2.300000,2.220000,2.240000,2.240000,983000
2017-08-22,2.230000,2.290000,2.220000,2.250000,2.250000,548700
2017-08-23,2.250000,2.290000,2.250000,2.280000,2.280000,445700
2017-08-24,2.260000,2.300000,2.250000,2.290000,2.290000,457900
2017-08-25,2.290000,2.300000,2.250000,2.280000,2.280000,703000
2017-08-28,2.300000,2.320000,2.270000,2.290000,2.290000,723000
2017-08-29,2.280000,2.390000,2.280000,2.360000,2.360000,1117600
2017-08-30,2.340000,2.370000,2.320000,2.320000,2.320000,573000
2017-08-31,2.320000,2.420000,2.300000,2.380000,2.380000,1249500
2017-09-01,2.350000,2.450000,2.340000,2.440000,2.440000,1153500
2017-09-05,2.430000,2.450000,2.370000,2.410000,2.410000,771800
2017-09-06,2.410000,2.490000,2.380000,2.460000,2.460000,861300
2017-09-07,2.460000,2.490000,2.430000,2.440000,2.440000,885500
2017-09-08,2.450000,2.520000,2.440000,2.480000,2.480000,897600
2017-09-11,2.480000,2.540000,2.470000,2.490000,2.490000,1024700
2017-09-12,2.500000,2.520000,2.450000,2.460000,2.460000,968200
2017-09-13,2.460000,2.550000,2.450000,2.540000,2.540000,1017900
2017-09-14,2.550000,2.600000,2.490000,2.510000,2.510000,803800
2017-09-15,2.510000,2.530000,2.440000,2.440000,2.440000,1594100
2017-09-18,2.460000,2.500000,2.400000,2.460000,2.460000,1141200
2017-09-19,2.450000,2.460000,2.400000,2.420000,2.420000,864200
2017-09-20,2.430000,2.460000,2.400000,2.420000,2.420000,711000
2017-09-21,2.400000,2.450000,2.380000,2.400000,2.400000,609500
2017-09-22,2.380000,2.430000,2.380000,2.410000,2.410000,671500
2017-09-25,2.400000,2.490000,2.380000,2.480000,2.480000,746500
2017-09-26,2.480000,2.490000,2.460000,2.470000,2.470000,529900
2017-09-27,2.470000,2.500000,2.430000,2.460000,2.460000,1081700
2017-09-28,2.450000,2.540000,2.450000,2.530000,2.530000,1243700
2017-09-29,2.510000,2.530000,2.470000,2.480000,2.480000,634100
2017-10-02,2.450000,2.530000,2.450000,2.520000,2.520000,634200
2017-10-03,2.500000,2.510000,2.470000,2.490000,2.490000,752400
2017-10-04,2.490000,2.520000,2.420000,2.430000,2.430000,1048400
2017-10-05,2.420000,2.480000,2.420000,2.440000,2.440000,541200
2017-10-06,2.430000,2.440000,2.390000,2.430000,2.430000,748700
2017-10-09,2.420000,2.440000,2.320000,2.380000,2.380000,1081900
2017-10-10,2.380000,2.450000,2.320000,2.410000,2.410000,617900
2017-10-11,2.400000,2.470000,2.380000,2.470000,2.470000,601600
2017-10-12,2.440000,2.470000,2.410000,2.420000,2.420000,614500
2017-10-13,2.420000,2.440000,2.360000,2.400000,2.400000,604400
2017-10-16,2.400000,2.440000,2.370000,2.400000,2.400000,564800
2017-10-17,2.390000,2.400000,2.320000,2.360000,2.360000,968100
2017-10-18,2.370000,2.390000,2.340000,2.350000,2.350000,667500
2017-10-19,2.340000,2.370000,2.320000,2.350000,2.350000,496600
2017-10-20,2.370000,2.380000,2.360000,2.380000,2.380000,327600
2017-10-23,2.360000,2.380000,2.310000,2.350000,2.350000,867300
2017-10-24,2.360000,2.380000,2.350000,2.360000,2.360000,496300
2017-10-25,2.340000,2.370000,2.280000,2.330000,2.330000,737700
2017-10-26,2.320000,2.330000,2.300000,2.310000,2.310000,421500
2017-10-27,2.300000,2.330000,2.270000,2.290000,2.290000,1028500
2017-10-30,2.280000,2.320000,2.260000,2.300000,2.300000,1269300
2017-10-31,2.350000,2.400000,2.300000,2.350000,2.350000,879300
2017-11-01,2.370000,2.440000,2.350000,2.410000,2.410000,929800
2017-11-02,2.420000,2.430000,2.350000,2.390000,2.390000,755600
2017-11-03,2.130000,2.170000,1.980000,2.060000,2.060000,4090800
2017-11-06,2.080000,2.120000,2.070000,2.100000,2.100000,2082500
2017-11-07,2.100000,2.140000,2.010000,2.070000,2.070000,1574100
2017-11-08,2.070000,2.120000,2.050000,2.100000,2.100000,1664800
2017-11-09,2.080000,2.120000,2.050000,2.100000,2.100000,1169200
2017-11-10,2.080000,2.120000,2.070000,2.090000,2.090000,895100
2017-11-13,2.080000,2.110000,2.020000,2.020000,2.020000,1110300
2017-11-14,2.010000,2.050000,1.960000,1.970000,1.970000,2262900
2017-11-15,1.960000,2.050000,1.960000,2.020000,2.020000,1173500
2017-11-16,2.020000,2.080000,2.020000,2.080000,2.080000,878500
2017-11-17,2.060000,2.120000,2.050000,2.100000,2.100000,1270500
2017-11-20,2.100000,2.170000,2.090000,2.160000,2.160000,1232200
2017-11-21,2.190000,2.210000,2.100000,2.140000,2.140000,1041000
2017-11-22,2.160000,2.210000,2.140000,2.200000,2.200000,911000
2017-11-24,2.210000,2.210000,2.130000,2.150000,2.150000,414000
2017-11-27,2.220000,2.220000,2.100000,2.120000,2.120000,955300
2017-11-28,2.140000,2.140000,2.080000,2.140000,2.140000,750700
2017-11-29,2.120000,2.170000,2.110000,2.170000,2.170000,736900
2017-11-30,2.170000,2.280000,2.150000,2.250000,2.250000,1749700
2017-12-01,2.240000,2.260000,2.110000,2.220000,2.220000,1119200
2017-12-04,2.190000,2.240000,2.160000,2.160000,2.160000,945800
2017-12-05,2.150000,2.200000,2.140000,2.180000,2.180000,906100
2017-12-06,2.150000,2.160000,2.110000,2.120000,2.120000,915500
2017-12-07,2.110000,2.130000,2.060000,2.080000,2.080000,727300
2017-12-08,2.070000,2.100000,2.050000,2.060000,2.060000,1005000
2017-12-11,2.050000,2.090000,2.050000,2.090000,2.090000,842300
2017-12-12,2.070000,2.090000,2.050000,2.060000,2.060000,800200
2017-12-13,2.080000,2.090000,2.040000,2.050000,2.050000,1374300
2017-12-14,2.050000,2.060000,2.010000,2.020000,2.020000,1826900
2017-12-15,2.010000,2.070000,2.000000,2.060000,2.060000,2115100
2017-12-18,2.060000,2.150000,2.060000,2.110000,2.110000,1807700
2017-12-19,2.100000,2.140000,2.080000,2.100000,2.100000,1912200
2017-12-20,2.090000,2.140000,2.070000,2.120000,2.120000,923400
2017-12-21,2.100000,2.130000,2.060000,2.070000,2.070000,1100400
2017-12-22,2.080000,2.090000,2.060000,2.080000,2.080000,867600
2017-12-26,2.080000,2.090000,2.050000,2.070000,2.070000,932000
2017-12-27,2.050000,2.090000,2.030000,2.090000,2.090000,2262200
2017-12-28,2.080000,2.090000,2.040000,2.060000,2.060000,936000
2017-12-29,2.040000,2.090000,2.030000,2.030000,2.030000,1463900
2018-01-02,2.030000,2.150000,2.030000,2.140000,2.140000,1440000
2018-01-03,2.130000,2.140000,2.100000,2.110000,2.110000,887400
2018-01-04,2.100000,2.120000,2.050000,2.090000,2.090000,706100
2018-01-05,2.100000,2.120000,2.080000,2.100000,2.100000,1018600
2018-01-08,2.080000,2.100000,2.040000,2.060000,2.060000,1140800
2018-01-09,2.080000,2.100000,2.060000,2.090000,2.090000,689400
2018-01-10,2.090000,2.100000,2.060000,2.070000,2.070000,890900
2018-01-11,2.060000,2.180000,2.060000,2.180000,2.180000,893400
2018-01-12,2.180000,2.200000,2.150000,2.180000,2.180000,804500
2018-01-16,2.160000,2.180000,2.080000,2.090000,2.090000,1440800
2018-01-17,2.080000,2.100000,2.060000,2.070000,2.070000,953500
2018-01-18,2.030000,2.090000,2.020000,2.030000,2.030000,1382600
2018-01-19,2.020000,2.030000,1.980000,1.980000,1.980000,1292900
2018-01-22,2.000000,2.020000,1.810000,1.830000,1.830000,2988400
2018-01-23,1.820000,1.840000,1.680000,1.680000,1.680000,4450100
2018-01-24,1.680000,1.760000,1.620000,1.630000,1.630000,2484100
2018-01-25,1.640000,1.660000,1.580000,1.640000,1.640000,1477900
2018-01-26,1.680000,1.790000,1.660000,1.740000,1.740000,2346500
2018-01-29,1.750000,1.770000,1.650000,1.690000,1.690000,1786500
2018-01-30,1.670000,1.690000,1.590000,1.600000,1.600000,1536900
2018-01-31,1.600000,1.650000,1.560000,1.570000,1.570000,1186300
2018-02-01,1.560000,1.570000,1.550000,1.570000,1.570000,902700
2018-02-02,1.550000,1.560000,1.450000,1.460000,1.460000,2126600
2018-02-05,1.440000,1.550000,1.410000,1.490000,1.490000,1702000
2018-02-06,1.480000,1.530000,1.470000,1.490000,1.490000,1042400
2018-02-07,1.500000,1.540000,1.460000,1.480000,1.480000,997400
2018-02-08,1.490000,1.500000,1.410000,1.450000,1.450000,1364100
2018-02-09,1.460000,1.510000,1.390000,1.490000,1.490000,1841200
2018-02-12,1.490000,1.520000,1.430000,1.440000,1.440000,1009800
2018-02-13,1.440000,1.460000,1.430000,1.440000,1.440000,503400
2018-02-14,1.430000,1.480000,1.420000,1.460000,1.460000,681900
2018-02-15,1.470000,1.510000,1.460000,1.510000,1.510000,942500
2018-02-16,1.500000,1.540000,1.440000,1.460000,1.460000,971500
2018-02-20,1.450000,1.480000,1.410000,1.430000,1.430000,989400
2018-02-21,1.430000,1.430000,1.370000,1.400000,1.400000,1030900
2018-02-22,1.400000,1.470000,1.390000,1.440000,1.440000,790900
2018-02-23,1.440000,1.470000,1.410000,1.430000,1.430000,519100
2018-02-26,1.420000,1.430000,1.380000,1.410000,1.410000,614800
2018-02-27,1.400000,1.430000,1.360000,1.390000,1.390000,792700
2018-02-28,1.390000,1.420000,1.360000,1.390000,1.390000,1255600
2018-03-01,1.390000,1.410000,1.330000,1.350000,1.350000,835000
2018-03-02,1.340000,1.380000,1.310000,1.370000,1.370000,1016200
2018-03-05,1.380000,1.450000,1.360000,1.450000,1.450000,1101000
2018-03-06,1.460000,1.500000,1.400000,1.430000,1.430000,873200
2018-03-07,1.410000,1.460000,1.400000,1.450000,1.450000,655300
2018-03-08,1.450000,1.450000,1.360000,1.390000,1.390000,694400
2018-03-09,1.400000,1.480000,1.380000,1.480000,1.480000,1101800
2018-03-12,1.490000,1.490000,1.430000,1.460000,1.460000,802300
2018-03-13,1.460000,1.510000,1.420000,1.490000,1.490000,1507000
2018-03-14,1.390000,1.490000,1.330000,1.440000,1.440000,2861600
2018-03-15,1.440000,1.550000,1.380000,1.480000,1.480000,3354900
2018-03-16,1.490000,1.590000,1.470000,1.580000,1.580000,3574400
2018-03-19,1.570000,1.570000,1.460000,1.480000,1.480000,1858700
2018-03-20,1.470000,1.640000,1.470000,1.610000,1.610000,2602100
2018-03-21,1.620000,1.750000,1.560000,1.710000,1.710000,2073900
2018-03-22,1.700000,1.720000,1.610000,1.650000,1.650000,1398400
2018-03-23,1.660000,1.710000,1.610000,1.620000,1.620000,1122300
2018-03-26,1.640000,1.700000,1.620000,1.690000,1.690000,1138500
2018-03-27,1.690000,1.700000,1.580000,1.580000,1.580000,1239300
2018-03-28,1.590000,1.640000,1.560000,1.620000,1.620000,1299700
2018-03-29,1.610000,1.680000,1.610000,1.650000,1.650000,875800
2018-04-02,1.640000,1.650000,1.560000,1.570000,1.570000,884900
2018-04-03,1.590000,1.610000,1.530000,1.550000,1.550000,727700
2018-04-04,1.540000,1.600000,1.530000,1.590000,1.590000,516600
2018-04-05,1.580000,1.690000,1.580000,1.660000,1.660000,868300
2018-04-06,1.640000,1.670000,1.570000,1.580000,1.580000,523500
2018-04-09,1.590000,1.640000,1.570000,1.570000,1.570000,478600
2018-04-10,1.600000,1.630000,1.570000,1.590000,1.590000,778300
2018-04-11,1.580000,1.680000,1.580000,1.660000,1.660000,1271400
2018-04-12,1.650000,1.700000,1.630000,1.670000,1.670000,977700
2018-04-13,1.690000,1.690000,1.610000,1.620000,1.620000,618600
2018-04-16,1.620000,1.690000,1.580000,1.680000,1.680000,739000
2018-04-17,1.680000,1.730000,1.640000,1.640000,1.640000,682100
2018-04-18,1.660000,1.680000,1.640000,1.660000,1.660000,461700
2018-04-19,1.670000,1.690000,1.620000,1.640000,1.640000,367000
2018-04-20,1.630000,1.650000,1.560000,1.590000,1.590000,827000
2018-04-23,1.600000,1.610000,1.560000,1.570000,1.570000,375600
2018-04-24,1.580000,1.630000,1.560000,1.580000,1.580000,514800
2018-04-25,1.580000,1.590000,1.540000,1.570000,1.570000,335900
2018-04-26,1.570000,1.630000,1.570000,1.620000,1.620000,311300
2018-04-27,1.610000,1.650000,1.580000,1.580000,1.580000,429600
2018-04-30,1.590000,1.640000,1.580000,1.610000,1.610000,337600
2018-05-01,1.620000,1.640000,1.580000,1.620000,1.620000,409400
2018-05-02,1.610000,1.800000,1.610000,1.790000,1.790000,1800700
2018-05-03,1.800000,1.860000,1.710000,1.760000,1.760000,1291800
2018-05-04,1.760000,1.780000,1.720000,1.780000,1.780000,457400
2018-05-07,1.800000,1.950000,1.790000,1.870000,1.870000,1409900
2018-05-08,1.880000,1.940000,1.830000,1.870000,1.870000,881100
2018-05-09,1.900000,1.930000,1.870000,1.910000,1.910000,907300
2018-05-10,2.330000,2.360000,2.080000,2.150000,2.150000,7243000
2018-05-11,2.300000,2.300000,1.910000,1.960000,1.960000,2885400
2018-05-14,1.990000,2.090000,1.970000,2.030000,2.030000,1624500
2018-05-15,2.030000,2.120000,2.010000,2.050000,2.050000,1686300
2018-05-16,2.060000,2.230000,2.050000,2.200000,2.200000,2525900
2018-05-17,2.230000,2.340000,2.210000,2.240000,2.240000,2399300
2018-05-18,2.270000,2.520000,2.230000,2.420000,2.420000,3812500
2018-05-21,2.600000,2.680000,2.440000,2.490000,2.490000,2988300
2018-05-22,2.490000,2.740000,2.490000,2.660000,2.660000,3697800
2018-05-23,2.700000,2.710000,2.530000,2.620000,2.620000,2103100
2018-05-24,2.580000,2.750000,2.530000,2.740000,2.740000,1938500
2018-05-25,2.730000,2.740000,2.530000,2.630000,2.630000,2191300
2018-05-29,2.640000,2.900000,2.570000,2.870000,2.870000,3176300
2018-05-30,2.910000,3.170000,2.890000,3.110000,3.110000,5108900
2018-05-31,3.170000,3.520000,3.140000,3.160000,3.160000,8601100
2018-06-01,3.200000,3.260000,2.750000,2.850000,2.850000,4435900
2018-06-04,2.940000,3.100000,2.850000,2.860000,2.860000,2456300
2018-06-05,2.890000,3.040000,2.810000,2.960000,2.960000,2294100
2018-06-06,2.970000,3.020000,2.850000,2.950000,2.950000,1969000
2018-06-07,2.940000,3.100000,2.900000,3.090000,3.090000,2380700
2018-06-08,3.090000,3.130000,2.960000,2.980000,2.980000,1718400
2018-06-11,2.980000,3.100000,2.800000,2.990000,2.990000,2059500
2018-06-12,2.980000,3.030000,2.930000,2.970000,2.970000,1281800
2018-06-13,2.970000,2.980000,2.870000,2.900000,2.900000,1724100
2018-06-14,2.940000,2.970000,2.850000,2.890000,2.890000,1614900
2018-06-15,2.850000,2.970000,2.840000,2.910000,2.910000,3055100
2018-06-18,2.900000,3.120000,2.900000,3.030000,3.030000,2136700
2018-06-19,2.980000,3.330000,2.980000,3.240000,3.240000,2775600
2018-06-20,3.390000,3.450000,3.120000,3.180000,3.180000,2751000
2018-06-21,3.180000,3.260000,3.130000,3.160000,3.160000,1287700
2018-06-22,3.200000,3.480000,3.180000,3.470000,3.470000,5821100
2018-06-25,3.470000,3.580000,3.410000,3.570000,3.570000,4596500
2018-06-26,3.550000,4.000000,3.550000,3.970000,3.970000,5360700
2018-06-27,3.980000,4.050000,3.550000,3.790000,3.790000,3808300
2018-06-28,3.780000,3.790000,3.530000,3.660000,3.660000,1662300
2018-06-29,3.660000,3.730000,3.620000,3.690000,3.690000,1250900
2018-07-02,3.710000,3.800000,3.550000,3.650000,3.650000,2060700
2018-07-03,3.680000,3.830000,3.680000,3.710000,3.710000,1347700
2018-07-05,3.520000,3.530000,3.050000,3.140000,3.140000,5746900
2018-07-06,3.170000,3.280000,3.130000,3.190000,3.190000,1695300
2018-07-09,3.200000,3.200000,2.810000,2.860000,2.860000,3841000
2018-07-10,2.940000,2.980000,2.830000,2.830000,2.830000,1908400
2018-07-11,2.840000,2.840000,2.540000,2.800000,2.800000,3303500
2018-07-12,2.820000,2.870000,2.740000,2.830000,2.830000,982500
2018-07-13,2.820000,2.880000,2.640000,2.650000,2.650000,2502500
2018-07-16,2.620000,2.710000,2.580000,2.640000,2.640000,1393700
2018-07-17,2.610000,2.750000,2.600000,2.630000,2.630000,1599600
2018-07-18,2.660000,2.730000,2.600000,2.690000,2.690000,1128600
2018-07-19,2.680000,2.840000,2.650000,2.800000,2.800000,1129100
2018-07-20,2.820000,2.870000,2.750000,2.770000,2.770000,1154300
2018-07-23,2.770000,2.940000,2.770000,2.840000,2.840000,1410900
2018-07-24,2.840000,2.910000,2.770000,2.780000,2.780000,1397900
2018-07-25,2.800000,2.870000,2.760000,2.850000,2.850000,1168400
2018-07-26,2.850000,2.920000,2.810000,2.840000,2.840000,1232800
2018-07-27,2.840000,2.880000,2.760000,2.780000,2.780000,1179900
2018-07-30,2.790000,2.930000,2.770000,2.820000,2.820000,1478100
2018-07-31,2.800000,2.910000,2.800000,2.850000,2.850000,1414200
2018-08-01,2.810000,2.850000,2.730000,2.800000,2.800000,864500
2018-08-02,2.790000,2.830000,2.760000,2.790000,2.790000,1004800
2018-08-03,2.780000,2.820000,2.690000,2.760000,2.760000,967200
2018-08-06,2.760000,2.770000,2.690000,2.750000,2.750000,666800
2018-08-07,2.760000,2.790000,2.700000,2.750000,2.750000,1009100
2018-08-08,2.600000,2.630000,2.150000,2.460000,2.460000,4060500
2018-08-09,2.450000,2.730000,2.420000,2.710000,2.710000,2020200
2018-08-10,2.770000,2.790000,2.660000,2.700000,2.700000,1761700
2018-08-13,2.730000,2.760000,2.670000,2.710000,2.710000,1414300
2018-08-14,2.710000,2.730000,2.630000,2.680000,2.680000,1217400
2018-08-15,2.690000,2.700000,2.570000,2.680000,2.680000,1642400
2018-08-16,2.700000,2.830000,2.630000,2.820000,2.820000,1507500
2018-08-17,2.820000,2.850000,2.780000,2.810000,2.810000,1273600
2018-08-20,2.800000,2.980000,2.800000,2.940000,2.940000,1658700
2018-08-21,2.960000,3.040000,2.850000,2.890000,2.890000,1355200
2018-08-22,2.890000,2.980000,2.890000,2.950000,2.950000,1035100
2018-08-23,2.930000,2.970000,2.820000,2.870000,2.870000,885800
2018-08-24,2.870000,2.930000,2.830000,2.880000,2.880000,1017700
2018-08-27,2.890000,2.910000,2.790000,2.820000,2.820000,1123100
2018-08-28,2.800000,2.840000,2.720000,2.780000,2.780000,1051500
2018-08-29,2.800000,2.820000,2.710000,2.750000,2.750000,1023500
2018-08-30,2.730000,2.800000,2.720000,2.780000,2.780000,737700
2018-08-31,2.780000,2.800000,2.690000,2.750000,2.750000,741400
2018-09-04,2.750000,2.780000,2.650000,2.730000,2.730000,852700
2018-09-05,2.740000,2.820000,2.660000,2.780000,2.780000,1041100
2018-09-06,2.780000,2.830000,2.690000,2.690000,2.690000,956400
2018-09-07,2.690000,2.740000,2.610000,2.660000,2.660000,832800
2018-09-10,2.660000,2.700000,2.620000,2.690000,2.690000,550000
2018-09-11,2.670000,2.730000,2.650000,2.720000,2.720000,667100
2018-09-12,2.710000,2.770000,2.640000,2.650000,2.650000,891000
2018-09-13,2.660000,2.700000,2.550000,2.650000,2.650000,1073000
2018-09-14,2.630000,2.720000,2.630000,2.680000,2.680000,833800
2018-09-17,2.680000,2.720000,2.560000,2.610000,2.610000,1239400
2018-09-18,2.610000,2.680000,2.590000,2.600000,2.600000,650600
2018-09-19,2.580000,2.630000,2.510000,2.550000,2.550000,1066600
2018-09-20,2.590000,2.690000,2.560000,2.690000,2.690000,1079600
2018-09-21,2.680000,2.730000,2.650000,2.670000,2.670000,3156200
2018-09-24,2.690000,2.770000,2.670000,2.730000,2.730000,866900
2018-09-25,2.740000,2.770000,2.690000,2.700000,2.700000,944300
2018-09-26,2.710000,2.730000,2.590000,2.610000,2.610000,977400
2018-09-27,2.630000,2.660000,2.560000,2.590000,2.590000,843200
2018-09-28,2.570000,2.620000,2.550000,2.600000,2.600000,872500
2018-10-01,2.600000,2.650000,2.550000,2.600000,2.600000,776900
2018-10-02,2.590000,2.620000,2.520000,2.530000,2.530000,764400
2018-10-03,2.550000,2.650000,2.540000,2.610000,2.610000,1109500
2018-10-04,2.600000,2.670000,2.550000,2.550000,2.550000,898400
2018-10-05,2.560000,2.580000,2.470000,2.500000,2.500000,954800
2018-10-08,2.500000,2.590000,2.460000,2.480000,2.480000,1078500
2018-10-09,2.490000,2.550000,2.420000,2.480000,2.480000,971100
2018-10-10,2.470000,2.520000,2.350000,2.350000,2.350000,1047600
2018-10-11,2.350000,2.490000,2.340000,2.360000,2.360000,1230300
2018-10-12,2.360000,2.410000,2.300000,2.360000,2.360000,870400
2018-10-15,2.360000,2.420000,2.340000,2.380000,2.380000,552600
2018-10-16,2.390000,2.480000,2.380000,2.440000,2.440000,516300
2018-10-17,2.430000,2.440000,2.360000,2.380000,2.380000,589600
2018-10-18,2.380000,2.430000,2.360000,2.400000,2.400000,566200
2018-10-19,2.390000,2.460000,2.370000,2.370000,2.370000,508100
2018-10-22,2.380000,2.410000,2.280000,2.330000,2.330000,700700
2018-10-23,2.280000,2.290000,2.190000,2.230000,2.230000,911800
2018-10-24,2.250000,2.260000,2.130000,2.140000,2.140000,977400
2018-10-25,2.160000,2.250000,2.130000,2.230000,2.230000,842700
2018-10-26,2.210000,2.250000,2.130000,2.190000,2.190000,691900
2018-10-29,2.200000,2.290000,2.150000,2.180000,2.180000,733900
2018-10-30,2.150000,2.260000,2.150000,2.260000,2.260000,659200
2018-10-31,2.260000,2.310000,2.200000,2.210000,2.210000,934900
2018-11-01,2.230000,2.300000,2.210000,2.240000,2.240000,1014500
2018-11-02,2.240000,2.390000,2.240000,2.310000,2.310000,968600
2018-11-05,2.320000,2.350000,2.240000,2.320000,2.320000,632300
2018-11-06,2.300000,2.380000,2.300000,2.360000,2.360000,482200
2018-11-07,2.390000,2.440000,2.380000,2.420000,2.420000,887400
2018-11-08,2.300000,2.730000,2.300000,2.640000,2.640000,1804100
2018-11-09,2.640000,2.650000,2.360000,2.420000,2.420000,1317500
2018-11-12,2.410000,2.430000,2.350000,2.370000,2.370000,570300
2018-11-13,2.370000,2.390000,2.230000,2.250000,2.250000,1103300
2018-11-14,2.290000,2.420000,2.240000,2.340000,2.340000,1029000
2018-11-15,2.320000,2.390000,2.310000,2.350000,2.350000,583700
2018-11-16,2.340000,2.380000,2.260000,2.370000,2.370000,741500
2018-11-19,2.350000,2.360000,2.220000,2.260000,2.260000,734100
2018-11-20,2.250000,2.310000,2.160000,2.160000,2.160000,1169000
2018-11-21,2.200000,2.300000,2.190000,2.250000,2.250000,659900
2018-11-23,2.220000,2.270000,2.180000,2.180000,2.180000,322300
2018-11-26,2.210000,2.280000,2.210000,2.250000,2.250000,653700
2018-11-27,2.240000,2.300000,2.210000,2.250000,2.250000,525300
2018-11-28,2.250000,2.380000,2.230000,2.350000,2.350000,888100
2018-11-29,2.330000,2.430000,2.310000,2.380000,2.380000,908800
2018-11-30,2.350000,2.370000,2.220000,2.230000,2.230000,2292100
2018-12-03,2.290000,2.290000,2.190000,2.250000,2.250000,1275700
2018-12-04,2.250000,2.270000,2.160000,2.170000,2.170000,889700
2018-12-06,2.160000,2.190000,2.070000,2.150000,2.150000,1151900
2018-12-07,2.170000,2.220000,2.090000,2.110000,2.110000,777800
2018-12-10,2.070000,2.170000,2.070000,2.150000,2.150000,914100
2018-12-11,2.190000,2.190000,2.100000,2.150000,2.150000,616600
2018-12-12,2.150000,2.200000,2.120000,2.130000,2.130000,785600
2018-12-13,2.120000,2.150000,2.040000,2.060000,2.060000,1129100
2018-12-14,2.050000,2.050000,1.900000,1.910000,1.910000,1315700
2018-12-17,1.900000,1.920000,1.790000,1.810000,1.810000,1511400
2018-12-18,1.830000,1.870000,1.740000,1.750000,1.750000,946600
2018-12-19,1.770000,1.860000,1.750000,1.760000,1.760000,942500
2018-12-20,1.760000,1.790000,1.660000,1.670000,1.670000,932300
2018-12-21,1.660000,1.710000,1.640000,1.640000,1.640000,2708800
2018-12-24,1.630000,1.730000,1.620000,1.620000,1.620000,750900
2018-12-26,1.630000,1.740000,1.610000,1.740000,1.740000,1238500
2018-12-27,1.670000,1.740000,1.650000,1.710000,1.710000,794000
2018-12-28,1.730000,1.840000,1.720000,1.740000,1.740000,1227100
2018-12-31,1.740000,1.790000,1.700000,1.720000,1.720000,923800
2019-01-02,1.710000,1.810000,1.680000,1.800000,1.800000,595200
2019-01-03,1.790000,1.840000,1.740000,1.790000,1.790000,621000
2019-01-04,1.830000,1.930000,1.760000,1.900000,1.900000,737400
2019-01-07,1.900000,1.980000,1.870000,1.980000,1.980000,580100
2019-01-08,2.000000,2.060000,1.980000,2.020000,2.020000,577800
2019-01-09,2.090000,2.090000,2.020000,2.070000,2.070000,697200
2019-01-10,2.080000,2.090000,2.020000,2.060000,2.060000,569200
2019-01-11,2.030000,2.060000,1.980000,2.020000,2.020000,591200
2019-01-14,1.990000,2.040000,1.930000,1.960000,1.960000,642300
2019-01-15,1.960000,2.000000,1.930000,1.950000,1.950000,367500
2019-01-16,1.950000,2.030000,1.930000,1.940000,1.940000,355200
2019-01-17,1.920000,2.010000,1.920000,2.000000,2.000000,431600
2019-01-18,1.990000,2.000000,1.960000,1.980000,1.980000,351100
2019-01-22,1.970000,1.990000,1.880000,1.900000,1.900000,523700
2019-01-23,1.910000,1.950000,1.890000,1.920000,1.920000,374200
2019-01-24,1.930000,1.950000,1.900000,1.930000,1.930000,257100
2019-01-25,1.950000,1.990000,1.920000,1.940000,1.940000,515000
2019-01-28,1.920000,1.970000,1.860000,1.870000,1.870000,548800
2019-01-29,1.890000,1.910000,1.860000,1.880000,1.880000,276200
2019-01-30,1.900000,1.910000,1.860000,1.900000,1.900000,356600
2019-01-31,1.900000,1.940000,1.880000,1.900000,1.900000,517100
2019-02-01,1.900000,1.960000,1.810000,1.910000,1.910000,559100
2019-02-04,1.900000,1.930000,1.850000,1.870000,1.870000,381100
2019-02-05,1.870000,1.890000,1.840000,1.850000,1.850000,339100
2019-02-06,1.860000,1.870000,1.830000,1.830000,1.830000,356100
2019-02-07,1.820000,1.820000,1.750000,1.750000,1.750000,573800
2019-02-08,1.740000,1.780000,1.710000,1.740000,1.740000,370900
2019-02-11,1.730000,1.830000,1.730000,1.800000,1.800000,393600
2019-02-12,1.810000,1.880000,1.810000,1.870000,1.870000,416600
2019-02-13,1.870000,1.900000,1.850000,1.880000,1.880000,372500
2019-02-14,1.880000,1.900000,1.860000,1.900000,1.900000,273100
2019-02-15,1.910000,1.940000,1.870000,1.890000,1.890000,420600
2019-02-19,1.890000,2.030000,1.890000,2.000000,2.000000,747700
2019-02-20,2.030000,2.300000,2.010000,2.240000,2.240000,1412900
2019-02-21,2.260000,2.350000,2.170000,2.240000,2.240000,943400
2019-02-22,2.260000,2.280000,2.240000,2.280000,2.280000,649000
2019-02-25,2.300000,2.330000,2.190000,2.190000,2.190000,544300
2019-02-26,2.290000,2.290000,2.190000,2.190000,2.190000,539700
2019-02-27,2.210000,2.250000,2.160000,2.240000,2.240000,308500
2019-02-28,2.270000,2.290000,2.210000,2.290000,2.290000,510200
2019-03-01,2.290000,2.330000,2.210000,2.220000,2.220000,472400
2019-03-04,2.200000,2.260000,2.150000,2.210000,2.210000,799800
2019-03-05,2.210000,2.260000,2.180000,2.200000,2.200000,428000
2019-03-06,2.200000,2.200000,2.110000,2.140000,2.140000,528800
2019-03-07,2.140000,2.170000,2.040000,2.060000,2.060000,521300
2019-03-08,2.050000,2.090000,2.000000,2.060000,2.060000,402900
2019-03-11,2.080000,2.270000,2.070000,2.220000,2.220000,931100
2019-03-12,2.210000,2.280000,2.200000,2.270000,2.270000,820800
2019-03-13,2.560000,2.940000,2.470000,2.920000,2.920000,8438100
2019-03-14,2.920000,2.950000,2.600000,2.750000,2.750000,2881900
2019-03-15,2.770000,2.990000,2.710000,2.710000,2.710000,3547700
2019-03-18,2.800000,2.990000,2.790000,2.990000,2.990000,1903300
2019-03-19,3.000000,3.090000,2.930000,2.970000,2.970000,1337600
2019-03-20,3.010000,3.070000,2.950000,3.040000,3.040000,1334600
2019-03-21,3.040000,3.320000,3.010000,3.310000,3.310000,2430200
2019-03-22,3.280000,3.300000,3.170000,3.200000,3.200000,1746900
2019-03-25,3.190000,3.260000,3.090000,3.150000,3.150000,1384600
2019-03-26,3.180000,3.240000,3.150000,3.190000,3.190000,741400
2019-03-27,3.180000,3.180000,2.990000,3.090000,3.090000,871200
2019-03-28,3.070000,3.210000,3.060000,3.180000,3.180000,906500
2019-03-29,3.220000,3.220000,3.020000,3.090000,3.090000,1180300
2019-04-01,3.100000,3.180000,3.090000,3.170000,3.170000,1186300
2019-04-02,3.170000,3.180000,3.060000,3.140000,3.140000,750400
2019-04-03,3.150000,3.170000,3.010000,3.050000,3.050000,1172700
2019-04-04,3.010000,3.100000,2.970000,3.030000,3.030000,1018700
2019-04-05,3.060000,3.170000,3.040000,3.150000,3.150000,1268800
2019-04-08,3.180000,3.200000,3.080000,3.140000,3.140000,668500
2019-04-09,3.130000,3.130000,3.030000,3.060000,3.060000,838400
2019-04-10,3.080000,3.200000,3.060000,3.190000,3.190000,709700
2019-04-11,3.180000,3.370000,3.170000,3.270000,3.270000,1681700
2019-04-12,3.310000,3.400000,3.220000,3.230000,3.230000,925900
2019-04-15,3.210000,3.300000,3.180000,3.270000,3.270000,900000
2019-04-16,3.270000,3.280000,3.200000,3.230000,3.230000,686000
2019-04-17,3.230000,3.270000,3.200000,3.220000,3.220000,660700
2019-04-18,3.220000,3.250000,3.110000,3.150000,3.150000,817000
2019-04-22,3.180000,3.280000,3.150000,3.210000,3.210000,789800
2019-04-23,3.220000,3.470000,3.190000,3.430000,3.430000,1931500
2019-04-24,3.440000,3.440000,3.260000,3.320000,3.320000,1281400
2019-04-25,3.310000,3.330000,3.200000,3.240000,3.240000,823000
2019-04-26,3.240000,3.260000,3.140000,3.220000,3.220000,918000
2019-04-29,3.200000,3.250000,3.110000,3.210000,3.210000,718100
2019-04-30,3.210000,3.230000,3.100000,3.140000,3.140000,974300
2019-05-01,3.170000,3.190000,3.080000,3.080000,3.080000,1053400
2019-05-02,3.060000,3.100000,3.000000,3.060000,3.060000,797500
2019-05-03,3.080000,3.210000,3.060000,3.200000,3.200000,734400
2019-05-06,3.110000,3.230000,3.110000,3.200000,3.200000,767300
2019-05-07,3.210000,3.250000,3.160000,3.180000,3.180000,1177200
2019-05-08,3.210000,3.220000,3.070000,3.100000,3.100000,1029200
2019-05-09,3.060000,3.130000,3.000000,3.070000,3.070000,1265600
2019-05-10,3.040000,3.070000,2.820000,2.950000,2.950000,1560600
2019-05-13,2.920000,2.920000,2.780000,2.860000,2.860000,1518100
2019-05-14,2.890000,2.940000,2.840000,2.850000,2.850000,654500
2019-05-15,2.830000,2.870000,2.790000,2.830000,2.830000,824200
2019-05-16,2.830000,2.900000,2.820000,2.840000,2.840000,568700
2019-05-17,2.820000,2.900000,2.750000,2.760000,2.760000,715100
2019-05-20,2.750000,2.840000,2.730000,2.780000,2.780000,788700
2019-05-21,2.800000,2.850000,2.760000,2.780000,2.780000,478900
2019-05-22,3.200000,3.300000,2.930000,3.000000,3.000000,3506700
2019-05-23,3.020000,3.050000,2.900000,2.970000,2.970000,1119600
2019-05-24,2.970000,2.970000,2.840000,2.860000,2.860000,965600
2019-05-28,2.870000,2.950000,2.780000,2.800000,2.800000,843500
2019-05-29,2.770000,2.790000,2.730000,2.760000,2.760000,919400
2019-05-30,2.740000,2.820000,2.710000,2.730000,2.730000,790600
2019-05-31,2.700000,2.720000,2.660000,2.670000,2.670000,676400
2019-06-03,2.670000,2.690000,2.580000,2.600000,2.600000,788900
2019-06-04,2.620000,2.650000,2.580000,2.650000,2.650000,905400
2019-06-05,2.650000,2.680000,2.560000,2.590000,2.590000,749000
2019-06-06,2.580000,2.600000,2.500000,2.530000,2.530000,891800
2019-06-07,2.530000,2.580000,2.510000,2.540000,2.540000,582900
2019-06-10,2.550000,2.580000,2.540000,2.560000,2.560000,593000
2019-06-11,2.590000,2.620000,2.510000,2.540000,2.540000,561700
2019-06-12,2.520000,2.560000,2.450000,2.470000,2.470000,579800
2019-06-13,2.500000,2.570000,2.460000,2.560000,2.560000,766700
2019-06-14,2.570000,2.650000,2.560000,2.620000,2.620000,808100
2019-06-17,2.610000,2.650000,2.560000,2.580000,2.580000,420800
2019-06-18,2.590000,2.650000,2.560000,2.630000,2.630000,458700
2019-06-19,2.640000,2.650000,2.570000,2.610000,2.610000,513700
2019-06-20,2.650000,2.690000,2.620000,2.650000,2.650000,618200
2019-06-21,2.640000,2.700000,2.610000,2.700000,2.700000,1272200
2019-06-24,2.700000,2.700000,2.550000,2.560000,2.560000,678100
2019-06-25,2.550000,2.580000,2.520000,2.530000,2.530000,376000
2019-06-26,2.560000,2.590000,2.520000,2.540000,2.540000,489200
2019-06-27,2.540000,2.590000,2.540000,2.580000,2.580000,555300
2019-06-28,2.590000,2.680000,2.550000,2.670000,2.670000,1199400
2019-07-01,2.690000,2.690000,2.590000,2.600000,2.600000,575100
2019-07-02,2.590000,2.600000,2.500000,2.500000,2.500000,718300
2019-07-03,2.500000,2.520000,2.450000,2.460000,2.460000,689100
2019-07-05,2.460000,2.520000,2.450000,2.510000,2.510000,878000
2019-07-08,2.500000,2.540000,2.500000,2.500000,2.500000,517700
2019-07-09,2.510000,2.620000,2.480000,2.610000,2.610000,662000
2019-07-10,2.640000,2.700000,2.610000,2.700000,2.700000,769200
2019-07-11,2.720000,2.740000,2.650000,2.680000,2.680000,473300
2019-07-12,2.680000,2.760000,2.680000,2.750000,2.750000,709100
2019-07-15,2.780000,2.820000,2.710000,2.760000,2.760000,886500
2019-07-16,2.750000,2.800000,2.710000,2.740000,2.740000,692600
2019-07-17,2.760000,2.770000,2.660000,2.660000,2.660000,662100
2019-07-18,2.670000,2.720000,2.630000,2.700000,2.700000,415800
2019-07-19,2.690000,2.780000,2.690000,2.740000,2.740000,460500
2019-07-22,2.730000,2.750000,2.670000,2.710000,2.710000,396400
2019-07-23,2.710000,2.720000,2.660000,2.670000,2.670000,287300
2019-07-24,2.680000,2.730000,2.650000,2.720000,2.720000,438200
2019-07-25,2.700000,2.700000,2.600000,2.640000,2.640000,683500
2019-07-26,2.630000,2.700000,2.630000,2.680000,2.680000,484600
2019-07-29,2.700000,2.730000,2.620000,2.640000,2.640000,601000
2019-07-30,2.620000,2.720000,2.590000,2.710000,2.710000,830800
2019-07-31,2.720000,2.810000,2.670000,2.670000,2.670000,1129800
2019-08-01,2.680000,2.770000,2.670000,2.700000,2.700000,1052900
2019-08-02,2.700000,2.710000,2.630000,2.650000,2.650000,539100
2019-08-05,2.570000,2.610000,2.500000,2.510000,2.510000,1003200
2019-08-06,2.560000,2.600000,2.520000,2.560000,2.560000,870200
2019-08-07,2.520000,2.580000,2.470000,2.560000,2.560000,867500
2019-08-08,2.550000,2.650000,2.550000,2.620000,2.620000,928200
2019-08-09,2.360000,2.430000,2.250000,2.310000,2.310000,1752300
2019-08-12,2.310000,2.320000,2.110000,2.120000,2.120000,1425600
2019-08-13,2.140000,2.180000,2.080000,2.140000,2.140000,1117200
2019-08-14,2.120000,2.130000,1.980000,1.980000,1.980000,1085600
2019-08-15,2.000000,2.040000,1.870000,1.980000,1.980000,1501500
2019-08-16,1.940000,2.040000,1.920000,2.010000,2.010000,960800
2019-08-19,2.050000,2.090000,2.000000,2.040000,2.040000,753600
2019-08-20,2.050000,2.090000,2.030000,2.050000,2.050000,480900
2019-08-21,2.090000,2.110000,2.060000,2.100000,2.100000,593800
2019-08-22,2.120000,2.120000,2.030000,2.030000,2.030000,603800
2019-08-23,2.000000,2.030000,1.940000,1.940000,1.940000,1093400
2019-08-26,1.940000,1.970000,1.930000,1.960000,1.960000,492900
2019-08-27,1.990000,2.000000,1.920000,1.950000,1.950000,695900
2019-08-28,1.940000,2.010000,1.910000,1.950000,1.950000,731100
2019-08-29,1.990000,2.010000,1.940000,1.980000,1.980000,531300
2019-08-30,2.000000,2.010000,1.940000,1.990000,1.990000,870200
2019-09-03,1.990000,2.000000,1.930000,1.970000,1.970000,505100
2019-09-04,2.000000,2.000000,1.960000,2.000000,2.000000,417300
2019-09-05,2.030000,2.070000,2.010000,2.030000,2.030000,583000
2019-09-06,2.040000,2.050000,2.010000,2.030000,2.030000,271000
2019-09-09,2.040000,2.120000,2.020000,2.110000,2.110000,544000
2019-09-10,2.100000,2.240000,2.080000,2.170000,2.170000,953100
2019-09-11,2.190000,2.240000,2.160000,2.200000,2.200000,798200
2019-09-12,2.220000,2.250000,2.120000,2.120000,2.120000,874300
2019-09-13,2.140000,2.200000,2.100000,2.130000,2.130000,762600
2019-09-16,2.180000,2.340000,2.180000,2.280000,2.280000,1490900
2019-09-17,2.290000,2.310000,2.170000,2.250000,2.250000,1084800
2019-09-18,2.240000,2.240000,2.130000,2.160000,2.160000,620300
2019-09-19,2.170000,2.180000,2.060000,2.110000,2.110000,748500
2019-09-20,2.100000,2.150000,2.080000,2.110000,2.110000,2434500
2019-09-23,2.110000,2.190000,2.100000,2.150000,2.150000,908500
2019-09-24,2.160000,2.160000,2.080000,2.100000,2.100000,598300
2019-09-25,2.090000,2.130000,2.070000,2.100000,2.100000,452300
2019-09-26,2.110000,2.140000,2.060000,2.100000,2.100000,391900
2019-09-27,2.110000,2.140000,2.080000,2.100000,2.100000,397900
2019-09-30,2.100000,2.110000,2.060000,2.070000,2.070000,373100
2019-10-01,2.050000,2.090000,2.000000,2.010000,2.010000,700000
2019-10-02,2.000000,2.040000,1.960000,2.000000,2.000000,755100
2019-10-03,1.990000,2.010000,1.960000,2.010000,2.010000,545600
2019-10-04,2.010000,2.050000,1.980000,2.020000,2.020000,634200
2019-10-07,2.020000,2.070000,2.000000,2.020000,2.020000,438900
2019-10-08,2.000000,2.050000,1.980000,2.010000,2.010000,342500
2019-10-09,2.020000,2.080000,2.000000,2.030000,2.030000,672300
2019-10-10,2.030000,2.080000,2.020000,2.070000,2.070000,462500
2019-10-11,2.080000,2.140000,2.070000,2.100000,2.100000,489600
2019-10-14,2.100000,2.120000,2.050000,2.090000,2.090000,526200
2019-10-15,2.100000,2.130000,2.070000,2.100000,2.100000,417800
2019-10-16,2.100000,2.270000,2.100000,2.270000,2.270000,812400
2019-10-17,2.290000,2.370000,2.260000,2.300000,2.300000,785300
2019-10-18,2.290000,2.310000,2.210000,2.240000,2.240000,433800
2019-10-21,2.250000,2.290000,2.210000,2.220000,2.220000,327600
2019-10-22,2.210000,2.240000,2.160000,2.220000,2.220000,391500
2019-10-23,2.220000,2.240000,2.190000,2.230000,2.230000,363700
2019-10-24,2.230000,2.240000,2.180000,2.180000,2.180000,260800
2019-10-25,2.190000,2.240000,2.170000,2.210000,2.210000,326900
2019-10-28,2.240000,2.240000,2.200000,2.230000,2.230000,351200
2019-10-29,2.230000,2.250000,2.200000,2.240000,2.240000,461000
2019-10-30,2.240000,2.250000,2.200000,2.230000,2.230000,274400
2019-10-31,2.230000,2.290000,2.180000,2.250000,2.250000,609400
2019-11-01,2.250000,2.340000,2.250000,2.290000,2.290000,578700
2019-11-04,2.330000,2.350000,2.300000,2.330000,2.330000,553900
2019-11-05,2.340000,2.420000,2.310000,2.410000,2.410000,1186000
2019-11-06,2.430000,2.490000,2.410000,2.420000,2.420000,597400
2019-11-07,2.410000,2.440000,2.340000,2.340000,2.340000,718800
2019-11-08,2.340000,2.340000,2.230000,2.240000,2.240000,531900
2019-11-11,2.210000,2.240000,2.170000,2.230000,2.230000,409600
2019-11-12,2.180000,2.290000,2.120000,2.160000,2.160000,1019500
2019-11-13,2.130000,2.160000,2.070000,2.080000,2.080000,683200
2019-11-14,2.080000,2.120000,2.060000,2.070000,2.070000,559900
2019-11-15,2.070000,2.100000,2.040000,2.080000,2.080000,553300
2019-11-18,2.080000,2.080000,2.020000,2.030000,2.030000,738800
2019-11-19,2.000000,2.050000,2.000000,2.000000,2.000000,554900
2019-11-20,2.000000,2.050000,2.000000,2.000000,2.000000,666700
2019-11-21,2.020000,2.020000,1.960000,1.990000,1.990000,599200
2019-11-22,1.970000,2.010000,1.960000,1.960000,1.960000,388800
2019-11-25,1.960000,1.970000,1.820000,1.930000,1.930000,1575400
2019-11-26,1.930000,1.960000,1.880000,1.880000,1.880000,789200
2019-11-27,1.930000,1.970000,1.890000,1.920000,1.920000,561200
2019-11-29,1.920000,1.990000,1.900000,1.950000,1.950000,212000
2019-12-02,1.950000,1.950000,1.890000,1.920000,1.920000,498900
2019-12-03,1.910000,1.910000,1.860000,1.860000,1.860000,516000
2019-12-04,1.880000,1.880000,1.850000,1.860000,1.860000,585900
2019-12-05,1.850000,1.920000,1.820000,1.890000,1.890000,810500
2019-12-06,1.870000,1.940000,1.870000,1.920000,1.920000,663900
2019-12-09,1.920000,1.950000,1.900000,1.900000,1.900000,434100
2019-12-10,1.900000,1.950000,1.890000,1.940000,1.940000,552200
2019-12-11,1.920000,1.950000,1.910000,1.940000,1.940000,382700
2019-12-12,1.940000,2.000000,1.940000,1.980000,1.980000,558300
2019-12-13,1.970000,2.010000,1.950000,1.960000,1.960000,395100
2019-12-16,1.960000,2.020000,1.960000,2.000000,2.000000,498700
2019-12-17,2.240000,2.440000,2.210000,2.380000,2.380000,4611400
2019-12-18,2.390000,2.430000,2.280000,2.380000,2.380000,1173300
2019-12-19,2.380000,2.380000,2.280000,2.290000,2.290000,747900
2019-12-20,2.290000,2.310000,2.180000,2.230000,2.230000,1126100
2019-12-23,2.230000,2.350000,2.220000,2.320000,2.320000,923800
2019-12-24,2.340000,2.360000,2.310000,2.350000,2.350000,353000
2019-12-26,2.350000,2.370000,2.260000,2.270000,2.270000,902000
2019-12-27,2.270000,2.270000,2.150000,2.160000,2.160000,921000
2019-12-30,2.180000,2.330000,2.180000,2.300000,2.300000,977500
2019-12-31,2.280000,2.380000,2.270000,2.340000,2.340000,913100
2020-01-02,2.390000,2.390000,2.320000,2.390000,2.390000,603000
2020-01-03,2.410000,2.640000,2.400000,2.560000,2.560000,1935300
2020-01-06,2.620000,2.780000,2.550000,2.760000,2.760000,2423100
2020-01-07,2.750000,2.810000,2.700000,2.730000,2.730000,1296600
2020-01-08,2.710000,2.730000,2.590000,2.610000,2.610000,1111100
2020-01-09,2.600000,2.700000,2.570000,2.690000,2.690000,719300
2020-01-10,2.660000,2.690000,2.610000,2.670000,2.670000,715500
2020-01-13,2.680000,2.700000,2.590000,2.690000,2.690000,703600
2020-01-14,2.650000,2.700000,2.620000,2.630000,2.630000,736800
2020-01-15,2.610000,2.660000,2.600000,2.620000,2.620000,664400
2020-01-16,2.630000,2.660000,2.600000,2.600000,2.600000,474200
2020-01-17,2.600000,2.620000,2.510000,2.520000,2.520000,794100
2020-01-21,2.510000,2.520000,2.430000,2.450000,2.450000,617000
2020-01-22,2.440000,2.470000,2.410000,2.410000,2.410000,1094100
2020-01-23,2.360000,2.470000,2.340000,2.440000,2.440000,616400
2020-01-24,2.460000,2.470000,2.400000,2.430000,2.430000,497200
2020-01-27,2.410000,2.440000,2.340000,2.350000,2.350000,540300
2020-01-28,2.390000,2.450000,2.380000,2.430000,2.430000,641200
2020-01-29,2.420000,2.450000,2.410000,2.440000,2.440000,486400
2020-01-30,2.440000,2.450000,2.360000,2.390000,2.390000,513800
2020-01-31,2.390000,2.420000,2.280000,2.300000,2.300000,784100
2020-02-03,2.380000,2.450000,2.330000,2.330000,2.330000,853000
2020-02-04,2.370000,2.410000,2.300000,2.370000,2.370000,768900
2020-02-05,2.410000,2.430000,2.360000,2.390000,2.390000,613700
2020-02-06,2.420000,2.450000,2.380000,2.410000,2.410000,492900
2020-02-07,2.380000,2.410000,2.370000,2.390000,2.390000,462000
2020-02-10,2.390000,2.430000,2.380000,2.410000,2.410000,508000
2020-02-11,2.450000,2.470000,2.420000,2.440000,2.440000,620800
2020-02-12,2.480000,2.800000,2.470000,2.700000,2.700000,2511200
2020-02-13,2.690000,2.820000,2.640000,2.810000,2.810000,1295100
2020-02-14,2.830000,2.900000,2.790000,2.870000,2.870000,1426500
2020-02-18,2.890000,2.890000,2.750000,2.790000,2.790000,830500
2020-02-19,2.820000,2.900000,2.810000,2.890000,2.890000,757300
2020-02-20,2.890000,2.930000,2.820000,2.870000,2.870000,691500
2020-02-21,2.870000,2.880000,2.800000,2.810000,2.810000,731000
2020-02-24,2.750000,2.780000,2.650000,2.740000,2.740000,703400
2020-02-25,2.800000,2.840000,2.510000,2.560000,2.560000,1157000
2020-02-26,2.530000,2.670000,2.470000,2.480000,2.480000,1155200
2020-02-27,2.440000,2.460000,2.260000,2.260000,2.260000,1422100
2020-02-28,2.190000,2.260000,2.150000,2.260000,2.260000,1700000
2020-03-02,2.270000,2.340000,2.180000,2.290000,2.290000,1550000
2020-03-03,2.250000,2.350000,2.190000,2.230000,2.230000,1066000
2020-03-04,2.260000,2.320000,2.220000,2.300000,2.300000,945400
2020-03-05,2.260000,2.330000,2.220000,2.260000,2.260000,865300
2020-03-06,2.200000,2.250000,2.080000,2.160000,2.160000,1254700
2020-03-09,1.920000,2.000000,1.780000,1.790000,1.790000,1764700
2020-03-10,2.000000,2.100000,1.800000,2.020000,2.020000,1929800
2020-03-11,1.830000,1.850000,1.260000,1.320000,1.320000,5138400
2020-03-12,1.290000,1.320000,1.050000,1.080000,1.080000,3152900
2020-03-13,1.340000,1.580000,1.110000,1.580000,1.580000,3891000
2020-03-16,1.220000,1.520000,1.220000,1.380000,1.380000,2038800
2020-03-17,1.440000,1.500000,1.360000,1.500000,1.500000,1781400
2020-03-18,1.500000,1.550000,1.220000,1.360000,1.360000,2008900
2020-03-19,1.350000,1.670000,1.320000,1.570000,1.570000,1779000
2020-03-20,1.580000,1.750000,1.480000,1.480000,1.480000,2053300
2020-03-23,1.500000,1.590000,1.380000,1.440000,1.440000,1578200
2020-03-24,1.500000,1.640000,1.490000,1.640000,1.640000,1440400
2020-03-25,1.670000,1.730000,1.540000,1.620000,1.620000,1041400
2020-03-26,1.600000,1.790000,1.600000,1.770000,1.770000,1417500
2020-03-27,1.690000,1.800000,1.630000,1.700000,1.700000,1179500
2020-03-30,1.700000,1.730000,1.580000,1.710000,1.710000,1297400
2020-03-31,1.700000,1.850000,1.670000,1.780000,1.780000,1429900
2020-04-01,1.720000,1.750000,1.600000,1.660000,1.660000,1215800
2020-04-02,1.710000,1.800000,1.650000,1.720000,1.720000,725400
2020-04-03,1.710000,1.760000,1.610000,1.680000,1.680000,855700
2020-04-06,1.710000,1.750000,1.650000,1.740000,1.740000,1009900
2020-04-07,1.770000,1.810000,1.650000,1.670000,1.670000,1198400
2020-04-08,1.700000,1.780000,1.690000,1.750000,1.750000,799800
2020-04-09,1.800000,1.880000,1.760000,1.870000,1.870000,1524700
2020-04-13,1.840000,1.890000,1.770000,1.840000,1.840000,796800
2020-04-14,1.870000,1.870000,1.720000,1.760000,1.760000,1123800
2020-04-15,1.700000,1.760000,1.640000,1.720000,1.720000,1031500
2020-04-16,1.720000,1.730000,1.610000,1.660000,1.660000,982500
2020-04-17,1.710000,1.820000,1.670000,1.810000,1.810000,957700
2020-04-20,1.760000,1.840000,1.710000,1.770000,1.770000,1192600
2020-04-21,1.710000,1.800000,1.690000,1.750000,1.750000,710900
2020-04-22,1.780000,1.830000,1.730000,1.810000,1.810000,612800
2020-04-23,1.830000,1.900000,1.810000,1.860000,1.860000,1071400
2020-04-24,1.860000,1.940000,1.840000,1.910000,1.910000,683100
2020-04-27,1.930000,1.950000,1.890000,1.900000,1.900000,902200
2020-04-28,1.940000,2.070000,1.920000,2.020000,2.020000,1144000
2020-04-29,2.110000,2.240000,2.070000,2.210000,2.210000,1572700
2020-04-30,2.200000,2.240000,2.090000,2.150000,2.150000,1079200
2020-05-01,2.130000,2.130000,1.940000,1.980000,1.980000,1347300
2020-05-04,1.930000,2.190000,1.910000,2.110000,2.110000,1015500
2020-05-05,2.180000,2.290000,2.090000,2.100000,2.100000,977600
2020-05-06,2.100000,2.130000,2.000000,2.010000,2.010000,512800
2020-05-07,2.080000,2.110000,2.020000,2.080000,2.080000,662900
2020-05-08,2.140000,2.190000,2.020000,2.110000,2.110000,993500
2020-05-11,2.070000,2.220000,2.020000,2.110000,2.110000,889300
2020-05-12,2.100000,2.170000,2.070000,2.070000,2.070000,987700
2020-05-13,2.120000,2.130000,1.920000,1.930000,1.930000,1024600
2020-05-14,1.900000,1.930000,1.820000,1.890000,1.890000,783400
2020-05-15,1.900000,2.000000,1.900000,1.940000,1.940000,566600
2020-05-18,2.040000,2.090000,2.000000,2.090000,2.090000,748400
2020-05-19,2.090000,2.110000,1.970000,1.970000,1.970000,660800
2020-05-20,2.050000,2.100000,2.020000,2.040000,2.040000,801300
2020-05-21,1.980000,2.060000,1.980000,2.000000,2.000000,371900
2020-05-22,2.030000,2.030000,1.960000,2.000000,2.000000,662800
2020-05-26,2.070000,2.110000,1.980000,2.030000,2.030000,1247100
2020-05-27,2.070000,2.140000,2.010000,2.130000,2.130000,963700
2020-05-28,2.150000,2.200000,2.090000,2.090000,2.090000,781900
2020-05-29,2.090000,2.120000,2.050000,2.090000,2.090000,575800
2020-06-01,2.100000,2.100000,2.050000,2.070000,2.070000,541700
2020-06-02,2.080000,2.150000,2.070000,2.120000,2.120000,709900
2020-06-03,2.180000,2.290000,2.170000,2.170000,2.170000,1132100
2020-06-04,2.190000,2.220000,2.150000,2.210000,2.210000,793400
2020-06-05,2.250000,2.380000,2.230000,2.380000,2.380000,1292000
2020-06-08,2.450000,2.500000,2.370000,2.370000,2.370000,1374400
2020-06-09,2.290000,2.340000,2.220000,2.310000,2.310000,1083600
2020-06-10,2.330000,2.330000,2.220000,2.260000,2.260000,853900
2020-06-11,2.210000,2.230000,2.120000,2.140000,2.140000,1148200
2020-06-12,2.210000,2.230000,2.120000,2.180000,2.180000,889400
2020-06-15,2.060000,2.240000,2.050000,2.190000,2.190000,1052100
2020-06-16,2.300000,2.320000,2.230000,2.270000,2.270000,920200
2020-06-17,2.310000,2.310000,2.190000,2.210000,2.210000,511700
2020-06-18,2.190000,2.270000,2.150000,2.210000,2.210000,596600
2020-06-19,2.230000,2.240000,2.110000,2.130000,2.130000,1306500
2020-06-22,2.130000,2.190000,2.110000,2.150000,2.150000,617700
2020-06-23,2.160000,2.210000,2.130000,2.160000,2.160000,673400
2020-06-24,2.140000,2.140000,2.020000,2.090000,2.090000,950000
2020-06-25,2.060000,2.140000,2.050000,2.130000,2.130000,786600
2020-06-26,2.140000,2.150000,2.010000,2.010000,2.010000,1755500
2020-06-29,2.090000,2.230000,2.090000,2.190000,2.190000,1581200
2020-06-30,2.190000,2.250000,2.150000,2.220000,2.220000,1041000
2020-07-01,2.250000,2.260000,2.150000,2.170000,2.170000,800500
2020-07-02,2.220000,2.220000,2.150000,2.160000,2.160000,745800
2020-07-06,2.210000,2.330000,2.200000,2.300000,2.300000,1374000
2020-07-07,2.290000,2.300000,2.180000,2.210000,2.210000,1872500
2020-07-08,2.290000,3.750000,2.280000,2.860000,2.860000,70212500
2020-07-09,2.980000,3.450000,2.910000,3.000000,3.000000,19042900
2020-07-10,3.010000,3.020000,2.630000,2.720000,2.720000,6734200
2020-07-13,2.680000,2.720000,2.350000,2.350000,2.350000,4674000
2020-07-14,2.360000,2.580000,2.360000,2.580000,2.580000,2938400
2020-07-15,2.640000,2.650000,2.440000,2.510000,2.510000,2827300
2020-07-16,2.500000,2.560000,2.400000,2.470000,2.470000,2487200
2020-07-17,2.470000,2.540000,2.460000,2.480000,2.480000,1901100
2020-07-20,2.470000,2.480000,2.330000,2.330000,2.330000,1924100
2020-07-21,2.380000,2.500000,2.350000,2.460000,2.460000,2266500
2020-07-22,2.470000,2.570000,2.440000,2.460000,2.460000,1675100
2020-07-23,2.470000,2.610000,2.440000,2.540000,2.540000,2789300
2020-07-24,2.500000,2.570000,2.460000,2.490000,2.490000,1344700
2020-07-27,2.490000,2.550000,2.430000,2.480000,2.480000,1221100
2020-07-28,2.460000,2.480000,2.410000,2.450000,2.450000,1299000
2020-07-29,2.440000,2.480000,2.410000,2.470000,2.470000,1177100
2020-07-30,2.430000,2.490000,2.420000,2.460000,2.460000,1039400
2020-07-31,2.430000,2.450000,2.340000,2.380000,2.380000,1024000
2020-08-03,2.410000,2.520000,2.370000,2.460000,2.460000,1936600
2020-08-04,2.460000,2.550000,2.450000,2.520000,2.520000,1063100
2020-08-05,2.570000,2.900000,2.550000,2.830000,2.830000,4423400
2020-08-06,2.930000,2.980000,2.800000,2.850000,2.850000,3141400
2020-08-07,2.720000,3.140000,2.700000,2.960000,2.960000,5463400
2020-08-10,2.990000,3.000000,2.850000,2.900000,2.900000,2016700
2020-08-11,2.900000,2.920000,2.750000,2.780000,2.780000,2935900
2020-08-12,2.790000,2.890000,2.760000,2.790000,2.790000,1561600
2020-08-13,2.800000,2.800000,2.680000,2.700000,2.700000,1409600
2020-08-14,2.720000,2.780000,2.650000,2.700000,2.700000,1622400
2020-08-17,2.750000,2.900000,2.750000,2.870000,2.870000,1870600
2020-08-18,2.930000,2.930000,2.800000,2.820000,2.820000,1357200
2020-08-19,2.830000,3.030000,2.780000,2.900000,2.900000,2885900
2020-08-20,2.920000,3.000000,2.850000,2.920000,2.920000,1328200
2020-08-21,2.910000,2.950000,2.820000,2.850000,2.850000,1927000
2020-08-24,2.860000,2.870000,2.710000,2.790000,2.790000,1649000
2020-08-25,2.800000,2.830000,2.710000,2.780000,2.780000,1124000
2020-08-26,2.760000,2.790000,2.690000,2.720000,2.720000,1081300
2020-08-27,2.730000,2.780000,2.690000,2.720000,2.720000,1972500
2020-08-28,2.720000,2.780000,2.710000,2.750000,2.750000,855900
2020-08-31,2.750000,2.750000,2.620000,2.640000,2.640000,1366200
2020-09-01,2.650000,2.740000,2.620000,2.730000,2.730000,1270800
2020-09-02,2.970000,2.990000,2.610000,2.680000,2.680000,2644300
2020-09-03,2.660000,2.680000,2.540000,2.600000,2.600000,1527400
2020-09-04,2.630000,2.660000,2.410000,2.570000,2.570000,1509200
2020-09-08,2.600000,2.690000,2.480000,2.580000,2.580000,2100800
2020-09-09,2.600000,2.650000,2.530000,2.580000,2.580000,1556300
2020-09-10,2.660000,2.660000,2.510000,2.510000,2.510000,1612800
2020-09-11,2.550000,2.580000,2.460000,2.510000,2.510000,1632300
2020-09-14,2.550000,2.690000,2.540000,2.670000,2.670000,1371400
2020-09-15,2.690000,2.720000,2.610000,2.630000,2.630000,954200
2020-09-16,2.630000,2.700000,2.610000,2.640000,2.640000,1068200
2020-09-17,2.590000,2.600000,2.530000,2.560000,2.560000,1267100
2020-09-18,2.610000,2.830000,2.550000,2.740000,2.740000,4711400
2020-09-21,2.700000,2.710000,2.490000,2.610000,2.610000,2314000
2020-09-22,2.630000,2.650000,2.500000,2.550000,2.550000,1057100
2020-09-23,2.540000,2.600000,2.420000,2.430000,2.430000,1292400
2020-09-24,2.400000,2.530000,2.360000,2.500000,2.500000,1532100
2020-09-25,2.460000,2.510000,2.390000,2.410000,2.410000,991300
2020-09-28,2.450000,2.500000,2.420000,2.460000,2.460000,945200
2020-09-29,2.460000,2.620000,2.430000,2.590000,2.590000,1450500
2020-09-30,2.590000,2.610000,2.460000,2.480000,2.480000,1135300
2020-10-01,2.480000,2.510000,2.440000,2.480000,2.480000,935800
2020-10-02,2.410000,2.520000,2.410000,2.490000,2.490000,693900
2020-10-05,2.520000,2.590000,2.500000,2.570000,2.570000,888200
2020-10-06,2.600000,2.650000,2.520000,2.530000,2.530000,1067600
2020-10-07,2.540000,2.620000,2.540000,2.600000,2.600000,992900
2020-10-08,2.620000,2.680000,2.610000,2.650000,2.650000,902100
2020-10-09,2.670000,2.710000,2.630000,2.660000,2.660000,679700
2020-10-12,2.710000,2.710000,2.590000,2.640000,2.640000,712000
2020-10-13,2.640000,2.710000,2.610000,2.700000,2.700000,797600
2020-10-14,2.690000,2.790000,2.690000,2.710000,2.710000,1047100
2020-10-15,2.650000,2.740000,2.600000,2.720000,2.720000,722500
2020-10-16,2.740000,2.740000,2.650000,2.670000,2.670000,729000
2020-10-19,2.690000,2.710000,2.650000,2.660000,2.660000,716500
2020-10-20,2.670000,2.710000,2.640000,2.680000,2.680000,611600
2020-10-21,2.690000,2.740000,2.630000,2.650000,2.650000,480900
2020-10-22,2.650000,2.690000,2.620000,2.680000,2.680000,641400
2020-10-23,2.690000,2.720000,2.620000,2.640000,2.640000,535300
2020-10-26,2.620000,2.620000,2.510000,2.570000,2.570000,835300
2020-10-27,2.560000,2.590000,2.520000,2.530000,2.530000,494000
2020-10-28,2.500000,2.500000,2.410000,2.450000,2.450000,968000
2020-10-29,2.450000,2.520000,2.410000,2.520000,2.520000,599000
2020-10-30,2.490000,2.500000,2.440000,2.480000,2.480000,873900
2020-11-02,2.490000,2.540000,2.450000,2.460000,2.460000,737900
2020-11-03,2.500000,2.590000,2.480000,2.500000,2.500000,814600
2020-11-04,2.490000,2.500000,2.410000,2.450000,2.450000,869800
2020-11-05,2.480000,2.590000,2.480000,2.570000,2.570000,859500
2020-11-06,2.540000,2.560000,2.390000,2.420000,2.420000,1446800
2020-11-09,2.580000,2.640000,2.470000,2.600000,2.600000,2426300
2020-11-10,2.620000,2.780000,2.600000,2.730000,2.730000,1612800
2020-11-11,2.740000,2.850000,2.730000,2.830000,2.830000,1517300
2020-11-12,2.750000,3.330000,2.740000,3.330000,3.330000,6292500
2020-11-13,3.380000,3.420000,3.100000,3.190000,3.190000,3400800
2020-11-16,3.220000,3.390000,3.130000,3.200000,3.200000,2359500
2020-11-17,3.200000,3.270000,3.130000,3.240000,3.240000,1672400
2020-11-18,3.290000,3.400000,3.160000,3.170000,3.170000,2425200
2020-11-19,3.210000,3.230000,3.060000,3.200000,3.200000,1219600
2020-11-20,3.150000,3.490000,3.150000,3.480000,3.480000,3000700
2020-11-23,3.670000,4.410000,3.660000,4.400000,4.400000,9310600
2020-11-24,5.240000,5.250000,4.300000,4.480000,4.480000,13288400
2020-11-25,4.490000,4.860000,4.350000,4.740000,4.740000,5298700
2020-11-27,5.070000,5.090000,4.830000,5.030000,5.030000,4244100
2020-11-30,5.010000,5.060000,4.280000,4.550000,4.550000,5848600
2020-12-01,4.560000,4.630000,4.260000,4.400000,4.400000,2993000
2020-12-02,4.240000,4.410000,4.150000,4.230000,4.230000,2361700
2020-12-03,4.310000,4.310000,3.790000,3.830000,3.830000,4867400
2020-12-04,4.010000,4.370000,4.000000,4.290000,4.290000,3409400
2020-12-07,4.380000,4.480000,4.130000,4.210000,4.210000,2648700
2020-12-08,4.200000,4.770000,4.180000,4.750000,4.750000,4299700
2020-12-09,4.990000,5.040000,4.290000,4.460000,4.460000,4699000
2020-12-10,4.390000,4.590000,4.260000,4.530000,4.530000,1977100
2020-12-11,4.510000,4.540000,4.280000,4.380000,4.380000,2170300
2020-12-14,4.480000,4.500000,4.210000,4.210000,4.210000,1815000
2020-12-15,4.340000,4.710000,4.250000,4.690000,4.690000,3662000
2020-12-16,4.770000,4.810000,4.340000,4.470000,4.470000,3602100
2020-12-17,4.470000,4.940000,4.400000,4.770000,4.770000,4060100
2020-12-18,4.920000,5.680000,4.780000,5.500000,5.500000,15328200
2020-12-21,5.410000,6.190000,5.150000,5.940000,5.940000,16894600
2020-12-22,6.380000,8.350000,6.340000,8.200000,8.200000,25116800
2020-12-23,10.010000,10.750000,7.650000,8.230000,8.230000,54657900
2020-12-24,8.400000,8.490000,7.550000,8.350000,8.350000,10143000
2020-12-28,8.960000,8.980000,8.080000,8.530000,8.530000,12468000
2020-12-29,8.260000,8.580000,7.580000,7.780000,7.780000,8971300
2020-12-30,7.750000,8.290000,7.610000,8.190000,8.190000,6990400
2020-12-31,8.170000,8.180000,7.820000,7.860000,7.860000,6002900
2021-01-04,7.950000,8.060000,7.330000,7.830000,7.830000,6023300
2021-01-05,7.700000,9.070000,7.650000,8.680000,8.680000,13054700
2021-01-06,9.610000,9.750000,8.520000,9.000000,9.000000,13370400
2021-01-07,9.670000,11.370000,9.500000,11.100000,11.100000,21143600
2021-01-08,11.630000,11.660000,9.800000,10.250000,10.250000,17507800
2021-01-11,10.080000,10.640000,9.700000,9.810000,9.810000,9593400
2021-01-12,10.080000,10.160000,9.180000,9.920000,9.920000,10311800
2021-01-13,10.170000,11.030000,9.870000,10.410000,10.410000,12652400
2021-01-14,10.490000,10.870000,9.920000,10.210000,10.210000,9139000
2021-01-15,10.030000,10.150000,9.510000,9.810000,9.810000,7765100
2021-01-19,10.000000,10.030000,9.520000,9.940000,9.940000,6626700
2021-01-20,9.890000,10.990000,9.780000,10.600000,10.600000,10217700
2021-01-21,10.610000,10.900000,9.910000,10.180000,10.180000,8132500
2021-01-22,9.940000,10.660000,9.910000,10.570000,10.570000,6764100
2021-01-25,11.180000,12.650000,10.870000,11.680000,11.680000,16409700
2021-01-26,11.900000,12.090000,11.230000,11.540000,11.540000,8973300
2021-01-27,10.820000,11.970000,10.540000,11.000000,11.000000,8632800
2021-01-28,10.900000,11.200000,9.940000,10.440000,10.440000,8168900
2021-01-29,10.430000,11.040000,10.220000,10.230000,10.230000,5856000
2021-02-01,10.210000,10.690000,10.010000,10.570000,10.570000,4525700
2021-02-02,10.790000,10.890000,10.020000,10.470000,10.470000,4281900
2021-02-03,11.510000,13.100000,11.290000,12.830000,12.830000,17966300
2021-02-04,13.300000,13.600000,12.700000,12.800000,12.800000,10224500
2021-02-05,12.960000,13.080000,12.250000,12.970000,12.970000,6897900
2021-02-08,16.860001,18.420000,16.000000,17.870001,17.870001,31729500
2021-02-09,17.969999,18.780001,17.760000,18.639999,18.639999,12839300
2021-02-10,19.549999,19.790001,16.530001,16.940001,16.940001,14621800
2021-02-11,17.100000,17.320000,16.139999,16.730000,16.730000,6528100
2021-02-12,16.350000,17.320000,15.780000,17.290001,17.290001,6271000
2021-02-16,17.070000,17.200001,15.200000,15.920000,15.920000,8254200
2021-02-17,15.930000,16.070000,15.020000,15.540000,15.540000,5943100
2021-02-18,14.960000,15.120000,14.010000,14.050000,14.050000,9336000
2021-02-19,14.460000,15.990000,14.260000,14.980000,14.980000,8283700
2021-02-22,15.240000,15.650000,14.560000,14.650000,14.650000,6804000
2021-02-23,13.600000,13.750000,11.320000,13.590000,13.590000,9653900
2021-02-24,13.870000,14.070000,13.160000,13.820000,13.820000,5506300
2021-02-25,13.410000,13.840000,12.640000,12.850000,12.850000,5543400
2021-02-26,12.400000,13.160000,12.130000,13.040000,13.040000,7469900
2021-03-01,13.500000,13.940000,13.150000,13.800000,13.800000,4737100
2021-03-02,13.850000,14.100000,13.210000,13.230000,13.230000,3868900
2021-03-03,13.080000,13.390000,12.180000,12.260000,12.260000,4754300
2021-03-04,13.380000,13.410000,11.710000,12.200000,12.200000,10322900
2021-03-05,12.110000,12.320000,10.150000,11.640000,11.640000,10242200
2021-03-08,11.670000,12.100000,10.680000,10.710000,10.710000,6040100
2021-03-09,11.250000,12.340000,11.030000,11.800000,11.800000,8241400
2021-03-10,12.780000,13.830000,12.320000,13.590000,13.590000,9913100
2021-03-11,14.220000,14.290000,13.390000,13.880000,13.880000,7835700
2021-03-12,13.440000,14.930000,13.200000,14.870000,14.870000,6169100
2021-03-15,15.060000,15.720000,14.840000,15.390000,15.390000,6613400
2021-03-16,15.700000,16.000000,14.830000,14.970000,14.970000,7300800
2021-03-17,13.930000,15.370000,13.680000,15.200000,15.200000,5352900
2021-03-18,14.900000,15.700000,14.220000,14.380000,14.380000,6065100
2021-03-19,14.520000,15.870000,14.040000,15.660000,15.660000,15851000
2021-03-22,15.910000,16.590000,15.460000,15.940000,15.940000,6948200
2021-03-23,15.460000,15.620000,13.460000,13.610000,13.610000,7444900
2021-03-24,14.030000,14.470000,12.990000,13.070000,13.070000,5065700
2021-03-25,12.260000,13.690000,12.000000,13.610000,13.610000,5374900
2021-03-26,13.800000,13.980000,13.000000,13.500000,13.500000,3897300
2021-03-29,13.330000,13.330000,12.550000,12.780000,12.780000,4018800
2021-03-30,12.620000,13.250000,12.380000,13.210000,13.210000,2820200
2021-03-31,13.500000,13.950000,13.340000,13.740000,13.740000,3256300
2021-04-01,14.220000,14.690000,13.860000,14.520000,14.520000,3945200
2021-04-05,14.660000,14.770000,13.270000,13.500000,13.500000,4164200
2021-04-06,13.540000,14.070000,13.510000,13.870000,13.870000,2845600
2021-04-07,13.660000,13.970000,13.380000,13.520000,13.520000,2380300
2021-04-08,13.540000,13.540000,12.910000,13.100000,13.100000,4010500
2021-04-09,12.990000,13.000000,12.220000,12.290000,12.290000,3817900
2021-04-12,12.220000,12.310000,11.020000,11.180000,11.180000,6505400
2021-04-13,11.160000,11.770000,10.790000,11.640000,11.640000,3423300
2021-04-14,11.640000,12.350000,11.620000,11.850000,11.850000,4096100
2021-04-15,11.880000,12.000000,10.900000,11.120000,11.120000,3637200
2021-04-16,10.950000,11.320000,10.810000,11.140000,11.140000,3107800
2021-04-19,14.090000,14.100000,11.680000,11.840000,11.840000,69667100
2021-04-20,11.250000,11.470000,9.120000,9.350000,9.350000,21356400
2021-04-21,9.390000,10.350000,9.180000,10.330000,10.330000,9537600
2021-04-22,10.760000,10.790000,9.860000,10.080000,10.080000,7432800
2021-04-23,10.080000,10.530000,9.940000,10.390000,10.390000,4747700
2021-04-26,10.590000,11.250000,10.470000,11.190000,11.190000,5062900
2021-04-27,11.150000,11.510000,11.080000,11.440000,11.440000,4739900
2021-04-28,11.260000,11.790000,11.100000,11.710000,11.710000,3836600
2021-04-29,11.860000,11.870000,11.060000,11.340000,11.340000,3829000
2021-04-30,11.120000,11.500000,10.880000,11.000000,11.000000,3458700
2021-05-03,10.900000,11.340000,10.800000,11.050000,11.050000,3659200
2021-05-04,10.840000,10.980000,10.290000,10.800000,10.800000,4149700
2021-05-05,11.000000,11.100000,10.340000,10.530000,10.530000,3918000
2021-05-06,10.200000,10.360000,9.620000,9.790000,9.790000,4862500
2021-05-07,9.570000,9.880000,8.770000,8.820000,8.820000,9112000
2021-05-10,8.830000,9.400000,8.640000,8.780000,8.780000,6634200
2021-05-11,8.030000,8.650000,7.850000,8.540000,8.540000,5876600
2021-05-12,8.310000,8.500000,8.090000,8.130000,8.130000,4124600
2021-05-13,8.030000,8.490000,7.590000,7.870000,7.870000,5928000
2021-05-14,8.000000,8.340000,7.970000,8.250000,8.250000,5270500
2021-05-17,7.940000,8.170000,7.910000,8.130000,8.130000,4676400
2021-05-18,8.110000,8.280000,7.950000,8.030000,8.030000,4715200
2021-05-19,7.570000,7.930000,7.500000,7.870000,7.870000,4257900
2021-05-20,7.950000,7.950000,7.480000,7.640000,7.640000,5290000
2021-05-21,7.780000,8.000000,7.700000,7.730000,7.730000,4208800
2021-05-24,7.820000,8.060000,7.630000,7.960000,7.960000,3630700
2021-05-25,8.020000,8.070000,7.630000,7.630000,7.630000,4703100
2021-05-26,7.710000,8.110000,7.670000,8.040000,8.040000,5280900
2021-05-27,8.100000,8.160000,7.820000,8.090000,8.090000,7756500
2021-05-28,8.180000,8.180000,7.750000,7.920000,7.920000,5613100
2021-06-01,7.990000,8.160000,7.860000,8.100000,8.100000,5255400
2021-06-02,8.160000,8.220000,7.940000,8.130000,8.130000,6936300
2021-06-03,8.420000,9.740000,8.420000,9.120000,9.120000,30286100
2021-06-04,10.130000,11.240000,9.210000,9.310000,9.310000,33219700
2021-06-07,10.430000,10.950000,9.740000,10.360000,10.360000,28229900
2021-06-08,10.520000,10.550000,9.320000,9.900000,9.900000,44361300
2021-06-09,13.810000,14.500000,11.150000,13.020000,13.020000,157154800
2021-06-10,12.590000,12.670000,10.420000,10.990000,10.990000,59988500
2021-06-11,11.150000,11.240000,10.590000,10.800000,10.800000,19070200
2021-06-14,11.430000,12.570000,10.920000,11.170000,11.170000,61394100
2021-06-15,12.000000,12.080000,10.830000,11.110000,11.110000,35056300
2021-06-16,10.790000,11.030000,10.200000,10.700000,10.700000,20241800
2021-06-17,10.470000,11.420000,10.450000,11.120000,11.120000,31005000
2021-06-18,11.700000,12.650000,11.370000,11.780000,11.780000,103739100
2021-06-21,11.920000,11.950000,10.770000,11.240000,11.240000,30603700
2021-06-22,11.010000,11.450000,10.790000,11.180000,11.180000,18190500
2021-06-23,11.200000,11.350000,10.940000,11.040000,11.040000,13774600
2021-06-24,11.010000,11.090000,10.670000,10.920000,10.920000,12686300
2021-06-25,10.800000,10.980000,10.450000,10.800000,10.800000,14516900
2021-06-28,10.720000,11.190000,10.580000,10.830000,10.830000,16708600
2021-06-29,10.820000,11.100000,10.230000,10.310000,10.310000,16425900
2021-06-30,10.290000,10.350000,9.950000,10.150000,10.150000,12858100
2021-07-01,10.190000,10.520000,10.060000,10.440000,10.440000,10212800
2021-07-02,10.290000,10.350000,9.860000,10.000000,10.000000,9116100
2021-07-06,9.910000,9.910000,9.280000,9.460000,9.460000,10342900
2021-07-07,9.530000,9.580000,8.730000,8.920000,8.920000,10479700
2021-07-08,8.380000,9.190000,8.250000,9.090000,9.090000,8075900
2021-07-09,9.050000,9.220000,8.900000,9.160000,9.160000,5795600
2021-07-12,9.160000,9.160000,8.930000,9.000000,9.000000,4575900
2021-07-13,8.910000,8.940000,8.500000,8.520000,8.520000,6885700
2021-07-14,8.450000,8.550000,7.800000,7.860000,7.860000,10373600
2021-07-15,7.710000,8.080000,7.420000,7.650000,7.650000,9386500
2021-07-16,7.800000,7.900000,7.450000,7.560000,7.560000,9310200
2021-07-19,7.110000,7.600000,7.030000,7.570000,7.570000,8207900
2021-07-20,7.520000,7.930000,7.330000,7.860000,7.860000,7300800
2021-07-21,7.910000,8.300000,7.900000,8.150000,8.150000,6297600
2021-07-22,8.150000,8.250000,7.640000,7.680000,7.680000,7065000
2021-07-23,7.650000,7.670000,7.420000,7.600000,7.600000,6267300
2021-07-26,7.490000,8.110000,7.440000,7.760000,7.760000,6402400
2021-07-27,7.680000,7.810000,7.310000,7.420000,7.420000,5232200
2021-07-28,7.500000,7.870000,7.470000,7.750000,7.750000,4198900
2021-07-29,7.820000,7.920000,7.620000,7.630000,7.630000,4404300
2021-07-30,7.460000,7.620000,7.400000,7.510000,7.510000,3705600
2021-08-02,7.550000,7.680000,7.330000,7.340000,7.340000,5678300
2021-08-03,7.290000,7.380000,7.090000,7.370000,7.370000,5046900
2021-08-04,7.260000,7.350000,6.860000,6.870000,6.870000,6646600
2021-08-05,6.900000,7.290000,6.820000,7.070000,7.070000,7417300
2021-08-06,7.000000,7.540000,6.890000,7.480000,7.480000,9394300
2021-08-09,7.350000,7.930000,7.180000,7.790000,7.790000,6900900
2021-08-10,7.840000,8.180000,7.780000,8.140000,8.140000,6790800
2021-08-11,8.100000,8.240000,7.850000,8.190000,8.190000,5392200
2021-08-12,8.020000,8.450000,8.020000,8.300000,8.300000,4920100
2021-08-13,8.160000,8.250000,7.510000,7.530000,7.530000,6603200
2021-08-16,7.500000,7.520000,7.130000,7.160000,7.160000,5749200
2021-08-17,7.010000,7.470000,6.930000,6.950000,6.950000,7044400
2021-08-18,6.970000,7.225000,6.855000,6.995000,6.995000,4975146