Date,Open,High,Low,Close,Adj Close,Volume
1995-11-03,4.264706,4.607843,3.995098,4.460784,4.460784,24219900
1995-11-06,4.411765,4.558824,4.362745,4.485294,4.485294,3758190
1995-11-07,4.509804,4.509804,4.362745,4.411765,4.411765,3391500
1995-11-08,4.313725,4.460784,4.313725,4.362745,4.362745,851190
1995-11-09,4.362745,4.509804,4.362745,4.460784,4.460784,574770
1995-11-10,4.362745,4.509804,4.264706,4.264706,4.264706,1071000
1995-11-13,4.411765,4.411765,4.264706,4.362745,4.362745,492150
1995-11-14,4.264706,4.411765,4.264706,4.264706,4.264706,1056720
1995-11-15,4.264706,4.460784,4.264706,4.350490,4.350490,862920
1995-11-16,4.460784,4.460784,4.264706,4.411765,4.411765,634950
1995-11-17,4.264706,4.460784,4.264706,4.313725,4.313725,290700
1995-11-20,4.313725,4.460784,4.313725,4.313725,4.313725,269280
1995-11-21,4.460784,4.460784,4.313725,4.313725,4.313725,349860
1995-11-22,4.313725,4.460784,4.313725,4.313725,4.313725,679320
1995-11-24,4.460784,4.460784,4.362745,4.448529,4.448529,55590
1995-11-27,4.362745,4.656863,4.362745,4.509804,4.509804,551820
1995-11-28,4.558824,4.607843,4.509804,4.607843,4.607843,106080
1995-11-29,4.509804,5.049020,4.509804,5.000000,5.000000,1560090
1995-11-30,5.049020,5.098039,4.901961,4.950980,4.950980,876690
1995-12-01,4.950980,5.049020,4.901961,4.950980,4.950980,647190
1995-12-04,5.000000,5.000000,4.754902,4.779412,4.779412,398820
1995-12-05,4.852941,4.852941,4.754902,4.852941,4.852941,508470
1995-12-06,4.852941,4.901961,4.754902,4.877451,4.877451,168300
1995-12-07,4.754902,4.901961,4.754902,4.754902,4.754902,489600
1995-12-08,4.901961,4.901961,4.754902,4.803922,4.803922,735420
1995-12-11,4.803922,4.901961,4.754902,4.803922,4.803922,353430
1995-12-12,4.901961,4.901961,4.705882,4.754902,4.754902,1323450
1995-12-13,4.705882,4.754902,4.607843,4.656863,4.656863,1035810
1995-12-14,4.558824,4.656863,4.509804,4.558824,4.558824,207570
1995-12-15,4.460784,4.558824,4.460784,4.558824,4.558824,313650
1995-12-18,4.460784,4.558824,4.460784,4.460784,4.460784,75480
1995-12-19,4.558824,4.583333,4.460784,4.558824,4.558824,420240
1995-12-20,4.509804,4.656863,4.509804,4.656863,4.656863,478890
1995-12-21,4.681373,4.705882,4.558824,4.558824,4.558824,16320
1995-12-22,4.705882,4.705882,4.558824,4.705882,4.705882,16830
1995-12-26,4.558824,4.705882,4.558824,4.558824,4.558824,14790
1995-12-27,4.705882,5.245098,4.607843,5.245098,5.245098,498270
1995-12-28,5.294118,5.686275,5.294118,5.539216,5.539216,1740120
1995-12-29,5.539216,5.784314,5.441176,5.784314,5.784314,851190
1996-01-02,5.686275,5.735294,5.343137,5.343137,5.343137,309060
1996-01-03,5.441176,5.441176,5.049020,5.147059,5.147059,784890
1996-01-04,5.147059,5.147059,4.607843,4.779412,4.779412,925140
1996-01-05,4.803922,4.803922,4.632353,4.754902,4.754902,384540
1996-01-08,4.754902,4.754902,4.632353,4.632353,4.632353,27030
1996-01-09,4.803922,4.803922,4.656863,4.669118,4.669118,478380
1996-01-10,4.754902,4.754902,4.656863,4.754902,4.754902,731850
1996-01-11,4.754902,4.754902,4.656863,4.656863,4.656863,246840
1996-01-12,4.852941,4.852941,4.656863,4.656863,4.656863,70380
1996-01-15,4.852941,4.852941,4.656863,4.656863,4.656863,93840
1996-01-16,4.656863,4.852941,4.656863,4.803922,4.803922,27540
1996-01-17,4.803922,4.852941,4.656863,4.803922,4.803922,212160
1996-01-18,4.779412,4.950980,4.779412,4.950980,4.950980,118320
1996-01-19,5.049020,5.245098,4.950980,5.245098,5.245098,523260
1996-01-22,5.245098,5.490196,5.147059,5.490196,5.490196,375360
1996-01-23,5.490196,5.637255,5.490196,5.563725,5.563725,329460
1996-01-24,5.637255,5.637255,5.343137,5.539216,5.539216,329460
1996-01-25,5.343137,5.539216,5.343137,5.539216,5.539216,84660
1996-01-26,5.343137,5.490196,5.343137,5.343137,5.343137,56610
1996-01-29,5.490196,5.490196,5.343137,5.490196,5.490196,112710
1996-01-30,5.490196,5.637255,5.392157,5.490196,5.490196,184110
1996-01-31,5.637255,5.882353,5.490196,5.784314,5.784314,544680
1996-02-01,5.882353,5.931373,5.588235,5.588235,5.588235,311610
1996-02-02,5.686275,5.784314,5.343137,5.735294,5.735294,373320
1996-02-05,5.833333,5.882353,5.686275,5.735294,5.735294,217260
1996-02-06,5.882353,5.882353,5.735294,5.784314,5.784314,95370
1996-02-07,5.686275,5.882353,5.686275,5.882353,5.882353,57120
1996-02-08,5.882353,5.882353,5.735294,5.735294,5.735294,67830
1996-02-09,5.735294,5.833333,5.735294,5.784314,5.784314,144330
1996-02-12,5.833333,5.833333,5.735294,5.784314,5.784314,416670
1996-02-13,5.735294,5.882353,5.735294,5.808824,5.808824,390660
1996-02-14,5.882353,5.882353,5.784314,5.784314,5.784314,4387020
1996-02-15,5.882353,5.882353,5.686275,5.686275,5.686275,18360
1996-02-16,5.686275,5.833333,5.686275,5.735294,5.735294,241740
1996-02-20,5.833333,5.833333,5.686275,5.686275,5.686275,53040
1996-02-21,5.833333,5.833333,5.686275,5.686275,5.686275,32130
1996-02-22,5.833333,5.833333,5.686275,5.833333,5.833333,29580
1996-02-23,5.686275,5.833333,5.686275,5.710784,5.710784,298860
1996-02-26,5.784314,5.784314,5.686275,5.759804,5.759804,68850
1996-02-27,5.784314,5.784314,5.686275,5.686275,5.686275,785400
1996-02-28,5.686275,5.784314,5.686275,5.686275,5.686275,14790
1996-02-29,5.784314,5.784314,5.686275,5.686275,5.686275,115770
1996-03-01,5.759804,5.759804,5.637255,5.735294,5.735294,247350
1996-03-04,5.637255,5.735294,5.637255,5.735294,5.735294,127500
1996-03-05,5.710784,5.882353,5.710784,5.882353,5.882353,92820
1996-03-06,5.882353,6.029412,5.735294,5.980392,5.980392,245310
1996-03-07,6.029412,6.029412,5.882353,5.882353,5.882353,39780
1996-03-08,5.931373,5.931373,5.833333,5.833333,5.833333,250920
1996-03-11,5.833333,5.980392,5.833333,5.931373,5.931373,30090
1996-03-12,5.931373,5.931373,5.833333,5.882353,5.882353,301410
1996-03-13,5.931373,5.931373,5.882353,5.882353,5.882353,5610
1996-03-14,5.882353,5.931373,5.882353,5.931373,5.931373,15810
1996-03-15,5.931373,5.931373,5.882353,5.931373,5.931373,24480
1996-03-18,5.931373,5.931373,5.784314,5.784314,5.784314,67320
1996-03-19,5.882353,5.882353,5.686275,5.686275,5.686275,35700
1996-03-20,5.833333,5.833333,5.686275,5.710784,5.710784,164730
1996-03-21,5.686275,5.784314,5.686275,5.784314,5.784314,169830
1996-03-22,5.686275,5.784314,5.686275,5.686275,5.686275,33660
1996-03-25,5.833333,5.833333,5.686275,5.808824,5.808824,9690
1996-03-26,5.833333,5.833333,5.686275,5.833333,5.833333,21930
1996-03-27,5.833333,5.833333,5.686275,5.784314,5.784314,12240
1996-03-28,5.784314,5.784314,5.686275,5.735294,5.735294,22950
1996-03-29,5.686275,5.784314,5.686275,5.735294,5.735294,448290
1996-04-01,5.833333,6.029412,5.784314,6.029412,6.029412,173910
1996-04-02,6.029412,6.029412,5.980392,5.980392,5.980392,41820
1996-04-03,6.004902,6.029412,5.784314,5.931373,5.931373,340680
1996-04-04,5.931373,5.931373,5.784314,5.784314,5.784314,8160
1996-04-08,5.931373,5.931373,5.784314,5.882353,5.882353,463590
1996-04-09,5.784314,5.931373,5.686275,5.784314,5.784314,887400
1996-04-10,5.833333,5.833333,5.686275,5.686275,5.686275,13770
1996-04-11,5.686275,5.833333,5.686275,5.784314,5.784314,18870
1996-04-12,5.735294,5.735294,5.392157,5.539216,5.539216,729810
1996-04-15,5.735294,5.784314,5.539216,5.735294,5.735294,307530
1996-04-16,5.784314,6.299020,5.784314,6.127451,6.127451,277950
1996-04-17,6.127451,6.127451,6.029412,6.029412,6.029412,19890
1996-04-18,6.029412,6.127451,6.029412,6.029412,6.029412,19890
1996-04-19,6.078431,6.078431,6.029412,6.078431,6.078431,47430
1996-04-22,6.029412,6.078431,6.029412,6.078431,6.078431,64770
1996-04-23,6.078431,6.470588,6.078431,6.470588,6.470588,202980
1996-04-24,6.470588,6.470588,6.274510,6.274510,6.274510,41310
1996-04-25,6.470588,6.960784,6.274510,6.568627,6.568627,792030
1996-04-26,6.715686,7.009804,6.568627,6.862745,6.862745,300390
1996-04-29,6.960784,7.303922,6.862745,7.205882,7.205882,651270
1996-04-30,7.303922,7.303922,6.617647,7.058824,7.058824,674730
1996-05-01,7.107843,7.303922,6.960784,7.254902,7.254902,202470
1996-05-02,7.205882,7.696078,7.107843,7.254902,7.254902,370260
1996-05-03,7.205882,7.352941,7.107843,7.107843,7.107843,188700
1996-05-06,7.254902,7.303922,7.058824,7.156863,7.156863,582420
1996-05-07,7.156863,7.303922,7.156863,7.303922,7.303922,539580
1996-05-08,7.352941,7.352941,7.156863,7.181373,7.181373,101490
1996-05-09,7.156863,7.303922,7.156863,7.156863,7.156863,142800
1996-05-10,7.156863,7.303922,7.156863,7.156863,7.156863,187170
1996-05-13,7.303922,7.352941,7.107843,7.107843,7.107843,212160
1996-05-14,7.107843,7.303922,7.107843,7.279412,7.279412,148920
1996-05-15,7.107843,7.279412,7.107843,7.107843,7.107843,24480
1996-05-16,7.279412,7.279412,7.107843,7.279412,7.279412,323340
1996-05-17,7.107843,7.279412,7.107843,7.107843,7.107843,122910
1996-05-20,7.279412,7.279412,7.107843,7.107843,7.107843,145860
1996-05-21,7.279412,7.303922,7.107843,7.303922,7.303922,327420
1996-05-22,7.303922,7.303922,7.107843,7.132353,7.132353,160650
1996-05-23,7.107843,7.303922,7.107843,7.120098,7.120098,167280
1996-05-24,7.205882,7.254902,7.107843,7.107843,7.107843,39270
1996-05-28,7.107843,7.254902,7.107843,7.254902,7.254902,21930
1996-05-29,7.254902,7.254902,7.107843,7.107843,7.107843,119850
1996-05-30,7.303922,7.303922,7.107843,7.303922,7.303922,758880
1996-05-31,7.303922,7.303922,7.107843,7.254902,7.254902,151470
1996-06-03,7.254902,7.303922,7.107843,7.107843,7.107843,11220
1996-06-04,7.303922,7.549020,7.107843,7.450980,7.450980,329970
1996-06-05,7.450980,7.720588,7.205882,7.720588,7.720588,212160
1996-06-06,7.745098,8.039216,7.598039,7.990196,7.990196,670650
1996-06-07,7.892157,8.137255,7.843137,8.026961,8.026961,248880
1996-06-10,8.039216,8.137255,7.941176,7.941176,7.941176,131580
1996-06-11,8.039216,8.529412,7.843137,8.529412,8.529412,605370
1996-06-12,8.529412,8.529412,8.333333,8.431373,8.431373,436050
1996-06-13,8.480392,8.480392,7.990196,8.088235,8.088235,429420
1996-06-14,7.990196,8.333333,7.990196,8.284314,8.284314,343740
1996-06-17,8.284314,8.284314,7.696078,7.769608,7.769608,353940
1996-06-18,7.647059,7.843137,7.352941,7.500000,7.500000,405450
1996-06-19,7.450980,7.450980,7.156863,7.303922,7.303922,284580
1996-06-20,6.911765,7.107843,6.862745,6.911765,6.911765,638520
1996-06-21,6.764706,6.936275,6.764706,6.911765,6.911765,9127980
1996-06-24,6.911765,7.058824,6.813725,6.862745,6.862745,1405050
1996-06-25,6.813725,6.960784,6.813725,6.887255,6.887255,705330
1996-06-26,6.838235,6.911765,6.764706,6.764706,6.764706,1562640
1996-06-27,6.825980,7.107843,6.764706,6.985294,6.985294,925140
1996-06-28,7.058824,7.598039,6.960784,7.500000,7.500000,1525410
1996-07-01,7.475490,7.892157,7.352941,7.892157,7.892157,2724930
1996-07-02,7.745098,7.892157,7.450980,7.598039,7.598039,2176170
1996-07-03,7.647059,7.696078,7.450980,7.549020,7.549020,566100
1996-07-05,7.549020,7.647059,7.500000,7.598039,7.598039,244290
1996-07-08,7.500000,7.647059,7.107843,7.205882,7.205882,2849370
1996-07-09,7.205882,7.205882,6.813725,6.838235,6.838235,773670
1996-07-10,6.960784,6.960784,6.813725,6.960784,6.960784,962880
1996-07-11,6.813725,6.862745,6.764706,6.764706,6.764706,1187280
1996-07-12,6.862745,6.862745,6.250000,6.323529,6.323529,1798260
1996-07-15,6.323529,6.323529,6.127451,6.200980,6.200980,1440750
1996-07-16,6.225490,6.323529,6.127451,6.274510,6.274510,1146990
1996-07-17,6.470588,6.666667,6.421569,6.642157,6.642157,1496340
1996-07-18,6.666667,7.352941,6.617647,7.058824,7.058824,1472370
1996-07-19,7.009804,7.156863,6.911765,7.156863,7.156863,445230
1996-07-22,7.156863,7.156863,7.009804,7.107843,7.107843,490620
1996-07-23,7.009804,7.156863,7.009804,7.156863,7.156863,589560
1996-07-24,7.009804,7.107843,6.911765,6.960784,6.960784,1311720
1996-07-25,6.936275,7.034314,6.911765,6.911765,6.911765,436050
1996-07-26,6.911765,7.107843,6.911765,7.107843,7.107843,218790
1996-07-29,6.960784,7.156863,6.960784,6.960784,6.960784,371280
1996-07-30,6.960784,7.254902,6.960784,7.254902,7.254902,447270
1996-07-31,7.254902,7.254902,7.058824,7.181373,7.181373,268770
1996-08-01,7.254902,7.254902,7.107843,7.107843,7.107843,1626900
1996-08-02,7.156863,7.254902,6.764706,6.764706,6.764706,866490
1996-08-05,6.764706,6.862745,6.274510,6.568627,6.568627,1208700
1996-08-06,6.715686,6.715686,6.519608,6.544118,6.544118,2472480
1996-08-07,6.519608,6.740196,6.519608,6.715686,6.715686,330480
1996-08-08,6.568627,6.715686,6.519608,6.568627,6.568627,254490
1996-08-09,6.568627,6.666667,6.544118,6.568627,6.568627,354450
1996-08-12,6.666667,6.862745,6.568627,6.862745,6.862745,183600
1996-08-13,6.764706,6.862745,6.764706,6.862745,6.862745,59670
1996-08-14,6.764706,6.911765,6.764706,6.911765,6.911765,54570
1996-08-15,6.862745,6.862745,6.372549,6.544118,6.544118,681870
1996-08-16,6.519608,6.666667,6.519608,6.617647,6.617647,38250
1996-08-19,6.519608,6.666667,6.470588,6.495098,6.495098,141780
1996-08-20,6.519608,6.519608,6.421569,6.519608,6.519608,84150
1996-08-21,6.519608,6.666667,6.470588,6.519608,6.519608,227460
1996-08-22,6.519608,6.519608,6.323529,6.421569,6.421569,186660
1996-08-23,6.274510,6.519608,6.274510,6.519608,6.519608,404940
1996-08-26,6.372549,6.764706,6.372549,6.666667,6.666667,536520
1996-08-27,6.666667,6.862745,6.666667,6.813725,6.813725,272340
1996-08-28,6.862745,6.862745,6.715686,6.813725,6.813725,221850
1996-08-29,6.666667,6.764706,6.421569,6.666667,6.666667,502860
1996-08-30,6.617647,6.666667,6.519608,6.519608,6.519608,60690
1996-09-03,6.519608,6.519608,6.323529,6.372549,6.372549,122400
1996-09-04,6.372549,6.617647,6.323529,6.470588,6.470588,418710
1996-09-05,6.617647,6.666667,6.519608,6.568627,6.568627,223890
1996-09-06,6.617647,6.911765,6.593137,6.764706,6.764706,420240
1996-09-09,6.764706,7.254902,6.764706,7.156863,7.156863,533460
1996-09-10,7.156863,7.254902,6.764706,6.862745,6.862745,1264290
1996-09-11,6.813725,6.862745,6.764706,6.862745,6.862745,103530
1996-09-12,6.813725,6.862745,6.813725,6.862745,6.862745,56610
1996-09-13,6.960784,6.960784,6.617647,6.617647,6.617647,381480
1996-09-16,6.764706,6.862745,6.666667,6.862745,6.862745,246840
1996-09-17,6.862745,6.911765,6.764706,6.813725,6.813725,100470
1996-09-18,6.764706,7.303922,6.764706,7.156863,7.156863,1333140
1996-09-19,7.156863,7.892157,7.156863,7.769608,7.769608,1058250
1996-09-20,7.892157,7.892157,7.598039,7.598039,7.598039,1327020
1996-09-23,7.598039,7.647059,7.549020,7.549020,7.549020,248370
1996-09-24,7.549020,7.647059,7.401961,7.401961,7.401961,507450
1996-09-25,7.401961,7.401961,7.058824,7.205882,7.205882,483990
1996-09-26,7.254902,7.254902,7.156863,7.205882,7.205882,54060
1996-09-27,7.107843,7.401961,7.107843,7.401961,7.401961,91800
1996-09-30,7.450980,7.647059,7.352941,7.549020,7.549020,143310
1996-10-01,7.549020,7.598039,7.500000,7.500000,7.500000,212160
1996-10-02,7.500000,7.843137,7.500000,7.696078,7.696078,1257660
1996-10-03,7.647059,7.843137,7.647059,7.745098,7.745098,370260
1996-10-04,7.794118,7.794118,7.696078,7.794118,7.794118,131580
1996-10-07,7.794118,7.941176,7.745098,7.892157,7.892157,828240
1996-10-08,7.843137,7.941176,7.549020,7.647059,7.647059,269280
1996-10-09,7.696078,7.745098,7.500000,7.696078,7.696078,775200
1996-10-10,7.794118,7.941176,7.671569,7.794118,7.794118,597210
1996-10-11,7.794118,7.892157,7.598039,7.598039,7.598039,217260
1996-10-14,7.696078,7.696078,7.549020,7.647059,7.647059,79560
1996-10-15,7.745098,7.745098,7.377451,7.377451,7.377451,106590
1996-10-16,7.401961,7.401961,7.303922,7.316176,7.316176,238170
1996-10-17,7.450980,7.500000,7.352941,7.401961,7.401961,134640
1996-10-18,7.352941,7.450980,7.352941,7.401961,7.401961,406980
1996-10-21,7.352941,7.450980,7.205882,7.254902,7.254902,1950240
1996-10-22,7.205882,7.352941,7.205882,7.205882,7.205882,226950
1996-10-23,7.205882,7.205882,7.058824,7.156863,7.156863,231540
1996-10-24,7.107843,7.303922,7.107843,7.303922,7.303922,77520
1996-10-25,7.156863,7.303922,7.058824,7.058824,7.058824,76500
1996-10-28,7.205882,7.205882,7.058824,7.058824,7.058824,34680
1996-10-29,7.205882,7.401961,7.009804,7.352941,7.352941,263160
1996-10-30,7.254902,7.401961,7.254902,7.303922,7.303922,73440
1996-10-31,7.254902,7.794118,7.254902,7.794118,7.794118,573750
1996-11-01,7.794118,7.843137,7.549020,7.549020,7.549020,342210
1996-11-04,7.549020,7.647059,7.058824,7.107843,7.107843,329460
1996-11-05,7.254902,7.450980,7.205882,7.352941,7.352941,412080
1996-11-06,7.205882,7.352941,7.205882,7.205882,7.205882,133620
1996-11-07,7.303922,7.524510,7.254902,7.401961,7.401961,735420
1996-11-08,7.328431,7.450980,7.303922,7.303922,7.303922,85680
1996-11-11,7.303922,7.647059,7.303922,7.647059,7.647059,141270
1996-11-12,7.549020,7.892157,7.450980,7.512255,7.512255,657390
1996-11-13,7.598039,7.598039,7.254902,7.450980,7.450980,81600
1996-11-14,7.500000,7.549020,7.009804,7.205882,7.205882,304980
1996-11-15,7.303922,7.352941,7.058824,7.058824,7.058824,573750
1996-11-18,7.205882,7.205882,7.058824,7.107843,7.107843,218790
1996-11-19,7.156863,7.156863,6.642157,6.813725,6.813725,680850
1996-11-20,6.911765,6.911765,6.813725,6.862745,6.862745,421770
1996-11-21,6.862745,6.862745,6.470588,6.666667,6.666667,467160
1996-11-22,6.617647,7.009804,6.617647,6.936275,6.936275,610470
1996-11-25,6.936275,7.647059,6.838235,7.598039,7.598039,560490
1996-11-26,7.500000,8.088235,7.450980,8.039216,8.039216,1505010
1996-11-27,8.039216,8.088235,7.647059,7.843137,7.843137,1514190
1996-11-29,7.696078,8.088235,7.696078,7.990196,7.990196,137190
1996-12-02,7.892157,7.990196,7.818627,7.941176,7.941176,250410
1996-12-03,7.794118,7.941176,7.794118,7.794118,7.794118,47940
1996-12-04,7.794118,7.843137,7.794118,7.794118,7.794118,73440
1996-12-05,7.843137,7.843137,7.696078,7.769608,7.769608,310590
1996-12-06,7.696078,7.892157,7.696078,7.818627,7.818627,350370
1996-12-09,7.720588,7.867647,7.720588,7.769608,7.769608,618120
1996-12-10,7.720588,7.843137,7.720588,7.720588,7.720588,493170
1996-12-11,7.720588,7.867647,7.401961,7.549020,7.549020,698190
1996-12-12,7.450980,7.549020,7.254902,7.401961,7.401961,809370
1996-12-13,7.254902,7.254902,6.862745,6.911765,6.911765,209100
1996-12-16,6.911765,6.960784,6.715686,6.838235,6.838235,673200
1996-12-17,6.838235,6.911765,6.789216,6.838235,6.838235,537540
1996-12-18,6.862745,6.862745,6.715686,6.813725,6.813725,481950
1996-12-19,6.862745,6.862745,6.617647,6.715686,6.715686,763470
1996-12-20,6.715686,6.813725,6.666667,6.715686,6.715686,1468800
1996-12-23,6.764706,6.911765,6.666667,6.911765,6.911765,217770
1996-12-24,6.838235,6.911765,6.789216,6.862745,6.862745,65280
1996-12-26,6.764706,6.911765,6.764706,6.764706,6.764706,13770
1996-12-27,6.764706,6.911765,6.764706,6.764706,6.764706,104550
1996-12-30,6.764706,6.911765,6.764706,6.789216,6.789216,77520
1996-12-31,6.813725,6.911765,6.421569,6.740196,6.740196,591090
1997-01-02,6.666667,6.691176,6.568627,6.691176,6.691176,393720
1997-01-03,6.691176,6.691176,6.568627,6.568627,6.568627,516120
1997-01-06,6.691176,6.691176,6.568627,6.691176,6.691176,633420
1997-01-07,6.666667,6.691176,6.568627,6.691176,6.691176,191760
1997-01-08,6.691176,6.715686,6.617647,6.715686,6.715686,124950
1997-01-09,6.617647,6.960784,6.617647,6.740196,6.740196,872610
1997-01-10,6.666667,7.058824,6.666667,7.034314,7.034314,346290
1997-01-13,7.058824,7.156863,6.960784,7.156863,7.156863,414120
1997-01-14,7.107843,7.254902,7.107843,7.254902,7.254902,52020
1997-01-15,7.254902,7.598039,7.205882,7.549020,7.549020,766530
1997-01-16,7.549020,7.647059,7.352941,7.401961,7.401961,384540
1997-01-17,7.401961,7.450980,7.328431,7.328431,7.328431,269790
1997-01-20,7.303922,7.401961,7.279412,7.328431,7.328431,288660
1997-01-21,7.279412,7.401961,7.156863,7.156863,7.156863,141270
1997-01-22,7.156863,7.254902,6.911765,6.960784,6.960784,328950
1997-01-23,6.960784,7.083333,6.593137,6.715686,6.715686,987870
1997-01-24,6.813725,6.813725,6.715686,6.813725,6.813725,71400
1997-01-27,6.715686,6.813725,6.715686,6.715686,6.715686,263160
1997-01-28,6.813725,6.813725,6.495098,6.519608,6.519608,201960
1997-01-29,6.495098,6.617647,6.176471,6.372549,6.372549,641580
1997-01-30,6.495098,6.593137,6.421569,6.495098,6.495098,395760
1997-01-31,6.470588,6.617647,6.446078,6.617647,6.617647,257550
1997-02-03,6.470588,6.764706,6.470588,6.740196,6.740196,232560
1997-02-04,6.617647,6.764706,6.617647,6.691176,6.691176,247860
1997-02-05,6.617647,6.813725,6.617647,6.813725,6.813725,137190
1997-02-06,6.813725,6.813725,6.519608,6.666667,6.666667,87720
1997-02-07,6.544118,6.691176,6.544118,6.691176,6.691176,53040
1997-02-10,6.544118,6.715686,6.544118,6.715686,6.715686,335070
1997-02-11,6.593137,6.740196,6.593137,6.593137,6.593137,477360
1997-02-12,6.740196,6.740196,6.568627,6.740196,6.740196,2644350
1997-02-13,6.568627,6.740196,6.348039,6.544118,6.544118,308550
1997-02-14,6.397059,6.544118,6.127451,6.200980,6.200980,7529130
1997-02-18,6.200980,6.274510,6.029412,6.053922,6.053922,1081710
1997-02-19,6.176471,6.225490,6.053922,6.225490,6.225490,248370
1997-02-20,6.225490,6.225490,6.078431,6.078431,6.078431,120870
1997-02-21,6.078431,6.225490,6.078431,6.090686,6.090686,140760
1997-02-24,6.078431,6.151961,6.053922,6.053922,6.053922,242250
1997-02-25,6.078431,6.127451,5.857843,5.857843,5.857843,365670
1997-02-26,5.784314,5.882353,4.803922,5.196078,5.196078,2773890
1997-02-27,5.318627,5.441176,5.245098,5.392157,5.392157,1238790
1997-02-28,5.392157,5.392157,5.196078,5.294118,5.294118,569670
1997-03-03,5.318627,5.343137,5.245098,5.343137,5.343137,276420
1997-03-04,5.490196,5.539216,5.343137,5.490196,5.490196,679320
1997-03-05,5.539216,5.637255,5.441176,5.539216,5.539216,2091000
1997-03-06,5.637255,5.661765,5.490196,5.588235,5.588235,782850
1997-03-07,5.686275,5.882353,5.318627,5.612745,5.612745,1126590
1997-03-10,5.686275,5.735294,5.392157,5.392157,5.392157,614550
1997-03-11,5.539216,5.539216,5.245098,5.343137,5.343137,223380
1997-03-12,5.318627,5.318627,4.901961,4.950980,4.950980,1081200
1997-03-13,4.950980,5.000000,4.803922,4.816176,4.816176,1852830
1997-03-14,4.950980,5.098039,4.803922,5.049020,5.049020,710940
1997-03-17,5.049020,5.049020,4.852941,5.049020,5.049020,511020
1997-03-18,5.049020,5.049020,4.852941,5.049020,5.049020,131070
1997-03-19,5.049020,5.098039,4.852941,5.024510,5.024510,173910
1997-03-20,5.147059,5.269608,5.000000,5.098039,5.098039,1123530
1997-03-21,5.147059,5.294118,5.000000,5.220588,5.220588,1597320
1997-03-24,5.196078,5.441176,5.122549,5.269608,5.269608,533970
1997-03-25,5.441176,5.539216,5.355392,5.490196,5.490196,593130
1997-03-26,5.514706,5.735294,5.490196,5.637255,5.637255,1420350
1997-03-27,5.612745,5.931373,5.612745,5.710784,5.710784,723180
1997-03-31,5.710784,5.857843,5.661765,5.686275,5.686275,204510
1997-04-01,5.661765,5.808824,5.661765,5.784314,5.784314,1656990
1997-04-02,5.735294,5.784314,5.612745,5.686275,5.686275,944520
1997-04-03,5.637255,5.759804,5.612745,5.612745,5.612745,373830
1997-04-04,5.612745,5.686275,5.539216,5.686275,5.686275,183090
1997-04-07,5.686275,5.735294,5.588235,5.686275,5.686275,735930
1997-04-08,5.686275,5.735294,5.637255,5.686275,5.686275,477360
1997-04-09,5.637255,5.735294,5.637255,5.686275,5.686275,440640
1997-04-10,5.735294,5.735294,5.637255,5.686275,5.686275,29070
1997-04-11,5.661765,5.735294,5.661765,5.686275,5.686275,1426980
1997-04-14,5.686275,5.735294,5.637255,5.637255,5.637255,579870
1997-04-15,5.637255,5.637255,5.269608,5.441176,5.441176,985320
1997-04-16,5.343137,5.441176,5.294118,5.343137,5.343137,290700
1997-04-17,5.294118,5.392157,5.294118,5.343137,5.343137,221340
1997-04-18,5.392157,5.392157,5.294118,5.343137,5.343137,717060
1997-04-21,5.441176,5.441176,5.294118,5.294118,5.294118,598740
1997-04-22,5.318627,5.392157,5.269608,5.269608,5.269608,415140
1997-04-23,5.306373,5.392157,5.269608,5.294118,5.294118,650250
1997-04-24,5.367647,5.490196,5.294118,5.490196,5.490196,1603950
1997-04-25,5.539216,5.735294,5.392157,5.735294,5.735294,745110
1997-04-28,5.735294,5.759804,5.612745,5.735294,5.735294,625770
1997-04-29,5.710784,5.784314,5.563725,5.588235,5.588235,1049580
1997-04-30,5.539216,5.588235,5.343137,5.441176,5.441176,1700850
1997-05-01,5.539216,5.563725,5.441176,5.563725,5.563725,477360
1997-05-02,5.588235,6.274510,5.490196,6.151961,6.151961,1421370
1997-05-05,6.127451,6.666667,6.127451,6.617647,6.617647,1528470
1997-05-06,6.470588,6.617647,6.029412,6.078431,6.078431,734910
1997-05-07,6.029412,6.127451,5.980392,6.127451,6.127451,629850
1997-05-08,6.127451,6.127451,5.980392,6.102941,6.102941,140250
1997-05-09,6.127451,6.372549,6.004902,6.372549,6.372549,365670
1997-05-12,6.323529,6.470588,6.323529,6.421569,6.421569,966450
1997-05-13,6.519608,6.617647,6.470588,6.593137,6.593137,318240
1997-05-14,6.519608,6.666667,6.470588,6.568627,6.568627,326910
1997-05-15,6.421569,6.470588,6.372549,6.446078,6.446078,390660
1997-05-16,6.519608,6.617647,6.470588,6.568627,6.568627,512550
1997-05-19,6.470588,6.568627,6.470588,6.470588,6.470588,206550
1997-05-20,6.470588,6.568627,6.421569,6.421569,6.421569,708900
1997-05-21,6.421569,6.642157,6.421569,6.568627,6.568627,605370
1997-05-22,6.617647,6.617647,6.495098,6.556373,6.556373,406470
1997-05-23,6.495098,6.617647,6.495098,6.617647,6.617647,663510
1997-05-27,6.544118,6.715686,6.544118,6.715686,6.715686,279480
1997-05-28,6.715686,6.715686,6.617647,6.617647,6.617647,316710
1997-05-29,6.617647,6.715686,6.617647,6.666667,6.666667,196860
1997-05-30,6.617647,6.617647,6.519608,6.544118,6.544118,392190
1997-06-02,6.519608,6.715686,6.519608,6.666667,6.666667,435030
1997-06-03,6.568627,6.740196,6.568627,6.666667,6.666667,453900
1997-06-04,6.764706,6.838235,6.691176,6.789216,6.789216,526320
1997-06-05,6.862745,6.862745,6.813725,6.825980,6.825980,656370
1997-06-06,6.764706,6.862745,6.764706,6.789216,6.789216,169830
1997-06-09,6.764706,6.862745,6.764706,6.776961,6.776961,346290
1997-06-10,6.862745,6.862745,6.764706,6.813725,6.813725,202470
1997-06-11,6.789216,6.960784,6.789216,6.960784,6.960784,375360
1997-06-12,6.960784,7.254902,6.960784,6.960784,6.960784,1569780
1997-06-13,6.960784,7.107843,6.911765,6.948529,6.948529,586500
1997-06-16,6.960784,6.960784,6.862745,6.960784,6.960784,446760
1997-06-17,7.009804,7.009804,6.568627,6.666667,6.666667,380970
1997-06-18,6.617647,6.666667,6.274510,6.323529,6.323529,453900
1997-06-19,6.372549,6.372549,6.250000,6.299020,6.299020,171870
1997-06-20,6.299020,6.299020,6.127451,6.151961,6.151961,1880880
1997-06-23,6.225490,6.225490,6.078431,6.127451,6.127451,412590
1997-06-24,6.151961,6.151961,5.882353,5.980392,5.980392,417180
1997-06-25,6.053922,6.274510,6.053922,6.225490,6.225490,1766640
1997-06-26,6.225490,6.225490,6.004902,6.029412,6.029412,230010
1997-06-27,6.078431,6.078431,5.980392,5.992647,5.992647,244800
1997-06-30,5.992647,6.127451,5.931373,6.127451,6.127451,1276020
1997-07-01,6.127451,6.421569,5.980392,6.360294,6.360294,871590
1997-07-02,6.348039,6.813725,6.274510,6.813725,6.813725,2744820
1997-07-03,6.887255,6.936275,6.813725,6.911765,6.911765,839970
1997-07-07,6.960784,7.205882,6.911765,7.107843,7.107843,3129360
1997-07-08,7.132353,7.132353,6.960784,7.034314,7.034314,1084260
1997-07-09,7.058824,7.132353,6.985294,7.034314,7.034314,1862520
1997-07-10,7.052696,7.058824,7.009804,7.034314,7.034314,1537650
1997-07-11,7.058824,7.156863,7.034314,7.046569,7.046569,842520
1997-07-14,7.058824,7.132353,7.034314,7.071078,7.071078,511530
1997-07-15,7.034314,7.181373,7.009804,7.156863,7.156863,1311720
1997-07-16,7.181373,7.303922,7.132353,7.230392,7.230392,684930
1997-07-17,7.279412,7.450980,7.230392,7.426471,7.426471,514590
1997-07-18,7.475490,7.549020,7.279412,7.549020,7.549020,1179120
1997-07-21,7.426471,7.450980,7.340686,7.377451,7.377451,561000
1997-07-22,7.352941,7.377451,7.328431,7.365196,7.365196,1019490
1997-07-23,7.450980,7.450980,7.254902,7.328431,7.328431,616590
1997-07-24,7.450980,7.450980,7.254902,7.291667,7.291667,613020
1997-07-25,7.279412,7.328431,7.254902,7.267157,7.267157,379440
1997-07-28,7.352941,7.401961,7.218137,7.242647,7.242647,244800
1997-07-29,7.230392,7.352941,7.230392,7.279412,7.279412,166770
1997-07-30,7.303922,7.401961,7.230392,7.254902,7.254902,232560
1997-07-31,7.401961,7.401961,7.254902,7.254902,7.254902,45390
1997-08-01,7.303922,7.647059,7.254902,7.647059,7.647059,352920
1997-08-04,7.745098,7.941176,7.340686,7.904412,7.904412,7719360
1997-08-05,7.892157,7.941176,7.769608,7.843137,7.843137,2958000
1997-08-06,7.843137,7.843137,7.401961,7.598039,7.598039,1870680
1997-08-07,7.598039,7.696078,7.475490,7.598039,7.598039,1331610
1997-08-08,7.549020,7.622549,7.205882,7.426471,7.426471,1789590
1997-08-11,7.426471,7.524510,7.083333,7.083333,7.083333,813450
1997-08-12,7.083333,7.242647,7.034314,7.058824,7.058824,433500
1997-08-13,7.107843,7.156863,7.009804,7.034314,7.034314,810900
1997-08-14,7.034314,7.058824,6.764706,6.936275,6.936275,2126190
1997-08-15,6.862745,6.899510,6.764706,6.813725,6.813725,408510
1997-08-18,6.813725,6.960784,6.813725,6.911765,6.911765,240720
1997-08-19,6.960784,6.960784,6.862745,6.887255,6.887255,1077630
1997-08-20,6.936275,7.058824,6.862745,7.009804,7.009804,1390770
1997-08-21,7.058824,7.058824,6.911765,6.911765,6.911765,276420
1997-08-22,6.865809,7.009804,6.862745,7.009804,7.009804,431460
1997-08-25,7.009804,7.058824,6.960784,7.058824,7.058824,333540
1997-08-26,7.058824,7.058824,6.911765,7.034314,7.034314,511020
1997-08-27,7.058824,7.058824,6.911765,7.058824,7.058824,901680
1997-08-28,7.058824,7.181373,6.911765,6.997549,6.997549,803760
1997-08-29,7.058824,7.156863,6.911765,6.985294,6.985294,1686060
1997-09-02,6.960784,7.156863,6.960784,7.034314,7.034314,297840
1997-09-03,7.058824,7.181373,6.924020,6.985294,6.985294,1243380
1997-09-04,7.009804,7.083333,6.960784,7.009804,7.009804,247860
1997-09-05,7.083333,7.083333,6.838235,6.936275,6.936275,208080
1997-09-08,6.911765,6.960784,6.862745,6.911765,6.911765,49470
1997-09-09,6.838235,7.009804,6.813725,6.960784,6.960784,240210
1997-09-10,6.911765,7.009804,6.617647,6.617647,6.617647,856290
1997-09-11,6.666667,6.764706,6.568627,6.727941,6.727941,579360
1997-09-12,6.691176,6.715686,6.617647,6.703431,6.703431,506940
1997-09-15,6.715686,6.936275,6.703431,6.887255,6.887255,415140
1997-09-16,6.960784,7.156863,6.887255,7.107843,7.107843,2076210
1997-09-17,7.107843,7.254902,7.058824,7.205882,7.205882,3523080
1997-09-18,7.254902,7.254902,6.887255,7.058824,7.058824,2984520
1997-09-19,7.009804,7.132353,6.936275,6.936275,6.936275,1500420
1997-09-22,6.985294,7.034314,6.936275,7.034314,7.034314,696150
1997-09-23,6.936275,7.009804,6.936275,6.960784,6.960784,973080
1997-09-24,7.009804,7.009804,6.911765,6.911765,6.911765,845580
1997-09-25,6.936275,6.985294,6.887255,6.948529,6.948529,351900
1997-09-26,6.887255,7.009804,6.887255,6.960784,6.960784,718080
1997-09-29,6.911765,7.009804,6.887255,6.997549,6.997549,2102220
1997-09-30,7.009804,7.009804,6.887255,7.009804,7.009804,2560200
1997-10-01,7.009804,7.034314,6.887255,7.009804,7.009804,595170
1997-10-02,6.960784,7.009804,6.924020,6.960784,6.960784,247350
1997-10-03,6.936275,7.009804,6.911765,6.936275,6.936275,442170
1997-10-06,6.911765,6.985294,6.887255,6.936275,6.936275,269280
1997-10-07,7.009804,7.107843,6.887255,6.936275,6.936275,895560
1997-10-08,6.960784,7.034314,6.887255,6.936275,6.936275,213180
1997-10-09,6.911765,7.034314,6.887255,7.034314,7.034314,713490
1997-10-10,7.009804,7.058824,6.899510,7.058824,7.058824,441660
1997-10-13,7.058824,7.058824,7.009804,7.009804,7.009804,325380
1997-10-14,7.058824,7.156863,7.009804,7.156863,7.156863,939420
1997-10-15,7.058824,7.254902,7.058824,7.156863,7.156863,412590
1997-10-16,7.156863,7.205882,7.083333,7.083333,7.083333,334560
1997-10-17,7.083333,7.132353,6.985294,7.058824,7.058824,471750
1997-10-20,7.009804,7.156863,7.009804,7.107843,7.107843,340170
1997-10-21,7.181373,7.377451,7.058824,7.279412,7.279412,902700
1997-10-22,7.377451,7.401961,7.205882,7.303922,7.303922,324360
1997-10-23,7.181373,7.254902,7.058824,7.107843,7.107843,211650
1997-10-24,7.254902,7.401961,7.058824,7.058824,7.058824,562530
1997-10-27,7.009804,7.083333,6.813725,6.936275,6.936275,297840
1997-10-28,6.740196,6.764706,6.470588,6.568627,6.568627,1564170
1997-10-29,6.568627,6.666667,6.470588,6.544118,6.544118,1947690
1997-10-30,6.544118,6.568627,6.372549,6.384804,6.384804,170850
1997-10-31,6.470588,6.470588,6.176471,6.446078,6.446078,2647920
1997-11-03,6.470588,6.740196,6.372549,6.727941,6.727941,445740
1997-11-04,6.911765,7.034314,6.715686,6.936275,6.936275,1405050
1997-11-05,6.960784,6.960784,6.850490,6.960784,6.960784,340680
1997-11-06,6.960784,7.034314,6.887255,7.009804,7.009804,374340
1997-11-07,6.862745,7.083333,6.862745,6.960784,6.960784,277950
1997-11-10,6.960784,7.058824,6.960784,6.973039,6.973039,439110
1997-11-11,6.973039,6.997549,6.936275,6.960784,6.960784,88230
1997-11-12,6.764706,6.911765,6.764706,6.887255,6.887255,299370
1997-11-13,6.764706,6.862745,6.764706,6.850490,6.850490,877200
1997-11-14,6.862745,6.862745,6.764706,6.776961,6.776961,568650
1997-11-17,6.838235,6.838235,6.372549,6.568627,6.568627,706860
1997-11-18,6.666667,6.764706,6.519608,6.629902,6.629902,928200
1997-11-19,6.568627,6.666667,6.519608,6.519608,6.519608,507960
1997-11-20,6.470588,6.764706,6.470588,6.593137,6.593137,1375470
1997-11-21,6.666667,7.009804,6.605392,6.960784,6.960784,8688360
1997-11-24,6.862745,7.181373,6.862745,7.144608,7.144608,1055700
1997-11-25,7.107843,7.156863,6.911765,6.911765,6.911765,2326110
1997-11-26,6.911765,7.083333,6.911765,6.911765,6.911765,1163820
1997-11-28,6.911765,6.985294,6.887255,6.911765,6.911765,339660
1997-12-01,6.936275,6.960784,6.813725,6.862745,6.862745,1408110
1997-12-02,6.862745,6.862745,6.678922,6.813725,6.813725,1261230
1997-12-03,6.715686,6.936275,6.715686,6.911765,6.911765,484500
1997-12-04,6.911765,6.911765,6.764706,6.862745,6.862745,1130670
1997-12-05,6.764706,6.862745,6.715686,6.764706,6.764706,664530
1997-12-08,6.813725,6.911765,6.727941,6.911765,6.911765,1373430
1997-12-09,6.813725,6.911765,6.813725,6.850490,6.850490,1150050
1997-12-10,6.764706,6.911765,6.666667,6.844363,6.844363,558960
1997-12-11,6.764706,6.936275,6.715686,6.911765,6.911765,1063860
1997-12-12,6.960784,7.009804,6.887255,6.899510,6.899510,916980
1997-12-15,6.887255,6.948529,6.813725,6.911765,6.911765,893010
1997-12-16,6.813725,6.960784,6.764706,6.838235,6.838235,549270
1997-12-17,6.764706,6.862745,6.666667,6.703431,6.703431,1677390
1997-12-18,6.715686,6.715686,6.593137,6.593137,6.593137,423810
1997-12-19,6.568627,6.764706,6.470588,6.568627,6.568627,1416780
1997-12-22,6.715686,6.715686,6.348039,6.446078,6.446078,1460130
1997-12-23,6.470588,6.519608,6.372549,6.372549,6.372549,2263890
1997-12-24,6.421569,6.568627,6.372549,6.568627,6.568627,389640
1997-12-26,6.568627,6.593137,6.421569,6.593137,6.593137,59160
1997-12-29,6.470588,6.740196,6.470588,6.605392,6.605392,1129650
1997-12-30,6.715686,6.838235,6.715686,6.825980,6.825980,653310
1997-12-31,6.727941,6.911765,6.727941,6.862745,6.862745,1447380
1998-01-02,6.862745,6.911765,6.691176,6.911765,6.911765,368730
1998-01-05,6.825980,6.825980,6.666667,6.666667,6.666667,147900
1998-01-06,6.642157,6.789216,6.617647,6.740196,6.740196,1250520
1998-01-07,6.617647,6.764706,6.617647,6.764706,6.764706,342720
1998-01-08,6.666667,6.813725,6.666667,6.715686,6.715686,191250
1998-01-09,6.691176,6.691176,6.372549,6.372549,6.372549,424830
1998-01-12,6.372549,6.519608,5.882353,5.906863,5.906863,899640
1998-01-13,6.029412,6.102941,5.735294,6.053922,6.053922,3393540
1998-01-14,6.127451,6.225490,5.882353,6.029412,6.029412,1691670
1998-01-15,6.004902,6.078431,5.906863,6.078431,6.078431,1677900
1998-01-16,6.078431,6.421569,6.053922,6.421569,6.421569,1541730
1998-01-20,6.274510,6.740196,6.274510,6.740196,6.740196,1427490
1998-01-21,6.568627,6.789216,6.519608,6.666667,6.666667,1104150
1998-01-22,6.764706,6.764706,6.568627,6.740196,6.740196,376380
1998-01-23,6.617647,6.862745,6.617647,6.789216,6.789216,771120
1998-01-26,6.850490,6.850490,6.568627,6.654412,6.654412,349350
1998-01-27,6.544118,6.617647,6.495098,6.495098,6.495098,618630
1998-01-28,6.470588,6.544118,6.421569,6.544118,6.544118,1204110
1998-01-29,6.519608,6.666667,6.519608,6.666667,6.666667,182580
1998-01-30,6.519608,6.666667,6.470588,6.470588,6.470588,632910
1998-02-02,6.470588,6.593137,6.176471,6.250000,6.250000,433500
1998-02-03,6.176471,6.666667,6.176471,6.519608,6.519608,3635280
1998-02-04,6.470588,6.715686,6.470588,6.568627,6.568627,357000
1998-02-05,6.593137,6.715686,6.544118,6.715686,6.715686,1451460
1998-02-06,6.715686,6.813725,6.617647,6.617647,6.617647,717060
1998-02-09,6.568627,6.862745,6.568627,6.789216,6.789216,1239810
1998-02-10,6.715686,6.862745,6.715686,6.862745,6.862745,593640
1998-02-11,6.715686,7.205882,6.715686,7.071078,7.071078,4178940
1998-02-12,7.083333,7.095588,6.936275,7.071078,7.071078,966960
1998-02-13,7.058824,7.095588,7.009804,7.083333,7.083333,693090
1998-02-17,7.071078,7.107843,7.034314,7.107843,7.107843,900150
1998-02-18,7.132353,7.303922,7.034314,7.279412,7.279412,1524390
1998-02-19,7.267157,7.500000,7.156863,7.500000,7.500000,2232780
1998-02-20,7.365196,7.598039,7.352941,7.598039,7.598039,1756440
1998-02-23,7.549020,7.598039,7.401961,7.585784,7.585784,1188810
1998-02-24,7.585784,7.720588,7.487745,7.622549,7.622549,1051110
1998-02-25,7.573529,7.745098,7.549020,7.647059,7.647059,901680
1998-02-26,7.745098,7.745098,7.598039,7.696078,7.696078,543150
1998-02-27,7.720588,8.039216,7.647059,7.990196,7.990196,2247060
1998-03-02,7.965686,7.965686,7.769608,7.892157,7.892157,4348770
1998-03-03,7.941176,7.990196,7.745098,7.953431,7.953431,3558780
1998-03-04,7.892157,8.014706,7.843137,7.928922,7.928922,1692690
1998-03-05,7.794118,7.892157,7.745098,7.806373,7.806373,1937490
1998-03-06,7.818627,7.867647,7.769608,7.806373,7.806373,2256240
1998-03-09,7.794118,7.879902,7.745098,7.745098,7.745098,4224330
1998-03-10,7.720588,7.794118,7.696078,7.794118,7.794118,474810
1998-03-11,7.781863,7.818627,7.757353,7.818627,7.818627,672690
1998-03-12,7.818627,7.818627,7.720588,7.720588,7.720588,212160
1998-03-13,7.720588,7.757353,7.647059,7.720588,7.720588,810900
1998-03-16,7.671569,7.843137,7.671569,7.818627,7.818627,618630
1998-03-17,7.818627,7.867647,7.794118,7.818627,7.818627,1692690
1998-03-18,7.818627,7.892157,7.818627,7.843137,7.843137,428400
1998-03-19,7.818627,7.855392,7.751225,7.818627,7.818627,370770
1998-03-20,7.745098,7.794118,7.647059,7.647059,7.647059,385560
1998-03-23,7.647059,7.745098,7.647059,7.647059,7.647059,159120
1998-03-24,7.622549,7.745098,7.622549,7.696078,7.696078,338130
1998-03-25,7.720588,7.720588,7.647059,7.647059,7.647059,140250
1998-03-26,7.696078,7.696078,7.549020,7.573529,7.573529,736440
1998-03-27,7.622549,7.622549,7.549020,7.573529,7.573529,251940
1998-03-30,7.573529,7.745098,7.549020,7.671569,7.671569,486030
1998-03-31,7.647059,8.235294,7.647059,8.137255,8.137255,2231250
1998-04-01,8.039216,8.370098,8.039216,8.259804,8.259804,2238390
1998-04-02,8.308824,8.627451,8.235294,8.627451,8.627451,1196460
1998-04-03,8.627451,8.627451,8.406863,8.406863,8.406863,615570
1998-04-06,8.406863,8.627451,8.406863,8.480392,8.480392,1002150
1998-04-07,8.480392,8.725490,8.480392,8.578431,8.578431,1338240
1998-04-08,8.578431,8.578431,8.431373,8.443627,8.443627,893010
1998-04-09,8.480392,8.504902,8.198529,8.235294,8.235294,1135770
1998-04-13,8.333333,8.333333,8.137255,8.137255,8.137255,217770
1998-04-14,8.088235,8.235294,7.843137,8.039216,8.039216,756840
1998-04-15,7.941176,8.137255,7.794118,8.137255,8.137255,805800
1998-04-16,8.051471,8.259804,8.051471,8.235294,8.235294,319260
1998-04-17,8.161765,8.284314,8.161765,8.235294,8.235294,879240
1998-04-20,8.284314,8.357843,8.112745,8.186275,8.186275,949110
1998-04-21,8.186275,8.186275,7.843137,7.867647,7.867647,297330
1998-04-22,7.892157,7.990196,7.696078,7.928922,7.928922,475830
1998-04-23,7.965686,7.990196,7.622549,7.622549,7.622549,558960
1998-04-24,7.647059,7.671569,7.524510,7.561275,7.561275,758370
1998-04-27,7.450980,7.549020,7.328431,7.401961,7.401961,1000620
1998-04-28,7.475490,7.475490,7.279412,7.401961,7.401961,515100
1998-04-29,7.426471,7.696078,7.401961,7.647059,7.647059,1566720
1998-04-30,7.769608,7.769608,7.622549,7.647059,7.647059,242250
1998-05-01,7.696078,7.867647,7.622549,7.794118,7.794118,513570
1998-05-04,7.745098,7.892157,7.745098,7.892157,7.892157,1611600
1998-05-05,8.014706,8.088235,7.843137,7.867647,7.867647,2181780
1998-05-06,7.892157,7.916667,7.843137,7.843137,7.843137,1662600
1998-05-07,7.843137,7.892157,7.573529,7.659314,7.659314,621690
1998-05-08,7.696078,7.892157,7.610294,7.867647,7.867647,1293360
1998-05-11,7.867647,7.867647,7.745098,7.794118,7.794118,1266840
1998-05-12,7.745098,7.867647,7.696078,7.867647,7.867647,704820
1998-05-13,7.843137,7.892157,7.794118,7.867647,7.867647,1122510
1998-05-14,7.794118,7.990196,7.794118,7.916667,7.916667,1006230
1998-05-15,7.892157,8.014706,7.843137,7.990196,7.990196,1123020
1998-05-18,7.843137,8.112745,7.843137,8.088235,8.088235,782850
1998-05-19,8.051471,8.443627,8.051471,8.382353,8.382353,1183200
1998-05-20,8.321078,8.431373,8.284314,8.406863,8.406863,1293360
1998-05-21,8.284314,8.406863,8.186275,8.192402,8.192402,299880
1998-05-22,8.186275,8.284314,8.088235,8.088235,8.088235,363120
1998-05-26,8.088235,8.112745,7.843137,7.867647,7.867647,246330
1998-05-27,7.745098,7.745098,7.475490,7.598039,7.598039,591600
1998-05-28,7.512255,7.622549,7.500000,7.524510,7.524510,1494810
1998-05-29,7.549020,7.696078,7.512255,7.549020,7.549020,728790
1998-06-01,7.500000,7.598039,7.352941,7.377451,7.377451,670140
1998-06-02,7.450980,7.598039,7.254902,7.598039,7.598039,2654550
1998-06-03,7.671569,7.696078,7.549020,7.598039,7.598039,955740
1998-06-04,7.634804,7.794118,7.634804,7.794118,7.794118,913920
1998-06-05,7.794118,7.941176,7.598039,7.941176,7.941176,538050
1998-06-08,7.941176,8.039216,7.794118,7.818627,7.818627,418200
1998-06-09,7.818627,8.026961,7.818627,7.916667,7.916667,196860
1998-06-10,7.916667,8.039216,7.892157,7.941176,7.941176,80580
1998-06-11,7.916667,8.039216,7.916667,7.977941,7.977941,101490
1998-06-12,7.941176,8.088235,7.892157,8.088235,8.088235,197370
1998-06-15,7.892157,8.161765,7.867647,7.892157,7.892157,404940
1998-06-16,7.965686,7.965686,7.745098,7.892157,7.892157,441660
1998-06-17,7.867647,8.014706,7.843137,8.002451,8.002451,155550
1998-06-18,7.892157,7.990196,7.867647,7.892157,7.892157,189210
1998-06-19,7.843137,7.990196,7.843137,7.990196,7.990196,224400
1998-06-22,7.990196,8.137255,7.941176,8.137255,8.137255,233580
1998-06-23,8.137255,8.455882,8.039216,8.455882,8.455882,1352520
1998-06-24,8.333333,8.835784,8.333333,8.799020,8.799020,981240
1998-06-25,8.676471,8.872549,8.627451,8.651961,8.651961,391680
1998-06-26,8.725490,9.068627,8.627451,9.019608,9.019608,474300
1998-06-29,9.117647,9.240196,8.774510,9.019608,9.019608,1155660
1998-06-30,8.823529,9.117647,8.823529,9.044118,9.044118,1172490
1998-07-01,9.019608,9.068627,8.725490,8.725490,8.725490,574770
1998-07-02,8.823529,8.823529,8.480392,8.651961,8.651961,2255730
1998-07-06,8.529412,8.725490,8.529412,8.639706,8.639706,381480
1998-07-07,8.602941,8.933824,8.553922,8.897059,8.897059,982770
1998-07-08,8.921569,9.068627,8.799020,8.823529,8.823529,301410
1998-07-09,8.848039,8.848039,8.737745,8.823529,8.823529,205530
1998-07-10,8.774510,9.142157,8.774510,8.982843,8.982843,411570
1998-07-13,9.019608,9.215686,9.019608,9.215686,9.215686,276420
1998-07-14,9.044118,9.240196,9.044118,9.166667,9.166667,694110
1998-07-15,9.166667,9.485294,9.166667,9.436275,9.436275,664530
1998-07-16,9.558824,9.558824,9.436275,9.509804,9.509804,1012350
1998-07-17,9.558824,9.754902,9.460784,9.656863,9.656863,538560
1998-07-20,9.656863,10.024510,9.558824,9.852941,9.852941,1913520
1998-07-21,9.877451,9.926471,9.632353,9.705882,9.705882,619140
1998-07-22,9.632353,9.779412,9.558824,9.558824,9.558824,532950
1998-07-23,9.656863,9.656863,9.362745,9.399510,9.399510,626280
1998-07-24,9.387255,9.436275,9.019608,9.117647,9.117647,427890
1998-07-27,9.019608,9.215686,8.651961,8.995098,8.995098,768060
1998-07-28,8.823529,9.093137,8.799020,9.019608,9.019608,971040
1998-07-29,9.019608,9.313725,9.019608,9.215686,9.215686,1730940
1998-07-30,9.264706,9.607843,9.264706,9.534314,9.534314,969510
1998-07-31,9.607843,9.705882,9.436275,9.436275,9.436275,1534590
1998-08-03,9.534314,9.558824,9.362745,9.497549,9.497549,3283890
1998-08-04,9.460784,9.754902,8.186275,8.627451,8.627451,4593570
1998-08-05,8.627451,9.093137,8.553922,8.602941,8.602941,4343160
1998-08-06,8.627451,8.627451,8.259804,8.517157,8.517157,2405670
1998-08-07,8.529412,8.823529,8.529412,8.823529,8.823529,1825290
1998-08-10,8.823529,8.823529,8.578431,8.627451,8.627451,259590
1998-08-11,8.333333,8.602941,8.259804,8.480392,8.480392,279480
1998-08-12,8.480392,8.823529,8.480392,8.725490,8.725490,1502460
1998-08-13,8.676471,8.823529,8.627451,8.750000,8.750000,521730
1998-08-14,8.799020,8.897059,8.725490,8.823529,8.823529,730320
1998-08-17,8.848039,8.897059,8.799020,8.872549,8.872549,352410
1998-08-18,8.872549,9.142157,8.799020,9.080882,9.080882,1178610
1998-08-19,9.019608,9.289216,9.019608,9.117647,9.117647,1541730
1998-08-20,9.117647,9.215686,9.019608,9.056373,9.056373,572220
1998-08-21,9.117647,9.117647,8.848039,9.019608,9.019608,272850
1998-08-24,9.068627,9.117647,8.995098,9.068627,9.068627,657900
1998-08-25,9.019608,9.117647,8.823529,8.823529,8.823529,621690
1998-08-26,8.774510,8.823529,8.406863,8.419118,8.419118,364650
1998-08-27,8.308824,8.406863,8.149510,8.186275,8.186275,297330
1998-08-28,8.284314,8.284314,7.818627,7.990196,7.990196,343230
1998-08-31,7.990196,7.990196,7.500000,7.549020,7.549020,1197480
1998-09-01,7.745098,8.039216,7.549020,7.990196,7.990196,1232160
1998-09-02,7.941176,7.941176,7.671569,7.843137,7.843137,489090
1998-09-03,7.745098,7.745098,7.450980,7.450980,7.450980,1655460
1998-09-04,7.450980,7.450980,7.144608,7.352941,7.352941,1835490
1998-09-08,7.500000,7.549020,7.352941,7.414216,7.414216,1280610
1998-09-09,7.352941,7.500000,7.328431,7.450980,7.450980,1069470
1998-09-10,7.254902,7.500000,7.254902,7.401961,7.401961,675240
1998-09-11,7.401961,7.892157,7.279412,7.671569,7.671569,1130160
1998-09-14,7.598039,7.622549,7.034314,7.095588,7.095588,1411170
1998-09-15,6.960784,7.279412,6.960784,7.205882,7.205882,609960
1998-09-16,7.254902,7.500000,7.058824,7.107843,7.107843,2846310
1998-09-17,6.960784,6.960784,6.703431,6.813725,6.813725,1771740
1998-09-18,6.911765,6.911765,6.421569,6.482843,6.482843,1369860
1998-09-21,6.421569,6.470588,6.078431,6.274510,6.274510,3692400
1998-09-22,6.397059,6.752451,6.372549,6.519608,6.519608,6603480
1998-09-23,6.666667,6.911765,6.568627,6.911765,6.911765,2336820
1998-09-24,6.911765,6.960784,6.715686,6.862745,6.862745,1464210
1998-09-25,6.666667,6.862745,6.654412,6.825980,6.825980,1822740
1998-09-28,6.740196,6.960784,6.734069,6.862745,6.862745,1020510
1998-09-29,6.862745,6.960784,6.666667,6.666667,6.666667,335580
1998-09-30,6.593137,6.838235,6.544118,6.813725,6.813725,1356600
1998-10-01,6.666667,6.789216,6.544118,6.617647,6.617647,1213800
1998-10-02,6.593137,6.691176,6.519608,6.666667,6.666667,1668720
1998-10-05,6.568627,6.666667,6.299020,6.397059,6.397059,1218900
1998-10-06,6.421569,6.495098,6.274510,6.286765,6.286765,240210
1998-10-07,6.250000,6.299020,6.078431,6.176471,6.176471,1100070
1998-10-08,6.078431,6.200980,5.784314,5.931373,5.931373,1309680
1998-10-09,6.029412,6.029412,5.612745,5.723039,5.723039,1544790
1998-10-12,5.857843,5.980392,5.784314,5.882353,5.882353,2831010
1998-10-13,5.784314,5.882353,5.759804,5.759804,5.759804,1485630
1998-10-14,5.833333,5.833333,5.441176,5.490196,5.490196,1676880
1998-10-15,5.539216,5.759804,4.852941,5.649510,5.649510,7437330
1998-10-16,5.686275,6.004902,5.637255,6.004902,6.004902,7016580
1998-10-19,5.980392,6.274510,5.931373,6.127451,6.127451,2094570
1998-10-20,6.262255,6.519608,6.127451,6.446078,6.446078,2763180
1998-10-21,6.519608,6.715686,6.323529,6.666667,6.666667,610470
1998-10-22,6.740196,6.764706,6.568627,6.764706,6.764706,1002150
1998-10-23,6.568627,7.058824,6.568627,6.911765,6.911765,1103130
1998-10-26,6.985294,6.985294,6.789216,6.936275,6.936275,1479000
1998-10-27,6.850490,7.009804,6.593137,6.666667,6.666667,457470
1998-10-28,6.593137,6.960784,6.568627,6.936275,6.936275,610470
1998-10-29,7.058824,7.401961,7.034314,7.352941,7.352941,1102110
1998-10-30,7.156863,7.622549,7.156863,7.585784,7.585784,1122000
1998-11-02,7.450980,7.892157,7.291667,7.426471,7.426471,1483080
1998-11-03,7.549020,7.549020,7.254902,7.316176,7.316176,2183310
1998-11-04,7.377451,7.475490,7.303922,7.352941,7.352941,1098540
1998-11-05,7.352941,7.365196,6.911765,7.181373,7.181373,1741650
1998-11-06,7.156863,7.303922,7.156863,7.156863,7.156863,1154130
1998-11-09,7.107843,7.303922,6.960784,7.034314,7.034314,506940
1998-11-10,7.107843,7.107843,6.960784,6.960784,6.960784,195330
1998-11-11,7.156863,7.205882,6.960784,7.009804,7.009804,464100
1998-11-12,7.107843,7.205882,7.009804,7.169118,7.169118,625260
1998-11-13,7.254902,7.254902,6.911765,6.911765,6.911765,1157190
1998-11-16,7.107843,7.107843,6.838235,6.985294,6.985294,277950
1998-11-17,6.838235,7.058824,6.470588,7.009804,7.009804,4883250
1998-11-18,6.960784,7.303922,6.960784,7.279412,7.279412,2600490
1998-11-19,7.156863,7.549020,7.156863,7.426471,7.426471,3220140
1998-11-20,7.401961,7.549020,7.401961,7.475490,7.475490,6375000
1998-11-23,7.450980,7.524510,7.230392,7.254902,7.254902,2137920
1998-11-24,7.205882,7.352941,7.156863,7.181373,7.181373,1816110
1998-11-25,7.279412,7.303922,7.156863,7.156863,7.156863,526320
1998-11-27,7.156863,7.303922,7.009804,7.009804,7.009804,144330
1998-11-30,7.156863,7.156863,6.960784,6.960784,6.960784,856290
1998-12-01,6.960784,7.107843,6.960784,7.034314,7.034314,1910970
1998-12-02,7.009804,7.083333,6.960784,7.058824,7.058824,1374450
1998-12-03,7.107843,7.156863,7.046569,7.046569,7.046569,768570
1998-12-04,7.009804,7.107843,6.862745,7.009804,7.009804,1851810
1998-12-07,6.960784,7.205882,6.960784,7.132353,7.132353,1067940
1998-12-08,7.083333,7.181373,7.009804,7.034314,7.034314,2777460
1998-12-09,7.156863,7.156863,7.009804,7.046569,7.046569,2010420
1998-12-10,7.034314,7.156863,7.034314,7.058824,7.058824,1370880
1998-12-11,7.058824,7.156863,7.034314,7.156863,7.156863,264690
1998-12-14,7.156863,7.352941,7.058824,7.230392,7.230392,905250
1998-12-15,7.303922,7.450980,7.205882,7.450980,7.450980,1675350
1998-12-16,7.450980,7.598039,7.426471,7.438725,7.438725,1540710
1998-12-17,7.438725,7.598039,7.438725,7.549020,7.549020,1060800
1998-12-18,7.463235,7.647059,7.450980,7.598039,7.598039,2348040
1998-12-21,7.647059,7.818627,7.573529,7.818627,7.818627,964410
1998-12-22,7.696078,7.843137,7.671569,7.671569,7.671569,738480
1998-12-23,7.671569,7.843137,7.671569,7.769608,7.769608,1326000
1998-12-24,7.843137,7.916667,7.745098,7.867647,7.867647,485010
1998-12-28,7.794118,8.039216,7.794118,7.965686,7.965686,1999200
1998-12-29,8.026961,8.872549,7.990196,8.799020,8.799020,2824380
1998-12-30,8.848039,8.921569,8.627451,8.799020,8.799020,1985940
1998-12-31,8.823529,8.823529,8.627451,8.774510,8.774510,2264400
1999-01-04,8.651961,8.970588,8.651961,8.799020,8.799020,1425960
1999-01-05,8.676471,8.799020,8.480392,8.480392,8.480392,4640490
1999-01-06,8.480392,8.982843,8.431373,8.958333,8.958333,2739720
1999-01-07,8.872549,8.995098,8.774510,8.823529,8.823529,721650
1999-01-08,8.799020,9.117647,8.786765,9.117647,9.117647,765000
1999-01-11,9.019608,9.191176,9.019608,9.080882,9.080882,1422390
1999-01-12,9.007353,9.007353,8.149510,8.431373,8.431373,4786350
1999-01-13,8.137255,8.627451,8.112745,8.627451,8.627451,1415250
1999-01-14,8.627451,8.627451,7.892157,7.965686,7.965686,2425050
1999-01-15,7.965686,8.284314,7.892157,8.259804,8.259804,3793380
1999-01-19,8.284314,8.382353,8.137255,8.186275,8.186275,979200
1999-01-20,8.137255,8.259804,8.137255,8.235294,8.235294,2456670
1999-01-21,8.235294,8.259804,8.198529,8.247549,8.247549,1207170
1999-01-22,8.161765,8.210784,7.843137,8.088235,8.088235,1251030
1999-01-25,7.941176,8.088235,7.867647,8.088235,8.088235,1386180
1999-01-26,8.137255,8.529412,8.051471,8.431373,8.431373,1759500
1999-01-27,8.443627,8.455882,8.112745,8.112745,8.112745,703800
1999-01-28,8.382353,8.382353,8.088235,8.149510,8.149510,774690
1999-01-29,8.112745,8.382353,8.112745,8.247549,8.247549,1126590
1999-02-01,8.676471,8.676471,8.161765,8.210784,8.210784,728280
1999-02-02,8.161765,8.333333,8.063725,8.259804,8.259804,1353540
1999-02-03,8.186275,8.235294,8.063725,8.235294,8.235294,964920
1999-02-04,8.235294,8.235294,8.088235,8.112745,8.112745,1130670
1999-02-05,7.512255,7.512255,6.764706,7.034314,7.034314,10436640
1999-02-08,6.997549,7.205882,6.887255,6.936275,6.936275,5278500
1999-02-09,7.058824,7.156863,6.936275,7.058824,7.058824,1815090
1999-02-10,6.985294,7.083333,6.642157,6.740196,6.740196,2040000
1999-02-11,6.740196,6.740196,6.446078,6.568627,6.568627,3115590
1999-02-12,6.446078,6.703431,6.446078,6.593137,6.593137,4933230
1999-02-16,6.642157,6.666667,6.519608,6.531863,6.531863,3709230
1999-02-17,6.470588,6.495098,6.348039,6.348039,6.348039,5866020
1999-02-18,6.372549,6.372549,5.931373,5.943627,5.943627,6722310
1999-02-19,5.943627,6.078431,4.705882,4.877451,4.877451,11188890
1999-02-22,5.392157,5.710784,5.220588,5.661765,5.661765,7399080
1999-02-23,5.637255,5.833333,5.294118,5.441176,5.441176,4163640
1999-02-24,5.441176,5.514706,5.343137,5.392157,5.392157,1719720
1999-02-25,5.514706,5.514706,5.000000,5.122549,5.122549,2878440
1999-02-26,5.196078,5.269608,4.987745,5.024510,5.024510,1493790
1999-03-01,5.147059,5.147059,5.061275,5.147059,5.147059,2977890
1999-03-02,5.196078,5.563725,5.196078,5.490196,5.490196,6636630
1999-03-03,5.588235,5.943627,5.539216,5.686275,5.686275,5789010
1999-03-04,5.735294,5.735294,5.490196,5.514706,5.514706,2920260
1999-03-05,5.465686,5.563725,5.245098,5.294118,5.294118,1693200
1999-03-08,5.245098,5.612745,5.245098,5.563725,5.563725,2566320
1999-03-09,5.612745,5.612745,5.514706,5.575980,5.575980,2132820
1999-03-10,5.551471,5.637255,5.220588,5.245098,5.245098,4589490
1999-03-11,5.294118,5.343137,5.147059,5.171569,5.171569,801210
1999-03-12,5.147059,5.220588,5.000000,5.061275,5.061275,2507160
1999-03-15,5.122549,5.122549,4.975490,5.085784,5.085784,3214530
1999-03-16,5.122549,5.147059,5.073529,5.147059,5.147059,1842120
1999-03-17,5.134804,5.220588,5.134804,5.147059,5.147059,2182290
1999-03-18,5.171569,5.294118,5.122549,5.257353,5.257353,1749300
1999-03-19,5.220588,5.318627,5.220588,5.294118,5.294118,2646390
1999-03-22,5.269608,5.392157,5.269608,5.343137,5.343137,2502060
1999-03-23,5.367647,5.392157,5.257353,5.257353,5.257353,1004700
1999-03-24,5.294118,5.294118,5.049020,5.171569,5.171569,986340
1999-03-25,5.073529,5.196078,4.932598,5.000000,5.000000,2334270
1999-03-26,5.012255,5.073529,4.877451,4.914216,4.914216,4121310
1999-03-29,4.901961,5.061275,4.901961,5.000000,5.000000,1954830
1999-03-30,5.000000,5.000000,4.877451,4.938725,4.938725,1711560
1999-03-31,4.975490,5.024510,4.828431,4.950980,4.950980,5207610
1999-04-01,4.901961,5.024510,4.754902,4.767157,4.767157,1396380
1999-04-05,4.852941,4.901961,4.803922,4.828431,4.828431,1166880
1999-04-06,4.865196,4.865196,4.215686,4.215686,4.215686,5307570
1999-04-07,4.338235,4.411765,3.835784,3.946078,3.946078,7827990
1999-04-08,4.019608,4.166667,3.970588,4.080882,4.080882,3629160
1999-04-09,4.117647,4.240196,4.068627,4.203431,4.203431,3257880
1999-04-12,4.289216,4.313725,4.068627,4.117647,4.117647,4142730
1999-04-13,4.240196,4.240196,3.982843,4.007353,4.007353,2915160
1999-04-14,4.044118,4.215686,3.988971,4.142157,4.142157,3296130
1999-04-15,4.215686,5.049020,4.117647,4.852941,4.852941,2697900
1999-04-16,4.803922,4.950980,4.583333,4.767157,4.767157,1329060
1999-04-19,4.754902,4.889706,4.754902,4.761029,4.761029,1027140
1999-04-20,4.730392,4.901961,4.730392,4.803922,4.803922,557430
1999-04-21,4.901961,4.901961,4.754902,4.865196,4.865196,282540
1999-04-22,4.901961,4.901961,4.264706,4.436275,4.436275,2098140
1999-04-23,4.460784,4.509804,4.215686,4.460784,4.460784,1029690
1999-04-26,4.534314,4.705882,4.460784,4.681373,4.681373,1898730
1999-04-27,4.607843,5.269608,4.607843,5.122549,5.122549,1348440
1999-04-28,5.245098,5.294118,4.950980,5.110294,5.110294,1083240
1999-04-29,5.171569,5.367647,5.024510,5.073529,5.073529,901680
1999-04-30,5.159314,5.220588,5.049020,5.134804,5.134804,1946160
1999-05-03,5.147059,5.147059,4.889706,4.950980,4.950980,980220
1999-05-04,5.281863,5.759804,5.134804,5.649510,5.649510,5377950
1999-05-05,5.637255,5.649510,5.318627,5.404412,5.404412,5952210
1999-05-06,5.441176,5.441176,5.098039,5.147059,5.147059,2225130
1999-05-07,5.196078,5.294118,5.122549,5.220588,5.220588,1051620
1999-05-10,5.147059,5.294118,5.049020,5.098039,5.098039,871080
1999-05-11,5.098039,5.294118,5.049020,5.269608,5.269608,4993920
1999-05-12,5.294118,5.931373,5.220588,5.931373,5.931373,3449130
1999-05-13,5.931373,6.421569,5.931373,6.323529,6.323529,6020550
1999-05-14,6.274510,6.323529,6.053922,6.115196,6.115196,4686390
1999-05-17,6.115196,6.176471,5.955882,6.139706,6.139706,3554190
1999-05-18,6.176471,6.250000,6.078431,6.176471,6.176471,1932390
1999-05-19,6.127451,6.323529,6.078431,6.323529,6.323529,1020510
1999-05-20,6.348039,6.617647,6.213235,6.519608,6.519608,2437800
1999-05-21,6.617647,6.666667,6.139706,6.164216,6.164216,2399550
1999-05-24,6.164216,6.274510,6.164216,6.213235,6.213235,3430260
1999-05-25,6.225490,6.225490,5.882353,6.029412,6.029412,1597830
1999-05-26,6.078431,6.078431,5.931373,5.943627,5.943627,266220
1999-05-27,5.992647,5.992647,5.808824,5.808824,5.808824,1385670
1999-05-28,5.784314,5.955882,5.784314,5.919118,5.919118,983790
1999-06-01,5.882353,5.968137,5.833333,5.882353,5.882353,623730
1999-06-02,5.906863,5.955882,5.845588,5.870098,5.870098,2264400
1999-06-03,5.882353,5.906863,5.784314,5.833333,5.833333,868020
1999-06-04,5.784314,5.931373,5.441176,5.735294,5.735294,3143130
1999-06-07,5.686275,5.931373,5.686275,5.931373,5.931373,719100
1999-06-08,5.931373,5.931373,5.784314,5.833333,5.833333,724200
1999-06-09,5.870098,6.102941,5.808824,5.882353,5.882353,1025100
1999-06-10,5.808824,5.906863,5.735294,5.857843,5.857843,733890
1999-06-11,5.876225,5.955882,5.857843,5.919118,5.919118,140250
1999-06-14,5.919118,5.955882,5.857843,5.870098,5.870098,674220
1999-06-15,5.931373,5.968137,5.870098,5.870098,5.870098,422280
1999-06-16,5.931373,6.029412,5.882353,5.931373,5.931373,661470
1999-06-17,5.955882,5.980392,5.870098,5.870098,5.870098,343740
1999-06-18,5.937500,6.225490,5.931373,6.225490,6.225490,551310
1999-06-21,6.176471,6.372549,6.176471,6.372549,6.372549,1302030
1999-06-22,6.372549,6.862745,6.348039,6.446078,6.446078,1528470
1999-06-23,6.495098,6.495098,6.250000,6.262255,6.262255,264180
1999-06-24,6.372549,6.446078,6.078431,6.102941,6.102941,922590
1999-06-25,6.078431,6.078431,5.906863,5.980392,5.980392,647700
1999-06-28,6.004902,6.164216,5.906863,6.151961,6.151961,1129650
1999-06-29,6.200980,6.274510,6.127451,6.176471,6.176471,722670
1999-06-30,6.274510,6.299020,6.127451,6.213235,6.213235,2099670
1999-07-01,6.274510,6.274510,6.127451,6.200980,6.200980,1369860
1999-07-02,6.200980,6.274510,6.127451,6.200980,6.200980,1058250
1999-07-06,6.200980,6.200980,5.980392,6.017157,6.017157,2965650
1999-07-07,6.053922,6.053922,5.882353,5.906863,5.906863,792540
1999-07-08,5.931373,6.029412,5.882353,5.943627,5.943627,884340
1999-07-09,5.955882,5.955882,5.735294,5.772059,5.772059,471240
1999-07-12,5.808824,5.943627,5.772059,5.882353,5.882353,950130
1999-07-13,5.857843,5.931373,5.735294,5.882353,5.882353,1183200
1999-07-14,5.833333,5.857843,5.661765,5.735294,5.735294,1849260
1999-07-15,5.735294,5.747549,5.490196,5.612745,5.612745,1750320
1999-07-16,5.661765,5.747549,5.490196,5.490196,5.490196,3123240
1999-07-19,5.508578,5.526961,5.122549,5.232843,5.232843,5199960
1999-07-20,5.245098,5.245098,4.779412,4.932598,4.932598,6049110
1999-07-21,4.975490,5.073529,4.963235,5.000000,5.000000,5370300
1999-07-22,4.987745,5.710784,4.914216,5.159314,5.159314,3653130
1999-07-23,5.171569,5.318627,4.975490,4.975490,4.975490,4103460
1999-07-26,5.012255,5.024510,4.803922,4.816176,4.816176,3534300
1999-07-27,4.901961,4.901961,4.460784,4.473039,4.473039,10140330
1999-07-28,4.534314,4.534314,3.995098,4.387255,4.387255,9588510
1999-07-29,4.313725,4.558824,4.215686,4.509804,4.509804,6852360
1999-07-30,4.534314,4.534314,4.289216,4.313725,4.313725,4072860
1999-08-02,4.350490,4.387255,4.068627,4.093137,4.093137,4145280
1999-08-03,3.357843,3.357843,2.916667,3.039216,3.039216,47935410
1999-08-04,3.088235,3.088235,2.953431,2.990196,2.990196,9373290
1999-08-05,3.063725,3.088235,3.014706,3.088235,3.088235,5665080
1999-08-06,3.112745,3.125000,2.990196,3.026961,3.026961,5017380
1999-08-09,3.088235,3.137255,3.063725,3.125000,3.125000,3171690
1999-08-10,3.186275,3.186275,3.026961,3.063725,3.063725,3040620
1999-08-11,3.088235,3.137255,2.941176,2.977941,2.977941,2445450
1999-08-12,3.008578,3.014706,2.818627,2.818627,2.818627,5081640
1999-08-13,2.916667,2.916667,2.598039,2.683824,2.683824,5354490
1999-08-16,2.757353,2.757353,2.671569,2.683824,2.683824,5053590
1999-08-17,2.708333,2.769608,2.683824,2.757353,2.757353,6384690
1999-08-18,2.769608,2.794118,2.696078,2.745098,2.745098,4862340
1999-08-19,2.763480,2.916667,2.745098,2.830882,2.830882,5588580
1999-08-20,2.843137,3.210784,2.830882,2.990196,2.990196,5200470
1999-08-23,3.149510,3.210784,3.051471,3.063725,3.063725,10579440
1999-08-24,3.174020,3.602941,3.137255,3.566176,3.566176,9068820
1999-08-25,3.774510,3.799020,3.504902,3.541667,3.541667,7805550
1999-08-26,3.566176,3.566176,3.419118,3.480392,3.480392,2253180
1999-08-27,3.560049,3.578431,3.406863,3.455882,3.455882,1655460
1999-08-30,3.553922,3.553922,3.333333,3.406863,3.406863,1463190
1999-08-31,3.406863,3.431373,3.235294,3.345588,3.345588,1285200
1999-09-01,3.382353,3.455882,3.357843,3.431373,3.431373,1547850
1999-09-02,3.394608,3.455882,3.333333,3.431373,3.431373,1287240
1999-09-03,3.480392,3.578431,3.480392,3.517157,3.517157,3579180
1999-09-07,3.504902,3.504902,3.321078,3.394608,3.394608,2499510
1999-09-08,3.394608,3.394608,3.247549,3.333333,3.333333,779280
1999-09-09,3.357843,3.382353,3.259804,3.296569,3.296569,1128630
1999-09-10,3.357843,3.357843,3.186275,3.186275,3.186275,1573350
1999-09-13,3.235294,3.247549,3.161765,3.223039,3.223039,2759610
1999-09-14,3.235294,3.235294,3.075980,3.088235,3.088235,1876800
1999-09-15,3.137255,3.161765,3.075980,3.112745,3.112745,861900
1999-09-16,3.075980,3.088235,3.014706,3.014706,3.014706,1917090
1999-09-17,3.051471,3.112745,3.002451,3.100490,3.100490,2718300
1999-09-20,3.112745,3.137255,3.063725,3.075980,3.075980,2641290
1999-09-21,3.137255,3.137255,3.051471,3.075980,3.075980,774690
1999-09-22,3.112745,3.112745,2.941176,3.039216,3.039216,1113840
1999-09-23,3.088235,3.088235,2.867647,2.879902,2.879902,2616810
1999-09-24,2.916667,2.916667,2.769608,2.843137,2.843137,1933410
1999-09-27,2.867647,2.916667,2.855392,2.892157,2.892157,1163820
1999-09-28,2.867647,2.941176,2.806373,2.830882,2.830882,2446470
1999-09-29,2.855392,2.855392,2.745098,2.757353,2.757353,2093040
1999-09-30,2.794118,2.830882,2.769608,2.794118,2.794118,1751850
1999-10-01,2.818627,2.818627,2.745098,2.769608,2.769608,1681470
1999-10-04,2.794118,2.818627,2.720588,2.751225,2.751225,1364250
1999-10-05,2.794118,2.806373,2.720588,2.745098,2.745098,849150
1999-10-06,2.781863,2.843137,2.732843,2.843137,2.843137,1795710
1999-10-07,2.830882,3.014706,2.818627,2.947304,2.947304,2995230
1999-10-08,2.965686,2.965686,2.928922,2.941176,2.941176,975630
1999-10-11,2.953431,2.965686,2.867647,2.892157,2.892157,3795930
1999-10-12,2.892157,2.916667,2.818627,2.818627,2.818627,775200
1999-10-13,2.794118,2.830882,2.745098,2.781863,2.781863,1129140
1999-10-14,2.818627,2.818627,2.696078,2.732843,2.732843,1218900
1999-10-15,2.745098,2.757353,2.647059,2.745098,2.745098,1068450
1999-10-18,2.806373,2.806373,2.696078,2.757353,2.757353,1051620
1999-10-19,2.769608,2.806373,2.751225,2.781863,2.781863,928710
1999-10-20,2.818627,2.855392,2.757353,2.855392,2.855392,1925250
1999-10-21,2.855392,2.855392,2.647059,2.696078,2.696078,2317950
1999-10-22,2.254902,2.254902,2.034314,2.132353,2.132353,28466160
1999-10-25,2.156863,2.291667,2.144608,2.254902,2.254902,7583190
1999-10-26,2.316176,2.328431,2.144608,2.144608,2.144608,6518820
1999-10-27,2.230392,2.230392,2.144608,2.181373,2.181373,1813050
1999-10-28,2.181373,2.279412,2.181373,2.242647,2.242647,3178320
1999-10-29,2.328431,2.647059,2.303922,2.549020,2.549020,3394050
1999-11-01,2.598039,2.610294,2.426471,2.426471,2.426471,4049400
1999-11-02,2.475490,2.475490,2.377451,2.389706,2.389706,1944120
1999-11-03,2.389706,2.659314,2.377451,2.622549,2.622549,2876400
1999-11-04,2.665441,2.794118,2.647059,2.745098,2.745098,3686790
1999-11-05,2.757353,2.843137,2.708333,2.745098,2.745098,2250120
1999-11-08,2.757353,2.830882,2.549020,2.549020,2.549020,1731960
1999-11-09,2.561275,2.671569,2.524510,2.671569,2.671569,2185860
1999-11-10,2.622549,2.671569,2.549020,2.561275,2.561275,1401990
1999-11-11,2.549020,2.573529,2.450980,2.487745,2.487745,848640
1999-11-12,2.487745,2.598039,2.487745,2.521446,2.521446,842010
1999-11-15,2.512255,2.598039,2.475490,2.561275,2.561275,1416780
1999-11-16,2.573529,2.757353,2.561275,2.757353,2.757353,2501040
1999-11-17,2.745098,2.879902,2.732843,2.855392,2.855392,2414340
1999-11-18,2.898284,2.941176,2.647059,2.708333,2.708333,1352520
1999-11-19,2.745098,2.794118,2.696078,2.757353,2.757353,742560
1999-11-22,2.794118,2.794118,2.647059,2.708333,2.708333,816000
1999-11-23,2.671569,2.696078,2.475490,2.585784,2.585784,1830900
1999-11-24,2.549020,2.720588,2.549020,2.598039,2.598039,473280
1999-11-26,2.671569,2.732843,2.622549,2.659314,2.659314,152490
1999-11-29,2.745098,2.745098,2.487745,2.585784,2.585784,1777860
1999-11-30,2.549020,2.585784,2.500000,2.512255,2.512255,1003680
1999-12-01,2.512255,2.598039,2.475490,2.512255,2.512255,1458090
1999-12-02,2.524510,2.549020,2.463235,2.500000,2.500000,868020
1999-12-03,2.475490,2.512255,2.463235,2.487745,2.487745,1159230
1999-12-06,2.487745,2.524510,2.426471,2.438725,2.438725,1277040
1999-12-07,2.438725,2.463235,2.352941,2.377451,2.377451,1008780
1999-12-08,2.377451,2.438725,2.328431,2.328431,2.328431,1482570
1999-12-09,2.340686,2.389706,2.279412,2.365196,2.365196,1964520
1999-12-10,2.352941,2.377451,2.267157,2.328431,2.328431,1794180
1999-12-13,2.352941,2.359069,2.279412,2.328431,2.328431,1540200
1999-12-14,2.328431,2.340686,2.279412,2.291667,2.291667,1432080
1999-12-15,2.279412,2.340686,2.279412,2.316176,2.316176,1169430
1999-12-16,2.310049,2.328431,2.279412,2.279412,2.279412,829770
1999-12-17,2.279412,2.303922,2.156863,2.156863,2.156863,2048160
1999-12-20,2.199755,2.236520,2.156863,2.169118,2.169118,5529930
1999-12-21,2.169118,2.205882,2.120098,2.132353,2.132353,1981350
1999-12-22,2.120098,2.169118,2.107843,2.156863,2.156863,4705770
1999-12-23,2.144608,2.156863,2.107843,2.120098,2.120098,4149360
1999-12-27,2.120098,2.401961,2.107843,2.352941,2.352941,5321340
1999-12-28,2.377451,2.573529,2.352941,2.561275,2.561275,2928930
1999-12-29,2.598039,2.671569,2.524510,2.647059,2.647059,1945650
1999-12-30,2.689951,2.732843,2.500000,2.549020,2.549020,1831410
1999-12-31,2.536765,2.732843,2.524510,2.610294,2.610294,789480
2000-01-03,2.732843,2.732843,2.426471,2.475490,2.475490,2159340
2000-01-04,2.463235,2.463235,2.352941,2.352941,2.352941,928200
2000-01-05,2.463235,2.524510,2.414216,2.500000,2.500000,2998800
2000-01-06,2.500000,2.549020,2.450980,2.487745,2.487745,1082220
2000-01-07,2.475490,2.598039,2.450980,2.573529,2.573529,4083570
2000-01-10,2.598039,2.794118,2.573529,2.732843,2.732843,2310810
2000-01-11,2.745098,2.745098,2.622549,2.671569,2.671569,1488180
2000-01-12,2.647059,2.745098,2.622549,2.745098,2.745098,3887220
2000-01-13,2.757353,3.174020,2.745098,3.125000,3.125000,4864890
2000-01-14,3.149510,3.186275,2.965686,3.014706,3.014706,1209210
2000-01-18,3.014706,3.137255,3.014706,3.051471,3.051471,1677390
2000-01-19,3.063725,3.063725,2.769608,2.818627,2.818627,1005210
2000-01-20,2.867647,2.941176,2.622549,2.916667,2.916667,1096500
2000-01-21,2.879902,2.941176,2.818627,2.855392,2.855392,786420
2000-01-24,2.916667,2.965686,2.769608,2.941176,2.941176,843540
2000-01-25,2.873775,2.953431,2.647059,2.757353,2.757353,1060290
2000-01-26,2.696078,2.781863,2.647059,2.647059,2.647059,327930
2000-01-27,2.647059,2.671569,2.524510,2.647059,2.647059,1017960
2000-01-28,2.647059,2.781863,2.573529,2.573529,2.573529,1465230
2000-01-31,2.573529,2.671569,2.573529,2.585784,2.585784,529380
2000-02-01,2.634804,2.671569,2.598039,2.622549,2.622549,878730
2000-02-02,2.610294,2.683824,2.610294,2.622549,2.622549,335580
2000-02-03,2.628676,2.634804,2.524510,2.598039,2.598039,1194420
2000-02-04,2.585784,2.622549,2.573529,2.610294,2.610294,792540
2000-02-07,2.598039,2.622549,2.549020,2.610294,2.610294,685440
2000-02-08,2.610294,2.634804,2.585784,2.610294,2.610294,870060
2000-02-09,2.598039,2.659314,2.549020,2.549020,2.549020,1058760
2000-02-10,2.634804,2.647059,2.549020,2.647059,2.647059,704820
2000-02-11,2.622549,2.634804,2.450980,2.450980,2.450980,3347130
2000-02-14,2.573529,2.745098,2.524510,2.696078,2.696078,1334160
2000-02-15,2.696078,2.745098,2.647059,2.671569,2.671569,1664640
2000-02-16,2.696078,2.720588,2.475490,2.561275,2.561275,1599360
2000-02-17,2.542892,2.671569,2.500000,2.622549,2.622549,2088960
2000-02-18,2.628676,2.634804,2.524510,2.549020,2.549020,985320
2000-02-22,2.769608,2.843137,2.573529,2.647059,2.647059,3742890
2000-02-23,2.757353,2.892157,2.647059,2.867647,2.867647,3488400
2000-02-24,2.892157,2.965686,2.843137,2.928922,2.928922,2262870
2000-02-25,2.916667,2.965686,2.892157,2.928922,2.928922,1056720
2000-02-28,2.977941,3.333333,2.916667,3.259804,3.259804,2637210
2000-02-29,3.382353,3.676471,3.357843,3.676471,3.676471,3760740
2000-03-01,3.553922,3.688725,3.137255,3.566176,3.566176,3394050
2000-03-02,3.443627,3.455882,3.002451,3.075980,3.075980,2784090
2000-03-03,3.088235,3.137255,2.990196,3.039216,3.039216,1197480
2000-03-06,3.039216,3.112745,2.990196,3.063725,3.063725,894030
2000-03-07,3.039216,3.256740,3.014706,3.051471,3.051471,1523880
2000-03-08,3.039216,3.088235,2.953431,3.063725,3.063725,1889040
2000-03-09,3.039216,3.235294,2.965686,3.235294,3.235294,1486140
2000-03-10,3.210784,3.333333,3.149510,3.186275,3.186275,926160
2000-03-13,3.247549,3.259804,2.928922,3.051471,3.051471,888420
2000-03-14,3.106618,3.112745,2.990196,3.088235,3.088235,813960
2000-03-15,3.088235,3.112745,2.953431,3.026961,3.026961,593640
2000-03-16,2.990196,3.112745,2.965686,3.051471,3.051471,616590
2000-03-17,3.014706,3.186275,3.014706,3.161765,3.161765,2257770
2000-03-20,3.137255,3.198529,2.941176,2.941176,2.941176,794580
2000-03-21,3.014706,3.137255,2.941176,3.075980,3.075980,445740
2000-03-22,3.112745,3.161765,3.039216,3.140319,3.140319,819060
2000-03-23,3.161765,3.578431,3.088235,3.455882,3.455882,2958510
2000-03-24,3.468137,3.578431,3.186275,3.357843,3.357843,1306620
2000-03-27,3.455882,3.529412,3.431373,3.504902,3.504902,676260
2000-03-28,3.529412,3.541667,3.284314,3.321078,3.321078,521730
2000-03-29,3.370098,3.504902,3.210784,3.210784,3.210784,431460
2000-03-30,3.235294,3.345588,2.843137,3.088235,3.088235,1739100
2000-03-31,3.149510,3.284314,3.075980,3.174020,3.174020,1025610
2000-04-03,3.140319,3.210784,3.039216,3.039216,3.039216,375360
2000-04-04,3.063725,3.210784,2.843137,3.137255,3.137255,1585590
2000-04-05,3.088235,3.235294,3.039216,3.125000,3.125000,398310
2000-04-06,3.112745,3.247549,3.088235,3.210784,3.210784,465630
2000-04-07,3.210784,3.235294,3.039216,3.161765,3.161765,355470
2000-04-10,3.149510,3.198529,3.014706,3.063725,3.063725,553860
2000-04-11,3.063725,3.149510,2.916667,3.014706,3.014706,361080
2000-04-12,3.063725,3.063725,2.916667,2.941176,2.941176,283050
2000-04-13,3.039216,3.137255,3.014706,3.137255,3.137255,570690
2000-04-14,2.941176,3.014706,2.879902,2.916667,2.916667,541110
2000-04-17,2.941176,2.990196,2.573529,2.696078,2.696078,2908530
2000-04-18,2.732843,3.014706,2.671569,2.971814,2.971814,2584170
2000-04-19,3.014706,3.063725,2.720588,2.732843,2.732843,614550
2000-04-20,2.818627,2.916667,2.757353,2.818627,2.818627,387090
2000-04-24,2.769608,2.843137,2.745098,2.769608,2.769608,460530
2000-04-25,2.818627,2.855392,2.745098,2.843137,2.843137,682890
2000-04-26,2.843137,2.892157,2.806373,2.818627,2.818627,813960
2000-04-27,2.769608,2.843137,2.696078,2.745098,2.745098,687990
2000-04-28,2.757353,2.818627,2.696078,2.742034,2.742034,1113840
2000-05-01,2.732843,2.941176,2.696078,2.941176,2.941176,865980
2000-05-02,2.916667,3.088235,2.867647,2.928922,2.928922,655350
2000-05-03,2.941176,3.002451,2.806373,2.916667,2.916667,1726350
2000-05-04,2.928922,3.063725,2.843137,3.063725,3.063725,349350
2000-05-05,2.990196,3.112745,2.965686,3.014706,3.014706,542640
2000-05-08,3.026961,3.370098,3.002451,3.210784,3.210784,1556520
2000-05-09,3.235294,3.480392,3.223039,3.333333,3.333333,674220
2000-05-10,3.186275,3.235294,3.125000,3.149510,3.149510,672690
2000-05-11,3.174020,3.174020,3.075980,3.161765,3.161765,604860
2000-05-12,3.137255,3.210784,3.063725,3.112745,3.112745,584460
2000-05-15,3.094363,3.370098,3.063725,3.272059,3.272059,301920
2000-05-16,3.272059,3.382353,3.235294,3.345588,3.345588,557430
2000-05-17,3.296569,3.357843,3.223039,3.333333,3.333333,545700
2000-05-18,3.284314,3.382353,3.235294,3.333333,3.333333,384540
2000-05-19,3.345588,3.370098,3.235294,3.284314,3.284314,550290
2000-05-22,3.308824,3.382353,3.210784,3.357843,3.357843,557940
2000-05-23,3.308824,3.357843,3.247549,3.259804,3.259804,865470
2000-05-24,3.296569,3.333333,3.174020,3.284314,3.284314,909330
2000-05-25,3.235294,3.333333,3.235294,3.284314,3.284314,895050
2000-05-26,3.308824,3.308824,3.115809,3.284314,3.284314,566610
2000-05-30,3.308824,3.406863,3.186275,3.382353,3.382353,4759320
2000-05-31,3.345588,3.529412,3.259804,3.455882,3.455882,2559180
2000-06-01,3.480392,3.553922,3.480392,3.541667,3.541667,3297660
2000-06-02,3.547794,3.627451,3.547794,3.578431,3.578431,1122510
2000-06-05,3.468137,3.553922,3.455882,3.492647,3.492647,851700
2000-06-06,3.480392,3.541667,3.480392,3.517157,3.517157,599760
2000-06-07,3.529412,3.541667,3.504902,3.517157,3.517157,752250
2000-06-08,3.511029,3.529412,3.455882,3.529412,3.529412,351390
2000-06-09,3.529412,3.553922,3.480392,3.529412,3.529412,730320
2000-06-12,3.529412,3.578431,3.480392,3.517157,3.517157,794580
2000-06-13,3.492647,3.520221,3.455882,3.504902,3.504902,863430
2000-06-14,3.504902,3.541667,3.468137,3.529412,3.529412,519690
2000-06-15,3.529412,3.615196,3.504902,3.590686,3.590686,1450950
2000-06-16,3.541667,3.590686,3.480392,3.480392,3.480392,1314270
2000-06-19,3.480392,3.553922,3.333333,3.443627,3.443627,455430
2000-06-20,3.455882,3.455882,3.333333,3.370098,3.370098,302430
2000-06-21,3.357843,3.431373,3.357843,3.370098,3.370098,404430
2000-06-22,3.492647,3.492647,3.419118,3.431373,3.431373,683910
2000-06-23,3.431373,3.480392,3.284314,3.308824,3.308824,388110
2000-06-26,3.308824,3.321078,3.284314,3.296569,3.296569,220320
2000-06-27,3.284314,3.321078,3.235294,3.235294,3.235294,914430
2000-06-28,3.235294,3.333333,3.210784,3.296569,3.296569,634440
2000-06-29,3.284314,3.382353,3.259804,3.382353,3.382353,762960
2000-06-30,3.357843,3.480392,3.308824,3.382353,3.382353,558960
2000-07-03,3.382353,3.468137,3.370098,3.431373,3.431373,499800
2000-07-05,3.443627,3.480392,3.308824,3.321078,3.321078,475830
2000-07-06,3.357843,3.406863,3.321078,3.345588,3.345588,531930
2000-07-07,3.321078,3.345588,3.308824,3.321078,3.321078,270810
2000-07-10,3.345588,3.345588,3.223039,3.235294,3.235294,307020
2000-07-11,3.210784,3.235294,2.990196,3.063725,3.063725,1253070
2000-07-12,3.014706,3.026961,2.892157,2.941176,2.941176,989910
2000-07-13,2.928922,2.941176,2.855392,2.928922,2.928922,592110
2000-07-14,2.941176,2.990196,2.916667,2.953431,2.953431,1820700
2000-07-17,2.941176,2.965686,2.867647,2.867647,2.867647,296820
2000-07-18,2.928922,2.941176,2.794118,2.806373,2.806373,694110
2000-07-19,2.794118,2.843137,2.769608,2.830882,2.830882,420750
2000-07-20,2.867647,2.916667,2.745098,2.843137,2.843137,619650
2000-07-21,2.806373,2.889093,2.769608,2.769608,2.769608,413100
2000-07-24,2.818627,2.830882,2.671569,2.720588,2.720588,467670
2000-07-25,2.745098,2.745098,2.610294,2.671569,2.671569,336600
2000-07-26,2.671569,2.843137,2.659314,2.769608,2.769608,1271940
2000-07-27,2.769608,2.769608,2.708333,2.708333,2.708333,438600
2000-07-28,2.696078,2.769608,2.696078,2.696078,2.696078,221850
2000-07-31,2.757353,2.757353,2.671569,2.757353,2.757353,588030
2000-08-01,2.794118,3.333333,2.794118,3.284314,3.284314,2988090
2000-08-02,3.259804,3.664216,3.100490,3.639706,3.639706,9543630
2000-08-03,3.480392,4.044118,3.455882,3.725490,3.725490,6518820
2000-08-04,3.700980,3.713235,3.504902,3.578431,3.578431,628830
2000-08-07,3.541667,3.612132,3.504902,3.612132,3.612132,889440
2000-08-08,3.529412,3.602941,3.517157,3.529412,3.529412,1029690
2000-08-09,3.572304,3.602941,3.517157,3.578431,3.578431,583440
2000-08-10,3.566176,3.578431,3.529412,3.529412,3.529412,435540
2000-08-11,3.541667,3.553922,3.504902,3.541667,3.541667,896070
2000-08-14,3.504902,3.553922,3.504902,3.529412,3.529412,112710
2000-08-15,3.517157,3.529412,3.504902,3.517157,3.517157,501840
2000-08-16,3.529412,3.566176,3.480392,3.529412,3.529412,414120
2000-08-17,3.529412,3.529412,3.455882,3.504902,3.504902,1003680
2000-08-18,3.504902,3.553922,3.492647,3.553922,3.553922,422280
2000-08-21,3.553922,3.590686,3.517157,3.566176,3.566176,426360
2000-08-22,3.553922,3.590686,3.504902,3.553922,3.553922,366690
2000-08-23,3.566176,3.566176,3.504902,3.517157,3.517157,396780
2000-08-24,3.529412,3.541667,3.517157,3.529412,3.529412,820590
2000-08-25,3.517157,3.578431,3.504902,3.529412,3.529412,630870
2000-08-28,3.529412,3.541667,3.455882,3.480392,3.480392,614040
2000-08-29,3.529412,3.529412,3.431373,3.504902,3.504902,293760
2000-08-30,3.480392,3.627451,3.431373,3.602941,3.602941,975630
2000-08-31,3.627451,3.627451,3.578431,3.602941,3.602941,543660
2000-09-01,3.615196,3.664216,3.553922,3.651961,3.651961,1008780
2000-09-05,3.578431,3.627451,3.529412,3.602941,3.602941,490620
2000-09-06,3.602941,3.602941,3.517157,3.553922,3.553922,376380
2000-09-07,3.578431,3.602941,3.517157,3.517157,3.517157,606390
2000-09-08,3.560049,3.602941,3.529412,3.529412,3.529412,477360
2000-09-11,3.578431,3.664216,3.541667,3.615196,3.615196,505920
2000-09-12,3.627451,3.639706,3.529412,3.553922,3.553922,724710
2000-09-13,3.541667,3.578431,3.480392,3.529412,3.529412,358020
2000-09-14,3.504902,3.578431,3.504902,3.578431,3.578431,405450
2000-09-15,3.602941,3.627451,3.553922,3.602941,3.602941,1077630
2000-09-18,3.602941,3.615196,3.553922,3.590686,3.590686,708390
2000-09-19,3.566176,3.664216,3.553922,3.651961,3.651961,876690
2000-09-20,3.615196,3.651961,3.615196,3.627451,3.627451,280500
2000-09-21,3.639706,3.700980,3.578431,3.639706,3.639706,1195440
2000-09-22,3.627451,3.651961,3.615196,3.639706,3.639706,359550
2000-09-25,3.645833,3.774510,3.645833,3.688725,3.688725,582930
2000-09-26,3.713235,3.725490,3.688725,3.700980,3.700980,971040
2000-09-27,3.688725,3.897059,3.688725,3.823529,3.823529,715530
2000-09-28,3.823529,3.921569,3.823529,3.897059,3.897059,849150
2000-09-29,3.909314,4.007353,3.799020,3.909314,3.909314,772650
2000-10-02,3.897059,4.338235,3.872549,4.338235,4.338235,2868240
2000-10-03,4.283088,4.338235,3.921569,4.215686,4.215686,1632510
2000-10-04,4.142157,4.191176,4.019608,4.178922,4.178922,703800
2000-10-05,4.191176,4.448529,4.117647,4.289216,4.289216,1988490
2000-10-06,4.264706,4.509804,4.264706,4.424020,4.424020,1188300
2000-10-09,4.485294,4.485294,4.215686,4.215686,4.215686,465630
2000-10-10,4.142157,4.387255,4.142157,4.387255,4.387255,794070
2000-10-11,4.387255,4.387255,3.970588,4.056373,4.056373,1314270
2000-10-12,4.117647,4.264706,4.068627,4.166667,4.166667,563040
2000-10-13,4.080882,4.264706,4.031863,4.264706,4.264706,1761540
2000-10-16,4.129902,4.289216,4.080882,4.215686,4.215686,627300
2000-10-17,4.203431,4.313725,4.019608,4.215686,4.215686,1169940
2000-10-18,4.129902,4.129902,3.909314,4.056373,4.056373,2160360
2000-10-19,4.056373,4.093137,4.019608,4.093137,4.093137,1596810
2000-10-20,4.044118,4.129902,4.044118,4.056373,4.056373,597210
2000-10-23,3.933824,4.154412,3.872549,4.044118,4.044118,581400
2000-10-24,4.044118,4.080882,3.909314,3.995098,3.995098,416670
2000-10-25,4.007353,4.117647,3.982843,4.080882,4.080882,494190
2000-10-26,4.044118,4.117647,4.007353,4.080882,4.080882,569670
2000-10-27,4.019608,4.093137,4.019608,4.044118,4.044118,265200
2000-10-30,4.044118,4.436275,4.022672,4.387255,4.387255,2174130
2000-10-31,4.399510,5.000000,4.387255,4.779412,4.779412,6697320
2000-11-01,4.742647,4.914216,4.730392,4.877451,4.877451,5417730
2000-11-02,4.852941,5.318627,4.852941,5.196078,5.196078,8097780
2000-11-03,5.098039,5.183824,5.000000,5.000000,5.000000,2619360
2000-11-06,5.000000,5.073529,4.803922,4.901961,4.901961,1495320
2000-11-07,4.828431,5.098039,4.828431,4.975490,4.975490,2289390
2000-11-08,4.926471,5.465686,4.926471,5.220588,5.220588,3834690
2000-11-09,5.196078,5.208333,5.073529,5.183824,5.183824,1703400
2000-11-10,5.098039,5.147059,5.024510,5.073529,5.073529,960840
2000-11-13,5.122549,5.122549,4.705882,4.828431,4.828431,1170450
2000-11-14,4.816176,5.196078,4.816176,5.134804,5.134804,2743800
2000-11-15,5.171569,5.220588,5.000000,5.134804,5.134804,986850
2000-11-16,5.147059,5.147059,4.926471,4.950980,4.950980,723180
2000-11-17,4.987745,5.073529,4.963235,5.012255,5.012255,824670
2000-11-20,4.950980,5.021446,4.607843,4.754902,4.754902,1126080
2000-11-21,4.828431,4.865196,4.681373,4.681373,4.681373,760410
2000-11-22,4.669118,4.849877,4.436275,4.485294,4.485294,1547850
2000-11-24,4.503676,4.705882,4.497549,4.620098,4.620098,410040
2000-11-27,4.705882,5.073529,4.681373,5.000000,5.000000,2016540
2000-11-28,4.901961,5.392157,4.889706,5.196078,5.196078,4141200
2000-11-29,5.208333,5.208333,5.085784,5.122549,5.122549,2519400
2000-11-30,5.073529,5.306373,5.073529,5.183824,5.183824,1894650
2000-12-01,5.183824,5.294118,5.171569,5.245098,5.245098,1415760
2000-12-04,5.367647,5.931373,5.343137,5.796569,5.796569,8861250
2000-12-05,5.796569,6.004902,5.563725,5.980392,5.980392,8146230
2000-12-06,5.943627,5.955882,5.784314,5.955882,5.955882,1839570
2000-12-07,5.857843,5.931373,5.674020,5.845588,5.845588,1196970
2000-12-08,5.882353,6.323529,5.882353,6.200980,6.200980,5268810
2000-12-11,6.237745,6.250000,5.808824,5.821078,5.821078,2562750
2000-12-12,5.845588,5.955882,5.551471,5.600490,5.600490,1808460
2000-12-13,5.637255,5.784314,5.612745,5.710784,5.710784,1354050
2000-12-14,5.710784,5.906863,5.686275,5.784314,5.784314,2778990
2000-12-15,5.934436,6.102941,5.784314,6.004902,6.004902,4472190
2000-12-18,6.127451,6.740196,6.066176,6.495098,6.495098,5734950
2000-12-19,6.470588,6.666667,6.397059,6.470588,6.470588,2376600
2000-12-20,6.372549,6.678922,6.372549,6.593137,6.593137,4173840
2000-12-21,6.654412,6.740196,6.580882,6.678922,6.678922,4279920
2000-12-22,6.666667,6.691176,6.446078,6.642157,6.642157,3232380
2000-12-26,6.678922,7.156863,6.629902,6.960784,6.960784,2106300
2000-12-27,6.985294,7.058824,6.801471,7.022059,7.022059,1671780
2000-12-28,7.058824,7.083333,6.740196,6.911765,6.911765,1111800
2000-12-29,6.868873,6.911765,6.299020,6.789216,6.789216,1552440
2001-01-02,6.666667,6.666667,6.176471,6.397059,6.397059,3928530
2001-01-03,6.225490,6.446078,5.612745,6.299020,6.299020,4125900
2001-01-04,6.250000,6.299020,5.833333,6.053922,6.053922,1314780
2001-01-05,5.980392,6.102941,5.710784,5.906863,5.906863,2586720
2001-01-08,5.821078,5.906863,5.710784,5.906863,5.906863,2166990
2001-01-09,5.940564,6.421569,5.882353,6.200980,6.200980,3629670
2001-01-10,6.329657,6.568627,6.213235,6.446078,6.446078,6830430
2001-01-11,6.470588,6.574755,6.017157,6.115196,6.115196,1770720
2001-01-12,6.127451,6.151961,5.931373,5.931373,5.931373,1176570
2001-01-16,5.931373,5.955882,5.392157,5.526961,5.526961,2075190
2001-01-17,5.625000,5.906863,5.514706,5.723039,5.723039,2622930
2001-01-18,5.686275,5.784314,5.343137,5.523897,5.523897,2507160
2001-01-19,5.575980,5.575980,5.392157,5.514706,5.514706,2764710
2001-01-22,5.637255,6.053922,5.612745,5.980392,5.980392,1810500
2001-01-23,5.919118,6.029412,5.833333,5.894608,5.894608,1094460
2001-01-24,5.931373,6.225490,5.857843,6.139706,6.139706,3024810
2001-01-25,6.078431,6.176471,5.833333,5.977328,5.977328,471750
2001-01-26,6.029412,6.335784,5.943627,6.102941,6.102941,2170050
2001-01-29,6.225490,6.372549,6.029412,6.066176,6.066176,1485120
2001-01-30,6.090686,6.127451,5.661765,6.041667,6.041667,537540
2001-01-31,6.139706,6.164216,5.588235,5.698529,5.698529,1002660
2001-02-01,5.710784,6.274510,5.686275,6.151961,6.151961,1761540
2001-02-02,6.106005,6.127451,5.833333,6.017157,6.017157,693090
2001-02-05,5.980392,6.200980,5.980392,6.139706,6.139706,948090
2001-02-06,6.078431,6.335784,6.053922,6.292892,6.292892,785910
2001-02-07,6.348039,6.421569,6.188725,6.348039,6.348039,4256970
2001-02-08,6.372549,6.384804,6.299020,6.299020,6.299020,434010
2001-02-09,6.274510,6.397059,6.078431,6.115196,6.115196,1247970
2001-02-12,6.078431,6.323529,6.004902,6.274510,6.274510,1031730
2001-02-13,6.283701,6.409314,6.274510,6.372549,6.372549,1920660
2001-02-14,6.360294,6.666667,6.348039,6.556373,6.556373,3006450
2001-02-15,6.590074,6.617647,6.384804,6.519608,6.519608,1456560
2001-02-16,6.580882,6.654412,6.470588,6.629902,6.629902,1165860
2001-02-20,6.642157,6.678922,6.593137,6.666667,6.666667,1744200
2001-02-21,6.651348,6.654412,6.372549,6.568627,6.568627,855780
2001-02-22,6.605392,6.605392,6.299020,6.372549,6.372549,899640
2001-02-23,6.393995,6.443015,5.833333,6.151961,6.151961,1248480
2001-02-26,6.078431,6.348039,6.078431,6.299020,6.299020,1421880
2001-02-27,6.250000,6.323529,5.833333,5.833333,5.833333,1166880
2001-02-28,5.833333,5.906863,5.465686,5.600490,5.600490,1479510
2001-03-01,5.661765,5.686275,5.330882,5.612745,5.612745,848640
2001-03-02,5.490196,5.906863,5.490196,5.857843,5.857843,996540
2001-03-05,5.906863,5.980392,5.735294,5.735294,5.735294,2427600
2001-03-06,5.980392,6.029412,5.882353,5.992647,5.992647,6529530
2001-03-07,6.176471,6.580882,6.151961,6.458333,6.458333,4189650
2001-03-08,6.482843,6.495098,6.250000,6.409314,6.409314,2288880
2001-03-09,6.127451,6.421569,6.127451,6.360294,6.360294,3974940
2001-03-12,6.433824,6.789216,6.384804,6.666667,6.666667,2926890
2001-03-13,6.580882,6.715686,6.568627,6.666667,6.666667,3909150
2001-03-14,6.580882,6.703431,6.531863,6.568627,6.568627,3745950
2001-03-15,6.568627,6.678922,6.372549,6.544118,6.544118,1513680
2001-03-16,6.531863,6.642157,6.397059,6.421569,6.421569,996030
2001-03-19,6.519608,6.654412,6.372549,6.654412,6.654412,2533170
2001-03-20,6.642157,6.654412,6.250000,6.397059,6.397059,817530
2001-03-21,6.360294,6.654412,6.274510,6.556373,6.556373,4055520
2001-03-22,6.556373,6.666667,6.348039,6.642157,6.642157,3575610
2001-03-23,6.642157,6.642157,6.458333,6.544118,6.544118,3638850
2001-03-26,6.580882,6.911765,6.580882,6.666667,6.666667,4178940
2001-03-27,6.660539,6.666667,6.470588,6.642157,6.642157,2460750
2001-03-28,6.605392,6.924020,6.593137,6.887255,6.887255,2794290
2001-03-29,6.887255,7.328431,6.813725,7.279412,7.279412,4138650
2001-03-30,7.328431,7.340686,7.107843,7.205882,7.205882,2015010
2001-04-02,7.218137,7.218137,6.286765,6.348039,6.348039,2611200
2001-04-03,6.139706,6.617647,6.078431,6.433824,6.433824,2417400
2001-04-04,6.384804,6.446078,5.968137,6.323529,6.323529,5306040
2001-04-05,6.495098,6.789216,6.409314,6.654412,6.654412,2415360
2001-04-06,6.593137,6.789216,6.397059,6.727941,6.727941,1441770
2001-04-09,6.690196,7.029412,6.666667,7.001961,7.001961,1629960
2001-04-10,6.970588,7.284314,6.962745,7.254902,7.254902,3961680
2001-04-11,7.264706,7.278431,6.627451,7.127451,7.127451,3925980
2001-04-12,7.098039,7.098039,6.778431,6.903922,6.903922,4545120
2001-04-16,6.880392,7.078431,6.813725,7.058824,7.058824,2455140
2001-04-17,7.105882,7.298039,7.094118,7.260784,7.260784,3916800
2001-04-18,7.317647,7.490196,6.866667,7.086275,7.086275,5842560
2001-04-19,7.123529,7.460784,7.058824,7.421569,7.421569,2742780
2001-04-20,7.352941,7.529412,7.282353,7.450980,7.450980,1397910
2001-04-23,7.392157,7.556863,7.331373,7.521569,7.521569,1545810
2001-04-24,7.529412,7.700000,7.523529,7.603922,7.603922,2869770
2001-04-25,7.623529,7.650980,7.427451,7.527451,7.527451,2962590
2001-04-26,7.562745,7.592157,7.345098,7.345098,7.345098,1296420
2001-04-27,7.352941,7.478431,7.303922,7.458824,7.458824,2822850
2001-04-30,7.517647,7.560784,7.450980,7.533333,7.533333,3005940
2001-05-01,7.549020,7.554902,6.741176,6.990196,6.990196,3896400
2001-05-02,7.019608,7.519608,7.007843,7.278431,7.278431,2144550
2001-05-03,7.235294,7.370588,6.990196,7.111765,7.111765,1401480
2001-05-04,7.035294,7.447059,7.033333,7.378431,7.378431,1347420
2001-05-07,7.403922,7.449020,7.237255,7.300000,7.300000,2434230
2001-05-08,7.354902,7.547059,7.354902,7.500000,7.500000,2669340
2001-05-09,7.441176,7.823529,7.421569,7.666667,7.666667,1277040
2001-05-10,7.605882,7.619608,7.217647,7.543137,7.543137,987870
2001-05-11,7.537255,7.615686,7.490196,7.598039,7.598039,1107720
2001-05-14,7.619608,7.843137,7.615686,7.756863,7.756863,1772760
2001-05-15,7.823529,7.833333,7.639216,7.703922,7.703922,910860
2001-05-16,7.715686,7.754902,7.633333,7.743137,7.743137,1945140
2001-05-17,7.735294,7.941176,7.725490,7.882353,7.882353,2411280
2001-05-18,7.862745,7.882353,7.798039,7.839216,7.839216,893010
2001-05-21,7.823529,7.954902,7.823529,7.843137,7.843137,1594260
2001-05-22,7.847059,7.852941,7.760784,7.803922,7.803922,1092420
2001-05-23,7.760784,7.815686,7.392157,7.450980,7.450980,746640
2001-05-24,7.554902,7.843137,7.460784,7.817647,7.817647,887910
2001-05-25,7.768627,7.843137,7.490196,7.564706,7.564706,667590
2001-05-29,7.586275,7.590196,7.323529,7.401961,7.401961,1306110
2001-05-30,7.437255,7.454902,7.372549,7.413725,7.413725,1025100
2001-05-31,7.403922,7.445098,7.231373,7.401961,7.401961,904740
2001-06-01,7.392157,7.656863,7.235294,7.607843,7.607843,1405050
2001-06-04,7.592157,7.649020,7.452941,7.627451,7.627451,945540
2001-06-05,7.645098,7.680392,7.549020,7.656863,7.656863,1379550
2001-06-06,7.647059,7.725490,7.598039,7.621569,7.621569,980730
2001-06-07,7.627451,7.882353,7.609804,7.837255,7.837255,700740
2001-06-08,7.843137,7.892157,7.735294,7.823529,7.823529,553860
2001-06-11,7.725490,7.841176,7.696078,7.803922,7.803922,340170
2001-06-12,7.705882,7.774510,6.807843,7.080392,7.080392,5154060
2001-06-13,7.131373,7.154902,7.023529,7.039216,7.039216,3448620
2001-06-14,7.070588,7.070588,6.754902,6.786275,6.786275,1617720
2001-06-15,6.782353,6.911765,6.754902,6.876471,6.876471,642600
2001-06-18,6.852941,6.929412,6.523529,6.694118,6.694118,1497360
2001-06-19,6.547059,6.843137,5.882353,6.580392,6.580392,2834580
2001-06-20,6.470588,6.735294,6.274510,6.511765,6.511765,1560600
2001-06-21,6.500000,6.658824,6.490196,6.574510,6.574510,2417910
2001-06-22,6.564706,6.568627,5.850980,6.476471,6.476471,4580310
2001-06-25,6.284314,6.405882,6.156863,6.198039,6.198039,2672400
2001-06-26,6.233333,6.870588,6.194118,6.737255,6.737255,3714330
2001-06-27,6.762745,7.158824,6.737255,6.813725,6.813725,3260940
2001-06-28,6.850980,7.145098,6.772549,7.003922,7.003922,1270920
2001-06-29,7.029412,7.854902,7.009804,7.500000,7.500000,3677100
2001-07-02,7.213725,7.274510,6.960784,7.039216,7.039216,2353650
2001-07-03,6.964706,7.025490,6.776471,6.862745,6.862745,687990
2001-07-05,6.843137,6.872549,6.588235,6.721569,6.721569,4382430
2001-07-06,6.764706,6.764706,6.627451,6.662745,6.662745,1284180
2001-07-09,6.688235,6.880392,6.654902,6.860784,6.860784,1915050
2001-07-10,6.858824,6.898039,6.756863,6.860784,6.860784,399840
2001-07-11,6.852941,6.921569,6.654902,6.833333,6.833333,1747260
2001-07-12,6.823529,6.901961,6.698039,6.717647,6.717647,568650
2001-07-13,6.764706,6.882353,6.629412,6.647059,6.647059,2584680
2001-07-16,6.686275,6.686275,6.637255,6.686275,6.686275,2113440
2001-07-17,6.686275,6.721569,6.588235,6.696078,6.696078,1627410
2001-07-18,6.717647,6.990196,6.694118,6.919608,6.919608,1306110
2001-07-19,6.921569,6.921569,6.766667,6.880392,6.880392,426360
2001-07-20,6.860784,6.898039,6.803922,6.862745,6.862745,708390
2001-07-23,6.968627,7.182353,6.862745,6.862745,6.862745,1026120
2001-07-24,6.950980,7.039216,6.843137,7.037255,7.037255,947070
2001-07-25,7.037255,7.037255,6.764706,6.803922,6.803922,1711560
2001-07-26,6.803922,6.911765,6.752941,6.911765,6.911765,852210
2001-07-27,6.941176,7.194118,6.941176,7.156863,7.156863,897600
2001-07-30,7.174510,7.313725,7.149020,7.209804,7.209804,1106700
2001-07-31,7.264706,7.323529,7.127451,7.254902,7.254902,1525920
2001-08-01,7.254902,7.254902,7.088235,7.117647,7.117647,2753490
2001-08-02,7.107843,7.180392,7.050980,7.117647,7.117647,1040400
2001-08-03,7.058824,7.117647,6.886275,6.903922,6.903922,680850
2001-08-06,6.954902,6.954902,6.360784,6.496078,6.496078,1654950
2001-08-07,6.490196,6.749020,6.490196,6.686275,6.686275,2402100
2001-08-08,6.676471,6.690196,6.382353,6.539216,6.539216,3526140
2001-08-09,6.529412,6.545098,6.284314,6.443137,6.443137,2941680
2001-08-10,6.390196,6.466667,6.215686,6.245098,6.245098,2815200
2001-08-13,6.311765,6.362745,6.198039,6.303922,6.303922,2924850
2001-08-14,6.372549,6.627451,6.343137,6.500000,6.500000,2807040
2001-08-15,6.509804,6.807843,6.450980,6.764706,6.764706,1712580
2001-08-16,6.637255,6.813725,6.633333,6.754902,6.754902,733890
2001-08-17,6.792157,6.911765,6.719608,6.813725,6.813725,839970
2001-08-20,6.803922,6.872549,6.558824,6.819608,6.819608,1541730
2001-08-21,6.888235,6.892157,6.833333,6.864706,6.864706,499800
2001-08-22,6.892157,6.947059,6.719608,6.947059,6.947059,1049580
2001-08-23,6.931373,7.076471,6.882353,6.950980,6.950980,1110780
2001-08-24,6.970588,6.970588,6.784314,6.849020,6.849020,1286220
2001-08-27,6.862745,7.068627,6.862745,7.035294,7.035294,977670
2001-08-28,7.000000,7.054902,6.845098,6.845098,6.845098,850170
2001-08-29,6.939216,7.082353,6.911765,6.990196,6.990196,1880880
2001-08-30,6.972549,7.005882,6.862745,6.950980,6.950980,787440
2001-08-31,6.986275,7.258824,6.917647,7.121569,7.121569,1108230
2001-09-04,7.119608,7.352941,6.996078,7.074510,7.074510,1319880
2001-09-05,7.043137,7.254902,7.043137,7.170588,7.170588,1390770
2001-09-06,7.107843,7.156863,6.950980,6.952941,6.952941,1205130
2001-09-07,6.964706,7.127451,6.947059,7.000000,7.000000,594150
2001-09-10,7.000000,7.205882,7.000000,7.041176,7.041176,825180
2001-09-17,6.931373,6.960784,6.627451,6.880392,6.880392,1084260
2001-09-18,7.280392,7.439216,7.205882,7.360784,7.360784,10694190
2001-09-19,7.358824,7.437255,6.970588,7.303922,7.303922,6457110
2001-09-20,7.264706,7.431373,7.100000,7.388235,7.388235,24327000
2001-09-21,7.213725,7.401961,7.152941,7.176471,7.176471,4168230
2001-09-24,7.252941,7.352941,7.205882,7.252941,7.252941,1363230
2001-09-25,7.041176,7.176471,6.923529,7.113725,7.113725,23074950
2001-09-26,7.068627,7.254902,7.035294,7.198039,7.198039,3856110
2001-09-27,7.156863,7.784314,7.133333,7.745098,7.745098,5413650
2001-09-28,7.745098,7.843137,7.458824,7.568627,7.568627,3146190
2001-10-01,7.554902,7.843137,7.488235,7.554902,7.554902,1900260
2001-10-02,7.568627,7.578431,7.470588,7.511765,7.511765,3319080
2001-10-03,7.531373,8.019608,7.500000,7.762745,7.762745,5451390
2001-10-04,7.833333,7.843137,7.558824,7.670588,7.670588,2292960
2001-10-05,7.700000,7.852941,7.631373,7.849020,7.849020,962880
2001-10-08,7.798039,8.137255,7.449020,7.656863,7.656863,3807150
2001-10-09,7.715686,7.723529,7.450980,7.537255,7.537255,2898840
2001-10-10,7.537255,7.754902,7.490196,7.649020,7.649020,2058360
2001-10-11,7.690196,7.880392,7.245098,7.333333,7.333333,2963100
2001-10-12,7.392157,7.417647,7.064706,7.264706,7.264706,1970640
2001-10-15,7.207843,7.539216,7.107843,7.452941,7.452941,2151690
2001-10-16,7.441176,7.598039,7.258824,7.300000,7.300000,1073550
2001-10-17,7.401961,7.431373,6.882353,7.031373,7.031373,1785000
2001-10-18,7.029412,7.194118,6.941176,7.066667,7.066667,882810
2001-10-19,6.941176,7.517647,6.939216,7.427451,7.427451,1103640
2001-10-22,7.382353,7.752941,7.382353,7.654902,7.654902,1694730
2001-10-23,7.696078,7.696078,7.086275,7.147059,7.147059,4086630
2001-10-24,7.176471,7.237255,7.031373,7.074510,7.074510,871080
2001-10-25,7.078431,7.088235,6.978431,7.027451,7.027451,1144950
2001-10-26,7.039216,7.058824,6.909804,6.923529,6.923529,1269390
2001-10-29,6.931373,6.950980,6.554902,6.794118,6.794118,2271030
2001-10-30,6.741176,6.754902,6.254902,6.572549,6.572549,2845290
2001-10-31,6.590196,6.909804,6.590196,6.617647,6.617647,1660050
2001-11-01,6.670588,7.000000,6.519608,6.531373,6.531373,2115990
2001-11-02,6.501961,6.686275,6.294118,6.313725,6.313725,3296130
2001-11-05,6.372549,6.654902,6.362745,6.392157,6.392157,3609270
2001-11-06,6.647059,7.180392,6.645098,7.070588,7.070588,11713680
2001-11-07,7.039216,7.200000,7.033333,7.082353,7.082353,3233400
2001-11-08,7.090196,7.098039,6.666667,7.050980,7.050980,6408150
2001-11-09,7.215686,7.339216,7.100000,7.288235,7.288235,2581620
2001-11-12,7.268627,7.403922,7.086275,7.380392,7.380392,2553570
2001-11-13,7.407843,7.735294,7.313725,7.680392,7.680392,2586210
2001-11-14,7.745098,7.774510,7.525490,7.649020,7.649020,1877310
2001-11-15,7.647059,7.680392,7.490196,7.498039,7.498039,924630
2001-11-16,7.498039,7.549020,7.415686,7.433333,7.433333,1875270
2001-11-19,7.411765,7.578431,7.405882,7.447059,7.447059,619650
2001-11-20,7.470588,7.735294,7.427451,7.713725,7.713725,966960
2001-11-21,7.700000,7.800000,7.572549,7.647059,7.647059,967470
2001-11-23,7.647059,7.741176,7.633333,7.680392,7.680392,385050
2001-11-26,7.703922,7.782353,7.660784,7.662745,7.662745,1159230
2001-11-27,7.686275,7.774510,7.588235,7.609804,7.609804,812430
2001-11-28,7.600000,7.823529,7.600000,7.794118,7.794118,1966050
2001-11-29,7.796078,7.862745,7.703922,7.843137,7.843137,1823760
2001-11-30,7.841176,7.947059,7.784314,7.882353,7.882353,2530620
2001-12-03,7.913725,7.913725,7.737255,7.831373,7.831373,1227060
2001-12-04,7.774510,7.905882,7.774510,7.837255,7.837255,923610
2001-12-05,7.803922,7.888235,7.768627,7.856863,7.856863,1622310
2001-12-06,7.823529,7.823529,7.535294,7.607843,7.607843,1412700
2001-12-07,7.607843,7.700000,7.450980,7.656863,7.656863,2655570
2001-12-10,7.654902,7.656863,7.370588,7.445098,7.445098,903720
2001-12-11,7.431373,7.490196,7.362745,7.386275,7.386275,847620
2001-12-12,7.500000,7.500000,7.372549,7.374510,7.374510,1998180
2001-12-13,7.294118,7.294118,7.009804,7.025490,7.025490,3957600
2001-12-14,7.021569,7.172549,6.974510,6.996078,6.996078,4109070
2001-12-17,7.068627,7.090196,6.966667,7.039216,7.039216,3344580
2001-12-18,7.064706,7.088235,6.843137,6.874510,6.874510,3423120
2001-12-19,6.898039,7.047059,6.841176,6.986275,6.986275,5058690
2001-12-20,7.019608,7.047059,6.870588,6.970588,6.970588,3328770
2001-12-21,6.894118,7.098039,6.874510,6.941176,6.941176,4237590
2001-12-24,6.990196,7.035294,6.949020,6.960784,6.960784,485010
2001-12-26,6.992157,7.166667,6.980392,7.009804,7.009804,3729630
2001-12-27,7.107843,7.188235,7.033333,7.162745,7.162745,1796220
2001-12-28,7.203922,7.496078,7.184314,7.329412,7.329412,2901390
2001-12-31,7.317647,7.376471,7.215686,7.260784,7.260784,1638630
2002-01-02,7.282353,7.421569,7.225490,7.360784,7.360784,3175260
2002-01-03,7.376471,7.437255,7.300000,7.315686,7.315686,5457000
2002-01-04,7.372549,7.372549,6.960784,7.119608,7.119608,1823250
2002-01-07,7.292157,7.294118,6.972549,7.027451,7.027451,2927910
2002-01-08,7.027451,7.037255,6.962745,7.021569,7.021569,1588140
2002-01-09,7.049020,7.215686,7.025490,7.080392,7.080392,751230
2002-01-10,7.039216,7.101961,6.929412,7.029412,7.029412,1766130
2002-01-11,7.049020,7.303922,7.041176,7.239216,7.239216,1609050
2002-01-14,7.292157,7.396078,7.215686,7.382353,7.382353,1972680
2002-01-15,7.692157,7.919608,7.680392,7.843137,7.843137,7716810
2002-01-16,7.862745,7.941176,7.733333,7.862745,7.862745,3069180
2002-01-17,7.872549,8.333333,7.823529,8.298039,8.298039,5599800
2002-01-18,8.294118,8.382353,8.188235,8.274510,8.274510,4770030
2002-01-22,8.284314,8.550980,8.243137,8.468627,8.468627,2459730
2002-01-23,8.490196,8.527451,8.329412,8.482353,8.482353,1800300
2002-01-24,8.421569,8.482353,8.274510,8.449020,8.449020,1493280
2002-01-25,8.443137,8.523529,8.392157,8.464706,8.464706,752760
2002-01-28,8.458824,8.578431,8.439216,8.539216,8.539216,1055190
2002-01-29,8.554902,8.715686,8.441176,8.558824,8.558824,2236860
2002-01-30,8.566667,8.811765,8.509804,8.796078,8.796078,4422210
2002-01-31,8.745098,9.031373,8.745098,8.998039,8.998039,3788280
2002-02-01,9.021569,9.041176,8.833333,8.892157,8.892157,1163310
2002-02-04,8.872549,8.996078,8.715686,8.849020,8.849020,1277550
2002-02-05,8.727451,8.868627,8.652941,8.709804,8.709804,1367310
2002-02-06,8.664706,8.711765,8.513725,8.543137,8.543137,1655970
2002-02-07,8.533333,8.623529,8.360784,8.454902,8.454902,1801830
2002-02-08,8.392157,8.823529,8.392157,8.770588,8.770588,1896690
2002-02-11,8.725490,8.913725,8.723529,8.827451,8.827451,1309170
2002-02-12,8.805882,8.823529,8.549020,8.603922,8.603922,4062660
2002-02-13,8.580392,8.705882,8.543137,8.588235,8.588235,1302030
2002-02-14,8.598039,8.674510,8.460784,8.460784,8.460784,1351500
2002-02-15,8.462745,8.482353,8.300000,8.452941,8.452941,882300
2002-02-19,8.421569,8.529412,8.333333,8.464706,8.464706,797130
2002-02-20,8.472549,8.707843,8.470588,8.627451,8.627451,1471860
2002-02-21,8.684314,8.843137,8.666667,8.723529,8.723529,1159740
2002-02-22,8.719608,8.845098,8.627451,8.721569,8.721569,1112820
2002-02-25,8.686275,8.764706,8.243137,8.388235,8.388235,2176170
2002-02-26,8.482353,8.521569,8.321569,8.423529,8.423529,1106190
2002-02-27,8.423529,8.813725,8.423529,8.647059,8.647059,2242980
2002-02-28,8.774510,8.774510,8.347059,8.433333,8.433333,1188810
2002-03-01,8.413725,8.598039,8.368627,8.401961,8.401961,1178610
2002-03-04,8.392157,8.450980,8.096078,8.205882,8.205882,2656590
2002-03-05,8.249020,8.249020,7.894118,8.003922,8.003922,4532880
2002-03-06,8.047059,8.515686,8.027451,8.415686,8.415686,3067140
2002-03-07,8.415686,8.607843,8.329412,8.423529,8.423529,3695460
2002-03-08,8.429412,8.488235,8.264706,8.315686,8.315686,4925580
2002-03-11,8.329412,8.378431,8.249020,8.284314,8.284314,1926780
2002-03-12,8.254902,8.256863,8.064706,8.113725,8.113725,2675970
2002-03-13,8.088235,8.382353,8.088235,8.356863,8.356863,2131290
2002-03-14,8.421569,8.568627,8.415686,8.523529,8.523529,955230
2002-03-15,8.558824,8.656863,8.480392,8.531373,8.531373,1204620
2002-03-18,8.482353,8.519608,8.260784,8.333333,8.333333,1392300
2002-03-19,8.294118,8.407843,8.245098,8.262745,8.262745,1046520
2002-03-20,8.245098,8.421569,8.166667,8.211765,8.211765,1369860
2002-03-21,8.284314,8.286275,8.156863,8.247059,8.247059,1949730
2002-03-22,8.241176,8.264706,8.143137,8.162745,8.162745,1432590
2002-03-25,8.158824,8.270588,8.005882,8.068627,8.068627,1754910
2002-03-26,8.135294,8.370588,8.113725,8.345098,8.345098,1428510
2002-03-27,8.370588,8.656863,8.370588,8.574510,8.574510,2781030
2002-03-28,8.611765,8.666667,8.531373,8.637255,8.637255,1411680
2002-04-01,8.666667,8.666667,8.450980,8.582353,8.582353,985830
2002-04-02,8.550980,8.725490,8.550980,8.707843,8.707843,2097630
2002-04-03,8.707843,8.901961,8.670588,8.900000,8.900000,2534700
2002-04-04,8.898039,8.978431,8.700000,8.964706,8.964706,1787040
2002-04-05,8.894118,9.007843,8.864706,8.966667,8.966667,1350480
2002-04-08,8.980392,9.019608,8.852941,9.011765,9.011765,914430
2002-04-09,8.960784,9.050980,8.919608,8.962745,8.962745,1349460
2002-04-10,8.960784,9.088235,8.927451,9.035294,9.035294,1061310
2002-04-11,9.088235,9.256863,9.050980,9.178431,9.178431,1559070
2002-04-12,9.215686,9.313725,9.178431,9.313725,9.313725,1525410
2002-04-15,9.313725,9.407843,9.231373,9.350980,9.350980,1245420
2002-04-16,9.335294,9.411765,9.219608,9.366667,9.366667,1378020
2002-04-17,9.382353,9.384314,9.235294,9.262745,9.262745,1543770
2002-04-18,9.235294,9.313725,9.107843,9.231373,9.231373,1997670
2002-04-19,9.196078,9.470588,9.194118,9.409804,9.409804,871590
2002-04-22,9.411765,9.509804,9.107843,9.176471,9.176471,1090380
2002-04-23,9.194118,9.198039,9.019608,9.039216,9.039216,843030
2002-04-24,9.039216,9.060784,8.960784,9.025490,9.025490,853230
2002-04-25,9.029412,9.258824,9.013725,9.227451,9.227451,997560
2002-04-26,9.254902,9.276471,9.129412,9.156863,9.156863,611490
2002-04-29,9.203922,9.205882,8.903922,9.027451,9.027451,579870
2002-04-30,9.058824,9.356863,8.980392,9.331373,9.331373,1465740
2002-05-01,9.354902,9.629412,9.307843,9.423529,9.423529,2133840
2002-05-02,9.490196,9.586275,9.278431,9.352941,9.352941,1401990
2002-05-03,9.337255,9.376471,9.131373,9.288235,9.288235,856800
2002-05-06,9.313725,9.315686,9.101961,9.266667,9.266667,1037340
2002-05-07,9.539216,9.735294,9.360784,9.639216,9.639216,4672110
2002-05-08,9.560784,9.676471,9.186275,9.625490,9.625490,3725550
2002-05-09,9.507843,9.525490,9.317647,9.354902,9.354902,1848240
2002-05-10,9.362745,9.370588,9.280392,9.337255,9.337255,1293360
2002-05-13,9.352941,9.460784,9.270588,9.460784,9.460784,1232160
2002-05-14,9.415686,9.613725,9.388235,9.592157,9.592157,2153220
2002-05-15,9.549020,9.796078,9.529412,9.754902,9.754902,1870170
2002-05-16,9.705882,9.756863,9.654902,9.654902,9.654902,1264290
2002-05-17,9.735294,9.796078,9.645098,9.780392,9.780392,2081820
2002-05-20,9.745098,9.800000,9.662745,9.774510,9.774510,1562130
2002-05-21,9.715686,9.827451,9.660784,9.801961,9.801961,1756440
2002-05-22,9.745098,9.841176,9.666667,9.825490,9.825490,1509600
2002-05-23,9.754902,9.843137,9.705882,9.805882,9.805882,1652910
2002-05-24,9.762745,9.919608,9.745098,9.815686,9.815686,1241850
2002-05-28,9.784314,9.852941,9.658824,9.696078,9.696078,2639250
2002-05-29,9.660784,9.831373,9.652941,9.713725,9.713725,1582020
2002-05-30,9.703922,9.890196,9.696078,9.794118,9.794118,1440750
2002-05-31,9.754902,9.823529,9.688235,9.721569,9.721569,1375980
2002-06-03,9.729412,9.764706,9.607843,9.627451,9.627451,964920
2002-06-04,9.578431,9.696078,9.488235,9.603922,9.603922,1907910
2002-06-05,9.601961,9.625490,9.531373,9.570588,9.570588,1003680
2002-06-06,9.560784,9.560784,9.354902,9.384314,9.384314,1135770
2002-06-07,9.392157,9.580392,9.262745,9.531373,9.531373,766530
2002-06-10,9.558824,9.754902,9.539216,9.658824,9.658824,732870
2002-06-11,9.647059,9.672549,9.452941,9.509804,9.509804,1164330
2002-06-12,9.547059,9.637255,9.223529,9.282353,9.282353,1502460
2002-06-13,9.329412,9.549020,9.266667,9.339216,9.339216,842520
2002-06-14,9.403922,9.603922,9.125490,9.558824,9.558824,1401990
2002-06-17,9.627451,9.745098,9.543137,9.733333,9.733333,1445850
2002-06-18,9.790196,9.882353,9.723529,9.723529,9.723529,1114860
2002-06-19,9.803922,9.809804,9.660784,9.668627,9.668627,1287240
2002-06-20,9.774510,9.780392,9.523529,9.558824,9.558824,819570
2002-06-21,9.617647,9.625490,9.401961,9.431373,9.431373,1382100
2002-06-24,9.480392,9.480392,9.219608,9.225490,9.225490,3736260
2002-06-25,9.294118,9.343137,8.823529,8.876471,8.876471,3433830
2002-06-26,8.850980,8.996078,8.741176,8.939216,8.939216,2809080
2002-06-27,8.960784,9.107843,8.960784,9.041176,9.041176,3815820
2002-06-28,9.021569,9.137255,8.719608,8.725490,8.725490,3661290
2002-07-01,8.701961,8.719608,8.482353,8.631373,8.631373,3486360
2002-07-02,8.627451,8.707843,8.264706,8.417647,8.417647,4522170
2002-07-03,8.362745,8.429412,7.996078,8.382353,8.382353,2613750
2002-07-05,8.409804,8.721569,8.356863,8.721569,8.721569,810900
2002-07-08,8.662745,8.794118,8.509804,8.715686,8.715686,2078250
2002-07-09,8.715686,8.843137,8.549020,8.558824,8.558824,4336530
2002-07-10,8.521569,8.600000,8.394118,8.458824,8.458824,3131910
2002-07-11,8.392157,8.515686,8.113725,8.272549,8.272549,2242980
2002-07-12,8.233333,8.372549,8.137255,8.305882,8.305882,1505520
2002-07-15,8.213725,8.676471,7.794118,8.090196,8.090196,2888130
2002-07-16,7.970588,8.280392,7.952941,8.243137,8.243137,1468800
2002-07-17,8.194118,8.427451,8.194118,8.427451,8.427451,1171470
2002-07-18,8.362745,8.449020,8.049020,8.050980,8.050980,1149540
2002-07-19,8.127451,8.143137,7.894118,8.027451,8.027451,1352520
2002-07-22,7.992157,8.113725,7.662745,7.735294,7.735294,1358640
2002-07-23,7.823529,7.903922,7.705882,7.745098,7.745098,1760010
2002-07-24,7.745098,8.250980,7.647059,8.086275,8.086275,4286040
2002-07-25,8.029412,8.419608,7.980392,8.084314,8.084314,1799280
2002-07-26,8.029412,8.309804,8.019608,8.290196,8.290196,1505010
2002-07-29,8.298039,8.713725,8.256863,8.660784,8.660784,1434630
2002-07-30,8.647059,8.647059,8.380392,8.498039,8.498039,1873230
2002-07-31,8.460784,8.547059,8.350980,8.423529,8.423529,1768680
2002-08-01,8.392157,8.474510,8.231373,8.272549,8.272549,1397910
2002-08-02,8.298039,8.470588,8.233333,8.462745,8.462745,1454520
2002-08-05,8.466667,8.498039,8.225490,8.225490,8.225490,1036830
2002-08-06,8.421569,8.713725,8.396078,8.415686,8.415686,2820300
2002-08-07,8.517647,8.803922,8.435294,8.774510,8.774510,2269500
2002-08-08,8.829412,9.439216,8.784314,9.413725,9.413725,3312960
2002-08-09,9.382353,9.527451,9.184314,9.425490,9.425490,1880370
2002-08-12,9.403922,9.666667,9.356863,9.619608,9.619608,1606500
2002-08-13,9.658824,9.692157,9.470588,9.480392,9.480392,2217990
2002-08-14,9.480392,9.705882,9.284314,9.705882,9.705882,2087430
2002-08-15,9.617647,10.072549,9.617647,9.996078,9.996078,3092640
2002-08-16,9.933333,10.209804,9.868627,10.168627,10.168627,2790720
2002-08-19,10.213725,10.268627,9.972549,10.105882,10.105882,2325090
2002-08-20,10.062745,10.105882,9.925490,10.049020,10.049020,2608650
2002-08-21,10.098039,10.294118,10.049020,10.294118,10.294118,3569490
2002-08-22,10.294118,10.460784,10.149020,10.372549,10.372549,2569380
2002-08-23,10.296078,10.327451,10.101961,10.170588,10.170588,1894650
2002-08-26,10.156863,10.209804,10.050980,10.168627,10.168627,2006850
2002-08-27,10.170588,10.170588,9.939216,9.998039,9.998039,1610070
2002-08-28,9.905882,9.905882,9.647059,9.696078,9.696078,2631090
2002-08-29,9.645098,9.901961,9.574510,9.860784,9.860784,1626390
2002-08-30,9.849020,9.964706,9.782353,9.798039,9.798039,999600
2002-09-03,9.764706,9.931373,9.619608,9.880392,9.880392,1226550
2002-09-04,9.880392,10.168627,9.854902,10.135294,10.135294,1949220
2002-09-05,10.031373,10.254902,10.023529,10.243137,10.243137,1703910
2002-09-06,10.256863,10.441176,10.252941,10.441176,10.441176,2636190
2002-09-09,10.394118,10.566667,10.333333,10.562745,10.562745,1183710
2002-09-10,10.564706,10.637255,10.490196,10.596078,10.596078,2834580
2002-09-11,10.607843,10.780392,10.588235,10.741176,10.741176,1035810
2002-09-12,10.688235,10.696078,10.580392,10.635294,10.635294,1804890
2002-09-13,10.615686,10.641176,10.574510,10.633333,10.633333,2567850
2002-09-16,10.600000,10.676471,10.558824,10.588235,10.588235,1339260
2002-09-17,10.605882,10.680392,10.527451,10.570588,10.570588,2475030
2002-09-18,10.558824,10.588235,10.382353,10.468627,10.468627,3169650
2002-09-19,10.450980,10.450980,10.272549,10.343137,10.343137,1700850
2002-09-20,10.362745,10.498039,10.301961,10.411765,10.411765,1669740
2002-09-23,10.350980,10.423529,10.268627,10.396078,10.396078,1805400
2002-09-24,10.417647,10.421569,10.056863,10.211765,10.211765,2993190
2002-09-25,10.201961,10.543137,10.133333,10.476471,10.476471,3159960
2002-09-26,10.456863,10.666667,10.405882,10.619608,10.619608,2259300
2002-09-27,10.586275,10.623529,10.372549,10.439216,10.439216,3180870
2002-09-30,10.511765,10.513725,10.235294,10.343137,10.343137,1842120
2002-10-01,10.294118,10.429412,10.284314,10.374510,10.374510,3423120
2002-10-02,10.194118,10.349020,10.098039,10.123529,10.123529,4027470
2002-10-03,10.019608,10.450980,10.019608,10.413725,10.413725,3897930
2002-10-04,10.413725,10.433333,10.152941,10.313725,10.313725,1822740
2002-10-07,10.264706,10.337255,10.070588,10.156863,10.156863,1690650
2002-10-08,10.117647,10.411765,10.031373,10.323529,10.323529,2064990
2002-10-09,10.350980,10.366667,10.098039,10.103922,10.103922,1611090
2002-10-10,10.156863,10.382353,10.098039,10.313725,10.313725,1823760
2002-10-11,10.409804,10.754902,10.303922,10.382353,10.382353,1437690
2002-10-14,10.401961,10.894118,10.352941,10.894118,10.894118,3410370
2002-10-15,11.080392,11.319608,10.754902,10.825490,10.825490,6116430
2002-10-16,10.713725,10.931373,10.543137,10.847059,10.847059,2558160
2002-10-17,10.901961,11.196078,10.745098,10.788235,10.788235,2199630
2002-10-18,10.807843,10.835294,10.674510,10.684314,10.684314,1807950
2002-10-21,10.711765,10.711765,10.490196,10.588235,10.588235,1983900
2002-10-22,10.519608,10.588235,10.405882,10.460784,10.460784,1678410
2002-10-23,10.392157,10.696078,10.392157,10.696078,10.696078,1139340
2002-10-24,10.717647,10.811765,10.364706,10.392157,10.392157,2288880
2002-10-25,10.352941,10.966667,10.333333,10.609804,10.609804,2886090
2002-10-28,10.643137,10.643137,10.239216,10.296078,10.296078,3647520
2002-10-29,10.196078,10.290196,10.131373,10.249020,10.249020,2482680
2002-10-30,10.266667,10.266667,10.058824,10.070588,10.070588,1707990
2002-10-31,10.058824,10.192157,9.703922,9.837255,9.837255,2678520
2002-11-01,9.801961,10.243137,9.801961,10.188235,10.188235,2652510
2002-11-04,10.137255,10.166667,9.696078,9.696078,9.696078,3310920
2002-11-05,10.021569,10.088235,8.892157,9.103922,9.103922,10992030
2002-11-06,9.162745,9.588235,9.141176,9.521569,9.521569,4053990
2002-11-07,9.441176,9.566667,9.205882,9.564706,9.564706,4062660
2002-11-08,9.558824,9.647059,9.235294,9.300000,9.300000,3072750
2002-11-11,9.233333,9.300000,9.086275,9.133333,9.133333,2348550
2002-11-12,9.117647,9.533333,9.098039,9.427451,9.427451,2898330
2002-11-13,9.374510,9.668627,9.362745,9.666667,9.666667,3205350
2002-11-14,9.645098,9.758824,9.588235,9.754902,9.754902,2162910
2002-11-15,9.676471,10.000000,9.676471,9.847059,9.847059,1884450
2002-11-18,9.890196,9.972549,9.650980,9.735294,9.735294,1013880
2002-11-19,9.696078,9.696078,9.294118,9.474510,9.474510,3370590
2002-11-20,9.470588,9.676471,9.470588,9.639216,9.639216,1504500
2002-11-21,9.498039,9.537255,8.531373,8.950980,8.950980,10513650
2002-11-22,8.937255,8.950980,8.347059,8.549020,8.549020,6385200
2002-11-25,8.488235,8.535294,7.941176,8.143137,8.143137,9298830
2002-11-26,8.127451,8.388235,8.045098,8.050980,8.050980,5625810
2002-11-27,8.098039,8.370588,8.029412,8.333333,8.333333,3971880
2002-11-29,8.341176,8.474510,8.274510,8.345098,8.345098,1509600
2002-12-02,8.354902,8.472549,8.072549,8.119608,8.119608,3426180
2002-12-03,8.039216,8.098039,7.901961,7.927451,7.927451,2314380
2002-12-04,7.923529,8.252941,7.911765,8.239216,8.239216,6624390
2002-12-05,8.247059,8.519608,8.203922,8.445098,8.445098,3489420
2002-12-06,8.413725,8.686275,8.403922,8.588235,8.588235,2281740
2002-12-09,8.588235,8.627451,8.480392,8.531373,8.531373,2134860
2002-12-10,8.572549,8.847059,8.531373,8.843137,8.843137,2762160
2002-12-11,8.823529,9.090196,8.747059,9.054902,9.054902,3203310
2002-12-12,9.049020,9.101961,8.941176,8.952941,8.952941,2306220
2002-12-13,8.941176,8.960784,8.664706,8.764706,8.764706,3916290
2002-12-16,8.821569,8.960784,8.784314,8.931373,8.931373,2613750
2002-12-17,8.941176,8.941176,8.680392,8.711765,8.711765,1955340
2002-12-18,8.711765,8.715686,8.507843,8.570588,8.570588,1974210
2002-12-19,8.568627,8.766667,8.519608,8.731373,8.731373,2842230
2002-12-20,8.715686,9.007843,8.631373,8.768627,8.768627,15827850
2002-12-23,8.737255,9.013725,8.672549,8.986275,8.986275,3350190
2002-12-24,8.984314,9.076471,8.945098,8.972549,8.972549,672180
2002-12-26,8.980392,9.131373,8.915686,8.950980,8.950980,955740
2002-12-27,8.882353,8.984314,8.768627,8.786275,8.786275,1236750
2002-12-30,8.803922,8.998039,8.668627,8.949020,8.949020,2026230
2002-12-31,8.931373,8.978431,8.762745,8.823529,8.823529,1630980
2003-01-02,8.933333,9.137255,8.823529,8.941176,8.941176,1871700
2003-01-03,8.905882,8.984314,8.678431,8.784314,8.784314,2375070
2003-01-06,8.819608,8.894118,8.774510,8.803922,8.803922,2553570
2003-01-07,8.776471,8.776471,8.392157,8.454902,8.454902,4523700
2003-01-08,8.496078,8.529412,8.380392,8.380392,8.380392,1473390
2003-01-09,8.384314,8.607843,8.382353,8.568627,8.568627,1278060
2003-01-10,8.529412,8.647059,8.429412,8.490196,8.490196,1133220
2003-01-13,8.519608,8.631373,8.466667,8.486275,8.486275,1668720
2003-01-14,8.513725,8.535294,8.380392,8.447059,8.447059,1721760
2003-01-15,8.470588,8.490196,8.235294,8.239216,8.239216,2709630
2003-01-16,8.239216,8.276471,8.090196,8.168627,8.168627,2591310
2003-01-17,8.160784,8.405882,8.131373,8.319608,8.319608,2059890
2003-01-21,8.317647,8.372549,8.278431,8.345098,8.345098,1825800
2003-01-22,8.298039,8.331373,8.111765,8.170588,8.170588,1849770
2003-01-23,8.162745,8.170588,8.076471,8.111765,8.111765,1617210
2003-01-24,8.121569,8.121569,7.803922,7.923529,7.923529,3430770
2003-01-27,7.923529,7.982353,7.807843,7.931373,7.931373,1449420
2003-01-28,7.937255,8.035294,7.794118,8.005882,8.005882,1815600
2003-01-29,8.005882,8.133333,7.811765,8.127451,8.127451,1357620
2003-01-30,8.127451,8.156863,7.807843,7.845098,7.845098,2135880
2003-01-31,7.845098,8.021569,7.750980,7.947059,7.947059,1531020
2003-02-03,8.037255,8.058824,7.909804,7.925490,7.925490,1658010
2003-02-04,7.905882,7.921569,7.692157,7.692157,7.692157,1909950
2003-02-05,7.725490,7.745098,6.974510,7.094118,7.094118,7462320
2003-02-06,7.129412,7.666667,7.105882,7.666667,7.666667,8547600
2003-02-07,7.568627,7.719608,7.245098,7.325490,7.325490,3656190
2003-02-10,7.323529,7.578431,7.276471,7.482353,7.482353,2577540
2003-02-11,7.505882,7.525490,7.250980,7.300000,7.300000,1972680
2003-02-12,7.282353,7.376471,7.045098,7.090196,7.090196,3048780
2003-02-13,7.100000,7.158824,6.964706,7.021569,7.021569,2104260
2003-02-14,7.109804,7.109804,6.700000,6.856863,6.856863,7047690
2003-02-18,6.862745,7.270588,6.843137,7.156863,7.156863,3045720
2003-02-19,7.156863,7.233333,6.956863,7.156863,7.156863,3170670
2003-02-20,7.190196,7.503922,7.190196,7.360784,7.360784,3450660
2003-02-21,7.354902,7.643137,7.352941,7.566667,7.566667,3039600
2003-02-24,7.647059,7.647059,7.368627,7.401961,7.401961,2045610
2003-02-25,7.427451,7.668627,7.258824,7.615686,7.615686,2054280
2003-02-26,7.607843,7.643137,7.415686,7.501961,7.501961,2219520
2003-02-27,7.525490,7.745098,7.460784,7.692157,7.692157,2255220
2003-02-28,7.752941,7.854902,7.652941,7.843137,7.843137,3150270
2003-03-03,7.960784,8.019608,7.852941,7.980392,7.980392,5157630
2003-03-04,8.107843,8.235294,7.980392,8.233333,8.233333,8189580
2003-03-05,8.233333,8.478431,8.225490,8.398039,8.398039,5785440
2003-03-06,8.352941,8.360784,8.076471,8.229412,8.229412,3458820
2003-03-07,8.205882,8.294118,8.123529,8.266667,8.266667,2218500
2003-03-10,8.264706,8.264706,8.070588,8.115686,8.115686,2181780
2003-03-11,8.105882,8.231373,8.082353,8.205882,8.205882,2591820
2003-03-12,8.205882,8.284314,8.058824,8.166667,8.166667,2103240
2003-03-13,8.245098,8.400000,8.178431,8.388235,8.388235,3051840
2003-03-14,8.415686,8.511765,8.358824,8.458824,8.458824,2816730
2003-03-17,8.441176,8.674510,8.409804,8.525490,8.525490,3196680
2003-03-18,8.521569,8.592157,8.429412,8.511765,8.511765,2522460
2003-03-19,8.511765,8.600000,8.388235,8.496078,8.496078,2016540
2003-03-20,8.482353,8.578431,8.258824,8.515686,8.515686,2209830
2003-03-21,8.535294,8.633333,8.494118,8.617647,8.617647,1561620
2003-03-24,8.578431,8.578431,8.352941,8.435294,8.435294,2520420
2003-03-25,8.421569,8.813725,8.366667,8.713725,8.713725,1721250
2003-03-26,8.674510,8.864706,8.662745,8.815686,8.815686,1712580
2003-03-27,8.754902,8.909804,8.619608,8.811765,8.811765,1347930
2003-03-28,8.768627,8.896078,8.705882,8.892157,8.892157,2203200
2003-03-31,8.803922,8.882353,8.631373,8.843137,8.843137,1924740
2003-04-01,8.898039,8.898039,8.743137,8.845098,8.845098,1999200
2003-04-02,8.843137,9.115686,8.735294,9.072549,9.072549,4058070
2003-04-03,9.068627,9.094118,8.737255,8.854902,8.854902,3743400
2003-04-04,8.827451,8.860784,8.256863,8.474510,8.474510,10317810
2003-04-07,8.509804,8.656863,8.482353,8.523529,8.523529,2484720
2003-04-08,8.549020,8.549020,8.341176,8.437255,8.437255,1822230
2003-04-09,8.411765,8.580392,8.411765,8.480392,8.480392,2029800
2003-04-10,8.460784,8.623529,8.458824,8.615686,8.615686,1858950
2003-04-11,8.668627,8.676471,8.323529,8.437255,8.437255,1445850
2003-04-14,8.433333,8.492157,8.347059,8.484314,8.484314,2029800
2003-04-15,8.476471,8.527451,8.398039,8.509804,8.509804,1641180
2003-04-16,8.558824,8.574510,8.309804,8.331373,8.331373,2814690
2003-04-17,8.141176,8.392157,8.141176,8.225490,8.225490,3507270
2003-04-21,8.209804,8.323529,8.176471,8.235294,8.235294,2709630
2003-04-22,8.235294,8.392157,8.164706,8.354902,8.354902,2722380
2003-04-23,8.460784,8.470588,8.311765,8.343137,8.343137,2314890
2003-04-24,8.292157,8.333333,8.137255,8.186275,8.186275,2400570
2003-04-25,8.184314,8.219608,8.017647,8.209804,8.209804,1693710
2003-04-28,8.223529,8.570588,8.188235,8.392157,8.392157,2026740
2003-04-29,8.392157,8.519608,8.354902,8.396078,8.396078,1959420
2003-04-30,8.411765,8.519608,8.325490,8.454902,8.454902,1654950
2003-05-01,8.450980,8.835294,8.437255,8.803922,8.803922,4566540
2003-05-02,8.823529,8.992157,8.803922,8.986275,8.986275,1790610
2003-05-05,8.950980,8.976471,8.809804,8.874510,8.874510,2644350
2003-05-06,9.019608,9.717647,9.019608,9.692157,9.692157,13062120
2003-05-07,9.633333,9.854902,9.484314,9.696078,9.696078,6210270
2003-05-08,9.668627,9.676471,9.358824,9.362745,9.362745,4036650
2003-05-09,9.345098,9.637255,9.345098,9.578431,9.578431,1841610
2003-05-12,9.562745,9.705882,9.509804,9.682353,9.682353,2767260
2003-05-13,9.676471,9.803922,9.578431,9.696078,9.696078,2227170
2003-05-14,9.711765,9.719608,9.488235,9.588235,9.588235,1197990
2003-05-15,9.574510,9.803922,9.574510,9.796078,9.796078,2312850
2003-05-16,9.766667,9.796078,9.666667,9.688235,9.688235,1837530
2003-05-19,9.656863,9.705882,9.266667,9.339216,9.339216,1983900
2003-05-20,9.292157,9.317647,9.158824,9.205882,9.205882,2209320
2003-05-21,9.258824,9.264706,9.054902,9.215686,9.215686,2442390
2003-05-22,9.352941,9.647059,9.307843,9.578431,9.578431,2715750
2003-05-23,9.535294,9.603922,9.380392,9.588235,9.588235,1502460
2003-05-27,9.600000,9.694118,9.507843,9.650980,9.650980,1770210
2003-05-28,9.656863,9.703922,9.552941,9.596078,9.596078,1744200
2003-05-29,9.607843,9.703922,9.558824,9.580392,9.580392,1300500
2003-05-30,9.590196,9.703922,9.558824,9.639216,9.639216,1211760
2003-06-02,9.645098,9.701961,9.554902,9.603922,9.603922,1748280
2003-06-03,9.570588,9.782353,9.519608,9.745098,9.745098,1669740
2003-06-04,9.774510,9.868627,9.719608,9.780392,9.780392,2594880
2003-06-05,9.813725,9.970588,9.749020,9.911765,9.911765,1770210
2003-06-06,9.921569,10.076471,9.749020,9.750980,9.750980,2289900
2003-06-09,9.784314,9.790196,9.564706,9.607843,9.607843,1351500
2003-06-10,9.637255,9.670588,9.545098,9.605882,9.605882,1425960
2003-06-11,9.607843,9.911765,9.539216,9.911765,9.911765,1579470
2003-06-12,9.911765,9.970588,9.723529,9.813725,9.813725,952170
2003-06-13,9.843137,9.972549,9.735294,9.854902,9.854902,1758480
2003-06-16,9.850980,10.225490,9.850980,10.215686,10.215686,1928820
2003-06-17,10.243137,10.321569,10.156863,10.266667,10.266667,1239810
2003-06-18,10.311765,10.443137,10.198039,10.366667,10.366667,2467890
2003-06-19,10.349020,10.360784,10.137255,10.215686,10.215686,2456670
2003-06-20,10.245098,10.458824,10.194118,10.301961,10.301961,3722490
2003-06-23,10.321569,10.396078,10.105882,10.168627,10.168627,1568250
2003-06-24,10.166667,10.290196,10.113725,10.182353,10.182353,1083750
2003-06-25,10.203922,10.284314,10.147059,10.207843,10.207843,1197990
2003-06-26,10.121569,10.617647,10.121569,10.539216,10.539216,2154750
2003-06-27,10.539216,10.541176,10.180392,10.354902,10.354902,2033880
2003-06-30,10.352941,10.403922,10.258824,10.296078,10.296078,2136390
2003-07-01,10.125490,10.458824,10.098039,10.400000,10.400000,1748280
2003-07-02,10.362745,10.429412,10.241176,10.333333,10.333333,1695240
2003-07-03,10.329412,10.458824,10.294118,10.390196,10.390196,1466760
2003-07-07,10.372549,10.619608,10.343137,10.619608,10.619608,1903320
2003-07-08,10.611765,10.739216,10.505882,10.619608,10.619608,1533060
2003-07-09,10.631373,10.731373,10.501961,10.686275,10.686275,1301010
2003-07-10,10.698039,10.847059,10.619608,10.772549,10.772549,2748900
2003-07-11,10.774510,10.886275,10.701961,10.886275,10.886275,650760
2003-07-14,10.901961,11.215686,10.864706,11.000000,11.000000,1813050
2003-07-15,11.039216,11.141176,11.021569,11.076471,11.076471,1093950
2003-07-16,11.092157,11.127451,10.976471,11.005882,11.005882,1287240
2003-07-17,10.980392,11.035294,10.684314,10.766667,10.766667,2414850
2003-07-18,10.807843,10.931373,10.694118,10.892157,10.892157,1332120
2003-07-21,10.882353,10.956863,10.729412,10.956863,10.956863,1344360
2003-07-22,10.941176,11.098039,10.786275,10.913725,10.913725,1711560
2003-07-23,10.919608,10.980392,10.645098,10.935294,10.935294,1417290
2003-07-24,10.980392,11.064706,10.766667,10.813725,10.813725,1846200
2003-07-25,10.800000,11.156863,10.743137,11.127451,11.127451,1247970
2003-07-28,11.147059,11.382353,11.101961,11.296078,11.296078,1682490
2003-07-29,11.303922,11.525490,11.164706,11.507843,11.507843,3286440
2003-07-30,11.500000,11.598039,11.431373,11.535294,11.535294,1537650
2003-07-31,11.592157,11.664706,11.286275,11.458824,11.458824,2317950
2003-08-01,11.366667,11.413725,11.145098,11.207843,11.207843,2078760
2003-08-04,11.211765,11.235294,11.049020,11.127451,11.127451,2824890
2003-08-05,11.296078,11.715686,11.207843,11.631373,11.631373,5407530
2003-08-06,11.325490,11.613725,11.313725,11.335294,11.335294,3502170
2003-08-07,11.376471,11.382353,11.123529,11.360784,11.360784,2919240
2003-08-08,11.372549,11.382353,11.201961,11.288235,11.288235,1884960
2003-08-11,11.274510,11.331373,11.111765,11.254902,11.254902,1501950
2003-08-12,11.294118,11.333333,11.127451,11.303922,11.303922,1480530
2003-08-13,11.254902,11.364706,11.127451,11.349020,11.349020,1392300
2003-08-14,11.268627,11.468627,11.182353,11.405882,11.405882,758880
2003-08-15,11.376471,11.594118,11.078431,11.588235,11.588235,685440
2003-08-18,11.598039,11.764706,11.519608,11.747059,11.747059,1200030
2003-08-19,11.745098,11.827451,11.652941,11.764706,11.764706,1688610
2003-08-20,11.615686,11.617647,11.166667,11.360784,11.360784,4866420
2003-08-21,11.372549,11.525490,11.372549,11.417647,11.417647,1160760
2003-08-22,11.392157,11.431373,11.072549,11.205882,11.205882,1209720
2003-08-25,11.182353,11.221569,11.027451,11.176471,11.176471,832320
2003-08-26,11.139216,11.229412,10.921569,11.205882,11.205882,1111290
2003-08-27,11.162745,11.211765,10.990196,11.174510,11.174510,928710
2003-08-28,11.192157,11.260784,11.045098,11.225490,11.225490,1028670
2003-08-29,11.260784,11.347059,11.188235,11.319608,11.319608,575790
2003-09-02,11.347059,11.527451,11.233333,11.509804,11.509804,1387710
2003-09-03,11.486275,11.550980,11.335294,11.350980,11.350980,1545810
2003-09-04,11.366667,11.372549,11.156863,11.166667,11.166667,2595390
2003-09-05,11.160784,11.258824,11.049020,11.174510,11.174510,1237770
2003-09-08,11.166667,11.374510,11.166667,11.370588,11.370588,1413720
2003-09-09,11.341176,11.360784,11.101961,11.113725,11.113725,1459620
2003-09-10,11.107843,11.223529,11.019608,11.023529,11.023529,1387200
2003-09-11,11.023529,11.121569,10.962745,11.029412,11.029412,1410150
2003-09-12,11.039216,11.058824,10.817647,11.029412,11.029412,1294380
2003-09-15,11.039216,11.215686,11.039216,11.098039,11.098039,1458600
2003-09-16,11.107843,11.207843,11.078431,11.203922,11.203922,1212270
2003-09-17,11.209804,11.386275,11.209804,11.333333,11.333333,744600
2003-09-18,11.715686,11.715686,11.401961,11.529412,11.529412,1765110
2003-09-19,11.629412,11.690196,10.866667,11.460784,11.460784,2197080
2003-09-22,11.441176,11.554902,11.292157,11.419608,11.419608,1294890
2003-09-23,11.417647,11.539216,11.317647,11.484314,11.484314,686460
2003-09-24,11.486275,11.486275,11.201961,11.300000,11.300000,2028780
2003-09-25,11.284314,11.505882,11.190196,11.194118,11.194118,1764600
2003-09-26,11.170588,11.170588,10.929412,10.958824,10.958824,1581000
2003-09-29,10.990196,11.107843,10.850980,11.105882,11.105882,2608140
2003-09-30,11.082353,11.186275,10.950980,11.119608,11.119608,1433100
2003-10-01,11.119608,11.323529,11.031373,11.174510,11.174510,1470840
2003-10-02,11.194118,11.225490,11.029412,11.049020,11.049020,1941570
2003-10-03,11.113725,11.176471,10.990196,11.082353,11.082353,1638120
2003-10-06,11.088235,11.156863,11.060784,11.123529,11.123529,1376490
2003-10-07,11.133333,11.209804,10.982353,11.141176,11.141176,1688100
2003-10-08,11.117647,11.201961,10.945098,11.052941,11.052941,2165970
2003-10-09,11.111765,11.237255,10.988235,11.090196,11.090196,1812540
2003-10-10,11.052941,11.139216,11.039216,11.133333,11.133333,2458710
2003-10-13,11.152941,11.313725,11.058824,11.107843,11.107843,2244000
2003-10-14,11.107843,11.154902,11.037255,11.058824,11.058824,1722270
2003-10-15,11.086275,11.105882,10.958824,11.039216,11.039216,2222070
2003-10-16,11.031373,11.419608,11.029412,11.413725,11.413725,2185350
2003-10-17,11.466667,11.523529,11.225490,11.311765,11.311765,1730430
2003-10-20,11.205882,11.539216,11.186275,11.531373,11.531373,2052240
2003-10-21,11.472549,11.535294,11.360784,11.498039,11.498039,1404030
2003-10-22,11.507843,11.529412,11.286275,11.372549,11.372549,1256130
2003-10-23,11.431373,11.525490,11.372549,11.460784,11.460784,727260
2003-10-24,11.443137,11.539216,11.333333,11.523529,11.523529,901170
2003-10-27,11.545098,11.566667,11.374510,11.464706,11.464706,1081710
2003-10-28,11.454902,11.819608,11.394118,11.819608,11.819608,1527450
2003-10-29,11.739216,11.988235,11.733333,11.966667,11.966667,2123640
2003-10-30,12.023529,12.445098,12.013725,12.250980,12.250980,2891700
2003-10-31,12.292157,12.470588,12.152941,12.166667,12.166667,2195040
2003-11-03,12.186275,12.639216,12.178431,12.529412,12.529412,3176790
2003-11-04,12.201961,12.719608,12.176471,12.235294,12.235294,3472080
2003-11-05,12.219608,12.478431,12.184314,12.303922,12.303922,1839060
2003-11-06,12.284314,12.364706,12.103922,12.317647,12.317647,2290410
2003-11-07,12.327451,12.531373,12.327451,12.468627,12.468627,2312340
2003-11-10,12.511765,12.709804,12.433333,12.607843,12.607843,3089580
2003-11-11,12.605882,12.731373,12.568627,12.707843,12.707843,1676880
2003-11-12,12.737255,13.088235,12.637255,12.880392,12.880392,2345490
2003-11-13,12.866667,13.313725,12.774510,13.019608,13.019608,1187280
2003-11-14,13.017647,13.078431,12.790196,12.809804,12.809804,2037960
2003-11-17,12.803922,12.868627,12.656863,12.823529,12.823529,2138940
2003-11-18,12.886275,12.941176,12.572549,12.572549,12.572549,1481040
2003-11-19,12.603922,12.801961,12.552941,12.750980,12.750980,1324980
2003-11-20,12.723529,12.796078,12.545098,12.637255,12.637255,1515720
2003-11-21,12.660784,12.935294,12.570588,12.896078,12.896078,2081310
2003-11-24,12.903922,13.254902,12.894118,13.235294,13.235294,2062440
2003-11-25,13.229412,13.282353,13.094118,13.150980,13.150980,1805910
2003-11-26,13.180392,13.358824,12.954902,13.098039,13.098039,1075080
2003-11-28,13.088235,13.247059,13.088235,13.223529,13.223529,452880
2003-12-01,13.223529,13.725490,13.186275,13.496078,13.496078,2526540
2003-12-02,13.533333,13.572549,13.343137,13.392157,13.392157,1726350
2003-12-03,13.449020,13.625490,13.196078,13.215686,13.215686,2178720
2003-12-04,13.176471,13.470588,13.166667,13.378431,13.378431,1769190
2003-12-05,13.362745,13.392157,13.135294,13.176471,13.176471,1956870
2003-12-08,13.213725,13.482353,13.178431,13.482353,13.482353,2053260
2003-12-09,13.435294,13.478431,13.031373,13.076471,13.076471,2773380
2003-12-10,13.082353,13.115686,12.958824,13.056863,13.056863,1583550
2003-12-11,13.078431,13.541176,13.021569,13.431373,13.431373,1930860
2003-12-12,13.429412,13.464706,13.243137,13.409804,13.409804,1577430
2003-12-15,13.458824,13.517647,13.164706,13.188235,13.188235,1566720
2003-12-16,13.211765,13.347059,13.096078,13.198039,13.198039,1230630
2003-12-17,13.229412,13.278431,13.054902,13.054902,13.054902,1624350
2003-12-18,13.139216,13.217647,13.096078,13.156863,13.156863,1820190
2003-12-19,13.119608,13.300000,12.990196,13.235294,13.235294,2351100
2003-12-22,13.198039,13.411765,13.194118,13.341176,13.341176,1712580
2003-12-23,13.311765,13.490196,13.272549,13.415686,13.415686,1600890
2003-12-24,13.370588,13.429412,13.292157,13.345098,13.345098,566610
2003-12-26,13.345098,13.441176,13.266667,13.268627,13.268627,350880
2003-12-29,13.305882,13.480392,13.258824,13.419608,13.419608,1325490
2003-12-30,13.398039,13.401961,13.286275,13.382353,13.382353,1017450
2003-12-31,13.315686,13.480392,13.219608,13.250980,13.250980,1672290
2004-01-02,13.313725,13.413725,13.080392,13.090196,13.090196,1593750
2004-01-05,13.137255,13.147059,12.941176,13.096078,13.096078,1970640
2004-01-06,13.103922,13.219608,12.980392,13.047059,13.047059,1311720
2004-01-07,13.011765,13.076471,12.923529,13.074510,13.074510,1478490
2004-01-08,13.082353,13.117647,12.941176,13.072549,13.072549,1112820
2004-01-09,13.117647,13.452941,13.098039,13.343137,13.343137,3069180
2004-01-12,13.380392,13.552941,13.345098,13.523529,13.523529,1311210
2004-01-13,13.529412,13.784314,13.498039,13.649020,13.649020,2244000
2004-01-14,13.725490,13.725490,13.627451,13.682353,13.682353,2599470
2004-01-15,13.441176,13.654902,13.374510,13.462745,13.462745,3006450
2004-01-16,13.527451,13.550980,13.343137,13.529412,13.529412,1871190
2004-01-20,13.529412,13.556863,13.390196,13.529412,13.529412,1275000
2004-01-21,13.500000,13.701961,13.423529,13.627451,13.627451,1357620
2004-01-22,13.588235,13.970588,13.588235,13.852941,13.852941,2040510
2004-01-23,13.829412,13.901961,13.766667,13.852941,13.852941,1567230
2004-01-26,13.811765,14.168627,13.774510,14.123529,14.123529,2472990
2004-01-27,14.135294,14.145098,13.909804,13.913725,13.913725,1188300
2004-01-28,13.970588,13.998039,13.698039,13.698039,13.698039,1654440
2004-01-29,13.696078,13.843137,13.549020,13.837255,13.837255,1216860
2004-01-30,13.849020,13.850980,13.635294,13.754902,13.754902,1550910
2004-02-02,13.735294,13.835294,13.603922,13.731373,13.731373,1889040
2004-02-03,13.666667,14.056863,13.631373,13.992157,13.992157,1587120
2004-02-04,13.956863,14.060784,13.831373,13.894118,13.894118,936870
2004-02-05,13.882353,13.901961,13.656863,13.672549,13.672549,1171980
2004-02-06,13.639216,13.847059,13.639216,13.807843,13.807843,1051110
2004-02-09,13.701961,13.980392,13.701961,13.813725,13.813725,705330
2004-02-10,13.749020,14.023529,13.739216,14.011765,14.011765,708390
2004-02-11,14.011765,14.356863,13.952941,14.300000,14.300000,1475940
2004-02-12,14.284314,14.286275,14.127451,14.127451,14.127451,575280
2004-02-13,14.145098,14.401961,13.970588,13.976471,13.976471,882300
2004-02-17,13.968627,14.190196,13.964706,14.041176,14.041176,779280
2004-02-18,14.019608,14.037255,13.884314,13.917647,13.917647,1181670
2004-02-19,13.960784,14.088235,13.564706,13.576471,13.576471,2059380
2004-02-20,13.535294,13.590196,13.370588,13.437255,13.437255,2891700
2004-02-23,13.398039,13.911765,13.370588,13.829412,13.829412,2601000
2004-02-24,13.870588,14.215686,13.823529,14.070588,14.070588,2448000
2004-02-25,14.072549,14.094118,13.923529,14.029412,14.029412,1328550
2004-02-26,14.064706,14.121569,13.905882,14.047059,14.047059,908310
2004-02-27,13.964706,14.107843,13.892157,14.019608,14.019608,905250
2004-03-01,14.088235,14.264706,14.050980,14.243137,14.243137,1819680
2004-03-02,14.294118,14.511765,14.086275,14.503922,14.503922,3268590
2004-03-03,14.462745,14.488235,14.345098,14.425490,14.425490,1744200
2004-03-04,14.421569,14.421569,13.896078,14.090196,14.090196,3462390
2004-03-05,13.992157,14.117647,13.823529,13.931373,13.931373,2307750
2004-03-08,13.915686,14.164706,13.903922,14.084314,14.084314,1929330
2004-03-09,14.009804,14.235294,13.892157,14.164706,14.164706,2474520
2004-03-10,14.164706,14.345098,14.154902,14.168627,14.168627,3852030
2004-03-11,14.111765,14.339216,14.088235,14.166667,14.166667,2331720
2004-03-12,14.188235,14.288235,14.000000,14.247059,14.247059,1766640
2004-03-15,14.227451,14.260784,14.094118,14.203922,14.203922,1462680
2004-03-16,14.254902,14.311765,14.121569,14.241176,14.241176,1542750
2004-03-17,14.194118,14.298039,14.154902,14.239216,14.239216,1123020
2004-03-18,14.223529,14.227451,14.039216,14.143137,14.143137,1896690
2004-03-19,14.109804,14.166667,13.882353,13.915686,13.915686,1643730
2004-03-22,13.890196,13.929412,13.598039,13.666667,13.666667,2126190
2004-03-23,13.696078,13.696078,13.509804,13.552941,13.552941,1902810
2004-03-24,13.547059,13.737255,13.413725,13.643137,13.643137,2829480
2004-03-25,13.707843,13.858824,13.576471,13.725490,13.725490,2252160
2004-03-26,13.686275,13.745098,13.592157,13.662745,13.662745,1990530
2004-03-29,13.682353,13.860784,13.643137,13.803922,13.803922,1133220
2004-03-30,13.760784,13.921569,13.701961,13.901961,13.901961,1073550
2004-03-31,13.901961,14.068627,13.705882,13.978431,13.978431,1962480
2004-04-01,14.068627,14.225490,14.019608,14.217647,14.217647,1406070
2004-04-02,14.313725,14.494118,14.294118,14.447059,14.447059,1328550
2004-04-05,14.413725,14.905882,14.335294,14.901961,14.901961,2800410
2004-04-06,14.823529,14.913725,14.794118,14.864706,14.864706,1816620
2004-04-07,14.813725,15.235294,14.813725,15.068627,15.068627,1820700
2004-04-08,15.176471,15.188235,14.911765,14.974510,14.974510,1084770
2004-04-12,15.035294,15.119608,14.970588,15.096078,15.096078,655860
2004-04-13,15.027451,15.098039,14.723529,14.827451,14.827451,1214820
2004-04-14,14.782353,14.921569,14.629412,14.686275,14.686275,1353030
2004-04-15,14.723529,14.756863,14.539216,14.601961,14.601961,1329060
2004-04-16,14.523529,15.117647,14.517647,14.952941,14.952941,2012970
2004-04-19,14.996078,15.119608,14.925490,15.115686,15.115686,1119960
2004-04-20,15.078431,15.394118,14.935294,14.980392,14.980392,1678410
2004-04-21,14.964706,15.388235,14.935294,15.268627,15.268627,2316420
2004-04-22,15.186275,15.537255,15.156863,15.531373,15.531373,1195950
2004-04-23,15.533333,15.576471,15.339216,15.374510,15.374510,1381080
2004-04-26,15.401961,15.437255,15.149020,15.303922,15.303922,1814070
2004-04-27,15.143137,15.176471,13.786275,14.431373,14.431373,6270450
2004-04-28,14.529412,14.529412,13.823529,13.929412,13.929412,5885910
2004-04-29,13.956863,14.117647,13.682353,13.915686,13.915686,3098760
2004-04-30,13.941176,14.107843,13.766667,13.817647,13.817647,1909950
2004-05-03,13.825490,14.143137,13.805882,13.874510,13.874510,2373030
2004-05-04,13.892157,14.013725,13.684314,13.696078,13.696078,3588360
2004-05-05,13.739216,14.019608,13.541176,13.913725,13.913725,2507670
2004-05-06,13.845098,13.874510,13.533333,13.660784,13.660784,2498490
2004-05-07,13.629412,13.874510,13.550980,13.586275,13.586275,2682600
2004-05-10,13.498039,13.623529,13.333333,13.441176,13.441176,2729010
2004-05-11,13.490196,13.684314,13.413725,13.582353,13.582353,1917600
2004-05-12,13.494118,13.674510,13.298039,13.572549,13.572549,2291430
2004-05-13,13.543137,13.690196,13.476471,13.568627,13.568627,1755420
2004-05-14,13.625490,13.674510,13.450980,13.486275,13.486275,2028270
2004-05-17,13.484314,13.511765,13.178431,13.311765,13.311765,1704930
2004-05-18,13.370588,13.417647,13.274510,13.374510,13.374510,1926780
2004-05-19,13.460784,13.635294,13.160784,13.207843,13.207843,2356200
2004-05-20,13.243137,13.245098,12.741176,12.896078,12.896078,4064190
2004-05-21,12.941176,12.992157,12.715686,12.813725,12.813725,2182800
2004-05-24,12.872549,13.007843,12.713725,12.823529,12.823529,1111290
2004-05-25,12.823529,12.898039,12.649020,12.878431,12.878431,2692290
2004-05-26,12.892157,13.188235,12.813725,13.123529,13.123529,2351610
2004-05-27,13.215686,13.272549,13.115686,13.186275,13.186275,3056430
2004-05-28,13.156863,13.250980,13.117647,13.168627,13.168627,1265820
2004-06-01,13.282353,13.462745,13.215686,13.433333,13.433333,2138430
2004-06-02,13.468627,13.529412,13.352941,13.441176,13.441176,1483590
2004-06-03,13.409804,13.498039,13.372549,13.431373,13.431373,1205640
2004-06-04,13.468627,13.519608,13.368627,13.411765,13.411765,1386690
2004-06-07,13.439216,13.517647,13.431373,13.498039,13.498039,1595280
2004-06-08,13.480392,13.541176,13.396078,13.484314,13.484314,1291320
2004-06-09,13.468627,13.547059,13.176471,13.213725,13.213725,2256240
2004-06-10,13.223529,13.350980,13.203922,13.286275,13.286275,1248990
2004-06-14,13.313725,13.343137,13.011765,13.052941,13.052941,1690650
2004-06-15,13.129412,13.188235,12.974510,13.041176,13.041176,2717790
2004-06-16,12.617647,12.782353,12.470588,12.743137,12.743137,6090420
2004-06-17,12.698039,12.743137,12.392157,12.482353,12.482353,4483920
2004-06-18,12.452941,12.617647,12.394118,12.492157,12.492157,2602020
2004-06-21,12.654902,12.680392,12.354902,12.376471,12.376471,2077740
2004-06-22,12.568627,12.598039,12.358824,12.384314,12.384314,2620890
2004-06-23,12.425490,12.454902,12.152941,12.284314,12.284314,3166590
2004-06-24,12.325490,12.888235,12.258824,12.637255,12.637255,4253910
2004-06-25,12.682353,12.731373,12.527451,12.664706,12.664706,1960950
2004-06-28,12.672549,12.680392,12.484314,12.527451,12.527451,1983900
2004-06-29,12.503922,12.623529,12.341176,12.380392,12.380392,2928930
2004-06-30,12.343137,12.490196,12.313725,12.380392,12.380392,2889660
2004-07-01,12.352941,12.501961,12.339216,12.421569,12.421569,2961570
2004-07-02,12.431373,12.558824,12.396078,12.407843,12.407843,2049180
2004-07-06,12.409804,12.470588,12.311765,12.337255,12.337255,1658520
2004-07-07,12.384314,12.566667,12.343137,12.356863,12.356863,1589670
2004-07-08,12.362745,12.362745,12.121569,12.154902,12.154902,2274090
2004-07-09,12.231373,12.272549,11.884314,11.917647,11.917647,2662200
2004-07-12,11.882353,12.186275,11.731373,12.186275,12.186275,4949550
2004-07-13,12.186275,12.988235,12.078431,12.968627,12.968627,7767810
2004-07-14,12.794118,13.152941,12.774510,12.958824,12.958824,3801030
2004-07-15,12.982353,13.025490,12.782353,12.784314,12.784314,1762560
2004-07-16,12.794118,12.827451,12.423529,12.423529,12.423529,2266950
2004-07-19,12.476471,12.535294,12.313725,12.445098,12.445098,1919130
2004-07-20,12.449020,12.527451,12.323529,12.517647,12.517647,2617830
2004-07-21,12.501961,12.607843,12.094118,12.098039,12.098039,2097630
2004-07-22,12.107843,12.154902,11.915686,12.037255,12.037255,1812540
2004-07-23,11.803922,12.021569,11.770588,11.962745,11.962745,4066230
2004-07-26,11.964706,12.029412,11.888235,11.958824,11.958824,2839680
2004-07-27,12.390196,13.056863,12.156863,12.962745,12.962745,7237920
2004-07-28,12.980392,13.037255,12.643137,12.896078,12.896078,3385890
2004-07-29,13.009804,13.041176,12.764706,12.990196,12.990196,2415360
2004-07-30,12.943137,13.164706,12.913725,13.156863,13.156863,2539290
2004-08-02,13.229412,13.335294,13.088235,13.137255,13.137255,3676590
2004-08-03,13.127451,13.137255,12.872549,12.888235,12.888235,1947690
2004-08-04,12.384314,12.690196,12.362745,12.627451,12.627451,10599330
2004-08-05,12.590196,12.627451,12.333333,12.462745,12.462745,2814180
2004-08-06,12.521569,12.549020,12.207843,12.286275,12.286275,2544390
2004-08-09,12.274510,12.333333,12.045098,12.064706,12.064706,1634040
2004-08-10,12.090196,12.176471,12.039216,12.162745,12.162745,3691380
2004-08-11,12.090196,12.349020,12.029412,12.311765,12.311765,2410770
2004-08-12,12.309804,12.313725,11.933333,11.966667,11.966667,2468910
2004-08-13,11.978431,12.098039,11.931373,11.994118,11.994118,1167390
2004-08-16,12.029412,12.156863,12.011765,12.045098,12.045098,1677390
2004-08-17,12.088235,12.100000,11.900000,11.986275,11.986275,1912500
2004-08-18,11.935294,12.000000,11.821569,11.966667,11.966667,3601620
2004-08-19,11.923529,12.217647,11.850980,12.172549,12.172549,2621400
2004-08-20,12.201961,12.433333,12.176471,12.386275,12.386275,2221560
2004-08-23,12.431373,12.470588,12.274510,12.303922,12.303922,1425960
2004-08-24,12.313725,12.411765,12.196078,12.284314,12.284314,2354160
2004-08-25,12.313725,12.456863,12.270588,12.447059,12.447059,2055300
2004-08-26,12.411765,12.464706,12.278431,12.317647,12.317647,1656480
2004-08-27,12.149020,12.298039,11.960784,12.268627,12.268627,6577980
2004-08-30,12.219608,12.303922,12.068627,12.103922,12.103922,1801830
2004-08-31,12.098039,12.241176,12.092157,12.211765,12.211765,2391900
2004-09-01,12.188235,12.417647,12.137255,12.417647,12.417647,1725840
2004-09-02,12.382353,12.576471,12.382353,12.525490,12.525490,2681070
2004-09-03,12.566667,12.572549,12.337255,12.549020,12.549020,2118030
2004-09-07,12.584314,12.801961,12.550980,12.764706,12.764706,2239920
2004-09-08,12.764706,12.801961,12.462745,12.539216,12.539216,2265930
2004-09-09,12.539216,12.539216,12.278431,12.423529,12.423529,2545410
2004-09-10,12.366667,12.452941,12.286275,12.427451,12.427451,1170450
2004-09-13,12.478431,12.515686,12.339216,12.474510,12.474510,1437690
2004-09-14,12.468627,12.521569,12.166667,12.298039,12.298039,2826420
2004-09-15,12.166667,12.274510,12.113725,12.196078,12.196078,2121090
2004-09-16,12.249020,12.284314,12.100000,12.158824,12.158824,1414740
2004-09-17,12.252941,12.294118,12.139216,12.150980,12.150980,1724820
2004-09-20,12.196078,12.200000,12.049020,12.107843,12.107843,2036430
2004-09-21,12.152941,12.233333,12.054902,12.225490,12.225490,3131910
2004-09-22,12.107843,12.133333,11.752941,11.980392,11.980392,5811960
2004-09-23,11.950980,12.145098,11.911765,11.978431,11.978431,3090090
2004-09-24,11.941176,12.178431,11.931373,11.945098,11.945098,2879460
2004-09-27,12.027451,12.088235,11.890196,11.962745,11.962745,2547960
2004-09-28,12.056863,12.249020,12.037255,12.215686,12.215686,2801940
2004-09-29,12.223529,12.447059,12.109804,12.439216,12.439216,2997270
2004-09-30,12.429412,12.452941,12.125490,12.217647,12.217647,2845290
2004-10-01,12.166667,12.466667,12.147059,12.413725,12.413725,1856910
2004-10-04,12.378431,12.588235,12.352941,12.527451,12.527451,1658010
2004-10-05,12.564706,12.609804,11.456863,11.694118,11.694118,12321090
2004-10-06,11.525490,12.149020,11.484314,12.103922,12.103922,24463170
2004-10-07,12.011765,12.107843,11.931373,12.007843,12.007843,4681800
2004-10-08,12.041176,12.062745,11.715686,11.796078,11.796078,3602640
2004-10-11,11.803922,11.915686,11.758824,11.819608,11.819608,1438200
2004-10-12,11.764706,11.764706,11.445098,11.701961,11.701961,4282470
2004-10-13,11.745098,11.800000,11.515686,11.525490,11.525490,3140070
2004-10-14,11.529412,11.647059,11.396078,11.445098,11.445098,2848860
2004-10-15,11.450980,11.519608,11.296078,11.439216,11.439216,2886600
2004-10-18,11.421569,11.668627,11.388235,11.556863,11.556863,4788390
2004-10-19,11.550980,11.641176,11.276471,11.294118,11.294118,3274710
2004-10-20,11.309804,11.450980,11.009804,11.390196,11.390196,2339880
2004-10-21,11.403922,11.535294,11.333333,11.494118,11.494118,3094170
2004-10-22,11.486275,11.541176,11.345098,11.400000,11.400000,1582020
2004-10-25,11.339216,11.611765,11.305882,11.588235,11.588235,4129470
2004-10-26,11.764706,12.041176,11.627451,11.780392,11.780392,5282580
2004-10-27,11.782353,12.237255,11.760784,12.149020,12.149020,4071330
2004-10-28,12.194118,12.537255,12.149020,12.480392,12.480392,3877020
2004-10-29,12.476471,12.547059,12.331373,12.398039,12.398039,3347130
2004-11-01,12.405882,12.425490,12.292157,12.349020,12.349020,1921170
2004-11-02,12.400000,12.500000,12.154902,12.211765,12.211765,1799280
2004-11-03,12.460784,12.468627,12.319608,12.419608,12.419608,1747770
2004-11-04,12.476471,12.505882,12.200000,12.449020,12.449020,2129250
2004-11-05,12.476471,12.558824,12.362745,12.480392,12.480392,1912500
2004-11-08,12.513725,12.568627,12.337255,12.411765,12.411765,2120070
2004-11-09,12.427451,12.490196,12.333333,12.409804,12.409804,2334780
2004-11-10,12.441176,12.503922,12.301961,12.376471,12.376471,1983390
2004-11-11,12.433333,12.549020,12.384314,12.454902,12.454902,1978800
2004-11-12,12.427451,12.517647,12.352941,12.509804,12.509804,2059890
2004-11-15,12.447059,12.976471,12.378431,12.727451,12.727451,4918950
2004-11-16,12.745098,12.849020,12.486275,12.749020,12.749020,3156900
2004-11-17,12.866667,12.950980,12.615686,12.937255,12.937255,3117630
2004-11-18,12.933333,13.052941,12.796078,12.974510,12.974510,5102040
2004-11-19,13.037255,13.037255,12.743137,12.874510,12.874510,3466470
2004-11-22,12.862745,12.892157,12.633333,12.782353,12.782353,1489710
2004-11-23,12.858824,12.858824,12.550980,12.596078,12.596078,3693930
2004-11-24,12.637255,12.801961,12.594118,12.721569,12.721569,1037850
2004-11-26,12.754902,12.809804,12.696078,12.733333,12.733333,310590
2004-11-29,12.694118,12.856863,12.580392,12.813725,12.813725,3367020
2004-11-30,12.847059,12.917647,12.684314,12.780392,12.780392,1204110
2004-12-01,12.833333,13.060784,12.770588,13.060784,13.060784,2673930
2004-12-02,12.966667,13.254902,12.950980,13.143137,13.143137,2455140
2004-12-03,13.137255,13.237255,12.505882,12.849020,12.849020,6005760
2004-12-06,12.941176,13.262745,12.754902,13.190196,13.190196,3675570
2004-12-07,13.180392,13.325490,12.996078,12.996078,12.996078,2870280
2004-12-08,13.035294,13.360784,12.886275,13.264706,13.264706,3661290
2004-12-09,13.298039,13.605882,13.133333,13.570588,13.570588,3233400
2004-12-10,13.470588,13.535294,13.392157,13.511765,13.511765,2123640
2004-12-13,13.450980,13.633333,13.401961,13.615686,13.615686,2096100
2004-12-14,13.601961,13.782353,13.529412,13.782353,13.782353,3412920
2004-12-15,13.794118,13.798039,13.601961,13.762745,13.762745,2516340
2004-12-16,13.703922,13.772549,13.549020,13.635294,13.635294,2204730
2004-12-17,13.709804,13.807843,13.627451,13.664706,13.664706,7326660
2004-12-20,13.719608,13.754902,13.535294,13.537255,13.537255,2924850
2004-12-21,13.515686,13.647059,13.425490,13.470588,13.470588,1724820
2004-12-22,13.505882,13.505882,13.280392,13.321569,13.321569,1577430
2004-12-23,13.333333,13.333333,13.235294,13.262745,13.262745,1399950
2004-12-27,13.305882,13.388235,13.074510,13.305882,13.305882,1401990
2004-12-28,13.268627,13.447059,13.174510,13.392157,13.392157,1429530
2004-12-29,13.401961,13.572549,13.398039,13.568627,13.568627,1000110
2004-12-30,13.496078,13.682353,13.496078,13.650980,13.650980,1393320
2004-12-31,13.650980,13.684314,13.578431,13.654902,13.654902,1017960
2005-01-03,13.613725,13.652941,13.311765,13.345098,13.345098,1655460
2005-01-04,13.394118,13.501961,13.349020,13.392157,13.392157,2120580
2005-01-05,13.394118,13.552941,13.323529,13.378431,13.378431,2427090
2005-01-06,13.431373,13.478431,13.315686,13.425490,13.425490,1329060
2005-01-07,13.478431,13.572549,13.423529,13.488235,13.488235,1576920
2005-01-10,13.454902,13.564706,13.452941,13.500000,13.500000,1352010
2005-01-11,13.498039,13.678431,13.441176,13.494118,13.494118,1514190
2005-01-12,13.484314,13.662745,13.460784,13.468627,13.468627,2624460
2005-01-13,13.496078,13.598039,13.466667,13.490196,13.490196,1714620
2005-01-14,13.509804,13.723529,13.490196,13.660784,13.660784,1443810
2005-01-18,13.701961,13.843137,13.578431,13.796078,13.796078,1266840
2005-01-19,13.823529,13.823529,13.654902,13.727451,13.727451,1494300
2005-01-20,13.750980,13.782353,13.592157,13.705882,13.705882,580380
2005-01-21,13.676471,13.735294,13.421569,13.429412,13.429412,1521330
2005-01-24,13.490196,13.490196,13.194118,13.215686,13.215686,1680450
2005-01-25,13.327451,13.403922,13.194118,13.231373,13.231373,1209720
2005-01-26,13.290196,13.290196,13.060784,13.074510,13.074510,2175150
2005-01-27,13.049020,13.060784,12.905882,12.939216,12.939216,2922300
2005-01-28,12.982353,13.015686,12.823529,12.939216,12.939216,1987980
2005-01-31,13.056863,13.370588,13.031373,13.345098,13.345098,2656590
2005-02-01,13.411765,13.652941,13.403922,13.456863,13.456863,2768280
2005-02-02,13.574510,13.574510,13.437255,13.509804,13.509804,1629960
2005-02-03,13.519608,13.529412,13.400000,13.441176,13.441176,932790
2005-02-04,13.403922,13.674510,13.403922,13.652941,13.652941,2072640
2005-02-07,13.707843,13.811765,13.660784,13.725490,13.725490,1479510
2005-02-08,13.754902,13.823529,13.676471,13.703922,13.703922,2103240
2005-02-09,13.686275,13.758824,13.609804,13.621569,13.621569,1207680
2005-02-10,13.701961,13.745098,13.480392,13.582353,13.582353,2031330
2005-02-11,13.621569,13.805882,13.558824,13.754902,13.754902,1685550
2005-02-14,13.676471,13.754902,13.560784,13.623529,13.623529,1451460
2005-02-15,13.615686,13.745098,13.586275,13.725490,13.725490,1081710
2005-02-16,13.696078,14.237255,13.696078,14.170588,14.170588,2982990
2005-02-17,14.198039,14.235294,13.974510,14.074510,14.074510,1867620
2005-02-18,14.050980,14.443137,14.027451,14.347059,14.347059,4035120
2005-02-22,14.319608,14.507843,14.096078,14.100000,14.100000,2713200
2005-02-23,14.188235,14.305882,14.127451,14.221569,14.221569,1481040
2005-02-24,14.266667,14.501961,14.094118,14.501961,14.501961,2190450
2005-02-25,14.505882,14.550980,14.384314,14.480392,14.480392,2045100
2005-02-28,14.339216,14.358824,14.088235,14.184314,14.184314,3454230
2005-03-01,14.415686,14.890196,14.325490,14.788235,14.788235,3112020
2005-03-02,14.709804,15.882353,14.392157,15.576471,15.576471,11397735
2005-03-03,15.482353,15.690196,15.313725,15.423529,15.423529,2656335
2005-03-04,15.384314,15.678431,15.345098,15.678431,15.678431,3199995
2005-03-07,15.686275,15.686275,15.501961,15.682353,15.682353,2348040
2005-03-08,15.721569,15.760784,15.556863,15.623529,15.623529,1790100
2005-03-09,15.552941,15.647059,15.423529,15.462745,15.462745,1329060
2005-03-10,14.972549,15.164706,14.666667,14.960784,14.960784,5165535
2005-03-11,14.941176,15.074510,14.827451,14.937255,14.937255,1451460
2005-03-14,14.929412,14.980392,14.823529,14.878431,14.878431,1527960
2005-03-15,14.890196,15.011765,14.831373,14.898039,14.898039,1320135
2005-03-16,14.882353,14.901961,14.482353,14.513725,14.513725,1513935
2005-03-17,14.478431,14.533333,14.337255,14.427451,14.427451,2432700
2005-03-18,14.521569,14.521569,13.941176,14.015686,14.015686,3648540
2005-03-21,14.090196,14.121569,13.847059,14.070588,14.070588,1071765
2005-03-22,14.047059,14.105882,13.768627,13.874510,13.874510,1464210
2005-03-23,13.827451,14.160784,13.807843,14.000000,14.000000,1998690
2005-03-24,14.000000,14.301961,13.984314,14.117647,14.117647,1739865
2005-03-28,14.196078,14.321569,14.094118,14.262745,14.262745,1575900
2005-03-29,14.313725,14.368627,14.098039,14.129412,14.129412,1102365
2005-03-30,14.192157,14.309804,13.984314,14.227451,14.227451,1365270
2005-03-31,14.313725,14.313725,13.992157,14.054902,14.054902,1428255
2005-04-01,14.090196,14.207843,13.984314,14.015686,14.015686,1172745
2005-04-04,13.988235,14.309804,13.988235,14.258824,14.258824,945795
2005-04-05,14.196078,14.431373,14.196078,14.360784,14.360784,862155
2005-04-06,14.439216,14.705882,14.325490,14.529412,14.529412,1374960
2005-04-07,14.525490,14.694118,14.517647,14.690196,14.690196,1319880
2005-04-08,14.705882,14.835294,14.576471,14.686275,14.686275,1202070
2005-04-11,14.631373,14.874510,14.294118,14.298039,14.298039,1460385
2005-04-12,14.235294,14.509804,14.007843,14.411765,14.411765,1616955
2005-04-13,14.458824,14.545098,14.137255,14.227451,14.227451,683400
2005-04-14,14.313725,14.392157,14.215686,14.258824,14.258824,970785
2005-04-15,14.227451,14.549020,14.227451,14.317647,14.317647,1318350
2005-04-18,14.286275,14.576471,14.286275,14.572549,14.572549,1603440
2005-04-19,14.607843,14.701961,14.478431,14.694118,14.694118,1188300
2005-04-20,14.709804,14.768627,14.443137,14.450980,14.450980,709155
2005-04-21,14.509804,14.549020,14.396078,14.466667,14.466667,937635
2005-04-22,14.501961,14.635294,14.411765,14.513725,14.513725,1025610
2005-04-25,14.509804,14.733333,14.458824,14.733333,14.733333,806565
2005-04-26,14.698039,14.921569,14.698039,14.886275,14.886275,1198245
2005-04-27,14.784314,14.941176,14.674510,14.862745,14.862745,1588650
2005-04-28,14.886275,14.886275,14.545098,14.576471,14.576471,1326510
2005-04-29,14.549020,14.772549,14.509804,14.709804,14.709804,1026375
2005-05-02,14.745098,15.003922,14.705882,14.827451,14.827451,1260210
2005-05-03,14.772549,14.925490,14.368627,14.866667,14.866667,1342065
2005-05-04,14.784314,15.137255,14.737255,15.109804,15.109804,899385
2005-05-05,15.070588,15.235294,14.921569,14.980392,14.980392,1321920
2005-05-06,14.941176,15.231373,14.803922,15.180392,15.180392,694110
2005-05-09,15.243137,15.286275,14.984314,15.262745,15.262745,796365
2005-05-10,15.117647,15.392157,15.098039,15.317647,15.317647,1584825
2005-05-11,15.470588,16.023529,15.411765,15.905882,15.905882,3003390
2005-05-12,15.968627,16.105883,15.815686,15.992157,15.992157,2592330
2005-05-13,16.074511,16.074511,15.384314,15.666667,15.666667,3115845
2005-05-16,15.572549,15.901961,15.486275,15.894118,15.894118,1776075
2005-05-17,15.901961,16.141176,15.670588,16.141176,16.141176,1211760
2005-05-18,16.235294,16.470589,16.043137,16.462746,16.462746,1798005
2005-05-19,16.470589,16.623529,16.396078,16.592157,16.592157,1636335
2005-05-20,16.588236,16.607843,16.392157,16.513725,16.513725,1063605
2005-05-23,16.470589,16.592157,16.427450,16.513725,16.513725,1854360
2005-05-24,16.192158,16.454903,16.137255,16.180391,16.180391,1367565
2005-05-25,16.196077,16.235294,15.854902,15.992157,15.992157,2136900
2005-05-26,15.647059,15.827451,14.976471,15.784314,15.784314,5657430
2005-05-27,15.725490,15.811765,15.580392,15.686275,15.686275,1534080
2005-05-31,15.737255,15.886275,15.647059,15.862745,15.862745,1567995
2005-06-01,15.780392,16.031372,15.701961,15.792157,15.792157,1042950
2005-06-02,15.831373,16.058825,15.831373,16.000000,16.000000,803760
2005-06-03,16.058825,16.058825,15.819608,15.847059,15.847059,772395
2005-06-06,15.945098,15.980392,15.745098,15.843137,15.843137,853740
2005-06-07,15.803922,16.007843,15.682353,15.733333,15.733333,1205385
2005-06-08,15.894118,15.894118,15.596078,15.654902,15.654902,1261995
2005-06-09,15.682353,15.815686,15.517647,15.811765,15.811765,752505
2005-06-10,15.929412,15.937255,15.627451,15.733333,15.733333,1050345
2005-06-13,15.713725,15.925490,15.686275,15.866667,15.866667,649995
2005-06-14,15.909804,15.909804,15.776471,15.800000,15.800000,807585
2005-06-15,15.505882,15.764706,15.372549,15.423529,15.423529,3371865
2005-06-16,15.403922,15.525490,15.278431,15.309804,15.309804,1316310
2005-06-17,15.278431,15.388235,15.227451,15.356863,15.356863,1677135
2005-06-20,15.294118,15.556863,15.270588,15.498039,15.498039,905760
2005-06-21,15.423529,16.137255,15.423529,16.113726,16.113726,2402100
2005-06-22,16.113726,16.247059,16.050980,16.203922,16.203922,1540455
2005-06-23,16.274509,16.313725,16.176472,16.223530,16.223530,1262250
2005-06-24,16.231373,16.435293,16.219608,16.258823,16.258823,1225785
2005-06-27,16.286276,16.286276,16.066668,16.078430,16.078430,1129395
2005-06-28,16.121569,16.431374,15.992157,16.298038,16.298038,1244145
2005-06-29,16.309805,16.447060,16.196077,16.372549,16.372549,1041675
2005-06-30,16.427450,16.470589,16.254902,16.282352,16.282352,1177080
2005-07-01,16.313725,16.470589,15.992157,16.121569,16.121569,1748790
2005-07-05,16.149019,16.372549,16.129412,16.329412,16.329412,850170
2005-07-06,16.298038,16.345098,16.082354,16.211765,16.211765,851190
2005-07-07,16.000000,16.364706,15.964706,16.231373,16.231373,1334415
2005-07-08,16.294119,16.470589,16.027451,16.450979,16.450979,961605
2005-07-11,16.380392,16.470589,16.317648,16.364706,16.364706,453135
2005-07-12,16.349020,16.450979,16.309805,16.431374,16.431374,616080
2005-07-13,16.470589,16.470589,16.235294,16.345098,16.345098,665805
2005-07-14,16.235294,16.392157,16.235294,16.313725,16.313725,554625
2005-07-15,16.231373,16.450979,16.196077,16.388235,16.388235,919530
2005-07-18,16.407843,16.639215,16.349020,16.509804,16.509804,1482315
2005-07-19,16.549021,16.756863,16.474510,16.752941,16.752941,1370625
2005-07-20,16.760784,16.858824,16.556864,16.764706,16.764706,955995
2005-07-21,16.725491,16.878431,16.658825,16.745098,16.745098,839205
2005-07-22,16.784313,16.917646,16.509804,16.760784,16.760784,1067685
2005-07-25,16.862745,17.000000,16.709805,16.937256,16.937256,1099815
2005-07-26,17.058825,17.137255,16.607843,16.705881,16.705881,1916325
2005-07-27,16.537254,16.713724,16.431374,16.458824,16.458824,2301375
2005-07-28,16.450979,17.188234,16.415686,16.976471,16.976471,2097630
2005-07-29,17.058825,17.058825,16.811766,16.929413,16.929413,1544280
2005-08-01,16.952942,17.031372,16.666668,16.713724,16.713724,760410
2005-08-02,16.807842,16.807842,16.470589,16.603922,16.603922,874140
2005-08-03,16.647058,16.807842,16.490196,16.776470,16.776470,779535
2005-08-04,16.717648,16.862745,16.501961,16.694118,16.694118,770865
2005-08-05,16.709805,16.847059,16.368628,16.509804,16.509804,1263525
2005-08-08,16.509804,16.666668,16.454903,16.611765,16.611765,576300
2005-08-09,16.647058,16.752941,16.549021,16.639215,16.639215,668100
2005-08-10,16.725491,16.862745,16.596079,16.784313,16.784313,561765
2005-08-11,16.709805,16.866667,16.701962,16.858824,16.858824,548250
2005-08-12,16.862745,17.054901,16.686275,17.007843,17.007843,501330
2005-08-15,16.925489,17.066668,16.862745,16.917646,16.917646,559725
2005-08-16,16.901960,17.058825,16.882353,16.960785,16.960785,860625
2005-08-17,17.062744,17.078430,16.933332,17.043137,17.043137,455175
2005-08-18,17.027451,17.078430,16.717648,16.745098,16.745098,711450
2005-08-19,16.784313,16.784313,16.486275,16.501961,16.501961,1221450
2005-08-22,16.486275,16.556864,16.376471,16.482353,16.482353,841245
2005-08-23,16.505882,16.509804,16.203922,16.294119,16.294119,1048815
2005-08-24,16.274509,16.376471,16.078430,16.149019,16.149019,1494045
2005-08-25,16.137255,16.160784,15.745098,16.074511,16.074511,1289790
2005-08-26,16.070587,16.074511,15.796078,15.874510,15.874510,1170195
2005-08-29,15.803922,15.972549,15.709804,15.831373,15.831373,1056465
2005-08-30,15.760784,16.074511,15.725490,15.886275,15.886275,658665
2005-08-31,15.898039,16.396078,15.874510,16.349020,16.349020,2066775
2005-09-01,16.415686,16.517647,16.290195,16.400000,16.400000,1138830
2005-09-02,16.447060,16.549021,16.333332,16.368628,16.368628,636225
2005-09-06,16.305882,16.678431,16.305882,16.662745,16.662745,660195
2005-09-07,16.713724,17.043137,16.678431,16.937256,16.937256,2753745
2005-09-08,16.937256,17.109804,16.862745,16.992157,16.992157,1255110
2005-09-09,16.992157,17.305882,16.913725,17.227451,17.227451,1161015
2005-09-12,17.176472,17.215687,17.019608,17.043137,17.043137,1110270
2005-09-13,16.988235,17.164705,16.839216,17.047058,17.047058,887400
2005-09-14,17.019608,17.196077,16.847059,16.921570,16.921570,1148520
2005-09-15,16.894117,17.254902,16.874510,17.058825,17.058825,1936725
2005-09-16,17.047058,17.239216,17.027451,17.192158,17.192158,2316930
2005-09-19,17.101961,17.215687,16.811766,16.949020,16.949020,848385
2005-09-20,17.027451,17.047058,16.788235,16.878431,16.878431,839205
2005-09-21,16.792156,16.898039,16.623529,16.752941,16.752941,1389750
2005-09-22,16.678431,16.788235,16.607843,16.698038,16.698038,1323450
2005-09-23,16.674509,16.964706,16.674509,16.843138,16.843138,456960
2005-09-26,16.823528,17.054901,16.725491,16.792156,16.792156,644640
2005-09-27,16.807842,16.819609,16.592157,16.701962,16.701962,629850
2005-09-28,16.701962,16.733334,16.411764,16.588236,16.588236,898365
2005-09-29,16.603922,16.733334,16.490196,16.666668,16.666668,986850
2005-09-30,16.654902,16.768627,16.521568,16.713724,16.713724,544680
2005-10-03,16.713724,16.713724,16.521568,16.600000,16.600000,1095990
2005-10-04,16.501961,16.941175,16.501961,16.776470,16.776470,690540
2005-10-05,16.737255,16.749020,16.466667,16.474510,16.474510,918000
2005-10-06,16.470589,16.494118,16.207844,16.317648,16.317648,1760775
2005-10-07,16.356863,16.474510,16.337255,16.364706,16.364706,868530
2005-10-10,16.329412,16.396078,16.125490,16.258823,16.258823,1005465
2005-10-11,16.286276,16.356863,15.898039,15.909804,15.909804,1466760
2005-10-12,15.882353,15.992157,15.643137,15.890196,15.890196,1016685
2005-10-13,15.929412,15.988235,15.800000,15.968627,15.968627,584715
2005-10-14,16.007843,16.105883,15.666667,16.070587,16.070587,727005
2005-10-17,16.058825,16.078430,15.745098,15.835294,15.835294,793050
2005-10-18,15.862745,16.223530,15.525490,16.152941,16.152941,1629450
2005-10-19,16.090197,16.176472,15.850980,16.070587,16.070587,829260
2005-10-20,16.058825,16.058825,15.843137,15.988235,15.988235,846855
2005-10-21,16.019608,16.337255,16.019608,16.133333,16.133333,1022805
2005-10-24,16.141176,16.498039,16.105883,16.474510,16.474510,999345
2005-10-25,15.905882,16.137255,15.705882,15.956863,15.956863,3421590
2005-10-26,15.870588,15.874510,15.239216,15.258824,15.258824,2231505
2005-10-27,15.156863,15.290196,14.937255,14.960784,14.960784,1782960
2005-10-28,15.019608,15.345098,14.933333,15.105882,15.105882,1947435
2005-10-31,15.180392,15.588235,15.105882,15.545098,15.545098,2886345
2005-11-01,15.611765,15.843137,15.603922,15.745098,15.745098,2046375
2005-11-02,15.831373,16.200001,15.831373,16.090197,16.090197,1834725
2005-11-03,16.129412,16.223530,15.874510,16.047058,16.047058,1194420
2005-11-04,16.043137,16.086275,15.784314,15.862745,15.862745,1133730
2005-11-07,16.164705,16.176472,15.800000,16.003922,16.003922,761940
2005-11-08,16.050980,16.050980,15.737255,15.835294,15.835294,1379040
2005-11-09,15.890196,16.109804,15.772549,16.015686,16.015686,1014645
2005-11-10,16.043137,16.203922,15.898039,16.164705,16.164705,710175
2005-11-11,16.203922,16.274509,16.098040,16.262745,16.262745,781065
2005-11-14,16.262745,16.392157,16.125490,16.349020,16.349020,550035
2005-11-15,16.349020,16.643137,16.278431,16.631372,16.631372,1880880
2005-11-16,16.603922,16.729412,16.572550,16.639215,16.639215,2149650
2005-11-17,16.686275,17.023529,16.627451,16.976471,16.976471,1120725
2005-11-18,16.690195,17.050980,16.470589,16.658825,16.658825,2518380
2005-11-21,16.733334,16.968628,16.639215,16.960785,16.960785,1669485
2005-11-22,16.803923,16.866667,16.603922,16.772549,16.772549,1149285
2005-11-23,16.831373,17.023529,16.686275,17.011765,17.011765,536010
2005-11-25,17.050980,17.050980,16.815685,16.968628,16.968628,225165
2005-11-28,16.941175,17.039215,16.705881,16.705881,16.705881,732870
2005-11-29,16.721569,16.984314,16.694118,16.827452,16.827452,683655
2005-11-30,16.878431,16.917646,16.698038,16.729412,16.729412,1359405
2005-12-01,16.729412,17.015686,16.729412,16.960785,16.960785,1137555
2005-12-02,16.874510,17.050980,16.764706,17.011765,17.011765,574770
2005-12-05,16.929413,16.952942,16.607843,16.717648,16.717648,942990
2005-12-06,16.725491,16.886274,16.607843,16.815685,16.815685,579105
2005-12-07,16.796078,17.011765,16.788235,16.968628,16.968628,856800
2005-12-08,16.956863,17.196077,16.862745,17.027451,17.027451,788460
2005-12-09,16.992157,17.427450,16.992157,17.329412,17.329412,1577175
2005-12-12,17.352942,17.611765,17.258823,17.580393,17.580393,1210230
2005-12-13,17.588236,17.745098,17.490196,17.725491,17.725491,1002150
2005-12-14,17.647058,18.011765,17.647058,17.835295,17.835295,2138175
2005-12-15,17.788235,17.874510,17.392157,17.643137,17.643137,1213800
2005-12-16,17.572550,17.705881,17.400000,17.415686,17.415686,1606245
2005-12-19,17.450979,17.450979,17.156862,17.184315,17.184315,864450
2005-12-20,17.223530,17.309805,16.941175,17.027451,17.027451,1114605
2005-12-21,17.035294,17.137255,16.968628,17.109804,17.109804,2213910
2005-12-22,17.047058,17.231373,17.047058,17.211765,17.211765,1009800
2005-12-23,17.254902,17.254902,17.039215,17.090197,17.090197,1117665
2005-12-27,17.176472,17.243137,16.976471,17.015686,17.015686,581145
2005-12-28,17.000000,17.160784,16.960785,17.058825,17.058825,462315
2005-12-29,17.003922,17.258823,16.905882,17.125490,17.125490,755565
2005-12-30,17.043137,17.188234,17.039215,17.113726,17.113726,674730
2006-01-03,17.352942,17.396078,16.792156,17.129412,17.129412,2121090
2006-01-04,17.078430,17.286276,17.003922,17.156862,17.156862,1210740
2006-01-05,17.188234,17.388235,16.956863,17.254902,17.254902,1084260
2006-01-06,17.396078,17.823528,17.215687,17.450979,17.450979,1403520
2006-01-09,17.392157,17.831373,17.392157,17.721569,17.721569,1424940
2006-01-10,17.643137,17.937256,17.533333,17.658825,17.658825,1407090
2006-01-11,17.784313,17.909803,17.639215,17.839216,17.839216,1015410
2006-01-12,17.952942,17.952942,17.584314,17.600000,17.600000,692325
2006-01-13,17.521568,17.713724,17.470589,17.588236,17.588236,1060800
2006-01-17,17.509804,17.592157,17.454903,17.592157,17.592157,1048560
2006-01-18,17.600000,17.792156,17.509804,17.725491,17.725491,2007360
2006-01-19,17.823528,17.843138,17.639215,17.780392,17.780392,521220
2006-01-20,17.780392,17.847059,17.400000,17.592157,17.592157,950640
2006-01-23,17.552940,17.705881,17.447060,17.549021,17.549021,537285
2006-01-24,17.572550,17.713724,17.423529,17.654902,17.654902,684420
2006-01-25,17.729412,17.729412,17.192158,17.360785,17.360785,884340
2006-01-26,17.509804,17.733334,17.415686,17.729412,17.729412,506940
2006-01-27,17.725491,17.996078,17.682352,17.886274,17.886274,856290
2006-01-30,18.352942,18.431374,18.054901,18.121569,18.121569,907545
2006-01-31,18.219608,18.443136,17.901960,18.290195,18.290195,1058760
2006-02-01,18.349020,18.415686,18.219608,18.266666,18.266666,616080
2006-02-02,18.313725,18.529411,18.121569,18.301962,18.301962,794325
2006-02-03,18.298038,18.321569,17.968628,18.145098,18.145098,936105
2006-02-06,18.196077,18.250980,17.894117,18.215687,18.215687,874905
2006-02-07,18.196077,18.396078,17.921570,18.039215,18.039215,589560
2006-02-08,18.039215,18.298038,18.019608,18.274509,18.274509,664785
2006-02-09,18.298038,18.447060,18.235294,18.317648,18.317648,768570
2006-02-10,18.050980,18.254902,18.039215,18.113726,18.113726,896325
2006-02-13,18.160784,18.533333,18.098040,18.329412,18.329412,780300
2006-02-14,18.372549,18.721569,18.247059,18.607843,18.607843,813705
2006-02-15,18.709805,18.819609,18.623529,18.756863,18.756863,777495
2006-02-16,18.850981,19.211765,18.815685,19.117647,19.117647,1246950
2006-02-17,19.211765,19.294119,19.023529,19.047058,19.047058,1204365
2006-02-21,19.109804,19.207844,18.266666,18.325491,18.325491,1761795
2006-02-22,18.419607,18.564707,17.956863,18.325491,18.325491,2503590
2006-02-23,18.180391,18.439217,17.917646,18.321569,18.321569,1364760
2006-02-24,18.380392,18.396078,18.211765,18.388235,18.388235,1355325
2006-02-27,18.000000,18.392157,18.000000,18.360785,18.360785,1713090
2006-02-28,18.207844,18.309805,18.054901,18.294119,18.294119,870060
2006-03-01,18.290195,18.627451,18.235294,18.529411,18.529411,1101600
2006-03-02,18.509804,18.615686,18.407843,18.552940,18.552940,617610
2006-03-03,18.505882,18.615686,18.403921,18.423529,18.423529,481440
2006-03-06,18.407843,18.470589,18.066668,18.176472,18.176472,889695
2006-03-07,18.050980,18.121569,17.976471,18.027451,18.027451,684165
2006-03-08,17.952942,18.380392,17.807842,18.266666,18.266666,754545
2006-03-09,18.243137,18.243137,18.000000,18.007843,18.007843,378675
2006-03-10,18.050980,18.101961,17.937256,18.003922,18.003922,563805
2006-03-13,18.039215,18.274509,17.976471,18.176472,18.176472,982515
2006-03-14,18.101961,18.431374,17.980392,18.372549,18.372549,633420
2006-03-15,18.349020,18.392157,18.235294,18.317648,18.317648,1260720
2006-03-16,18.431374,18.556864,18.333332,18.552940,18.552940,802485
2006-03-17,18.517647,18.592157,18.427450,18.533333,18.533333,1080435
2006-03-20,18.572550,18.815685,18.435293,18.701962,18.701962,849915
2006-03-21,18.513725,18.843138,18.466667,18.513725,18.513725,968745
2006-03-22,18.403921,18.615686,18.403921,18.556864,18.556864,1018215
2006-03-23,19.211765,19.215687,18.686275,18.874510,18.874510,1320135
2006-03-24,18.831373,18.925489,18.352942,18.368628,18.368628,1192380
2006-03-27,18.435293,18.462746,18.282352,18.435293,18.435293,497250
2006-03-28,18.423529,18.576471,18.274509,18.411764,18.411764,469710
2006-03-29,18.384314,18.878431,18.384314,18.596079,18.596079,738225
2006-03-30,18.576471,18.760784,18.545097,18.752941,18.752941,493170
2006-03-31,18.745098,18.796078,18.603922,18.768627,18.768627,588795
2006-04-03,18.831373,18.839216,18.517647,18.580393,18.580393,899895
2006-04-04,18.517647,18.615686,18.274509,18.309805,18.309805,1010820
2006-04-05,18.235294,18.309805,18.129412,18.247059,18.247059,603840
2006-04-06,18.294119,18.403921,18.019608,18.137255,18.137255,968235
2006-04-07,18.196077,18.415686,18.101961,18.219608,18.219608,537285
2006-04-10,18.270588,18.396078,18.047058,18.121569,18.121569,776220
2006-04-11,18.231373,18.231373,17.870588,18.031372,18.031372,833850
2006-04-12,18.039215,18.364706,18.039215,18.235294,18.235294,719865
2006-04-13,18.266666,18.298038,18.133333,18.207844,18.207844,641835
2006-04-17,18.156862,18.223530,17.956863,17.980392,17.980392,552840
2006-04-18,17.972549,18.376471,17.972549,18.309805,18.309805,468435
2006-04-19,18.337255,18.431374,18.074511,18.117647,18.117647,792030
2006-04-20,18.090197,18.341175,18.078430,18.309805,18.309805,851955
2006-04-21,18.388235,18.439217,17.996078,18.129412,18.129412,1003170
2006-04-24,18.156862,18.470589,17.913725,18.380392,18.380392,732615
2006-04-25,18.294119,18.305882,17.921570,18.137255,18.137255,977925
2006-04-26,18.203922,18.470589,18.066668,18.333332,18.333332,1055445
2006-04-27,18.223530,18.627451,17.921570,18.482353,18.482353,1015665
2006-04-28,18.407843,18.482353,18.145098,18.282352,18.282352,1002915
2006-05-01,18.329412,18.400000,18.152941,18.192158,18.192158,831045
2006-05-02,18.231373,18.411764,18.141176,18.384314,18.384314,656880
2006-05-03,18.313725,18.368628,17.949020,18.043137,18.043137,795855
2006-05-04,18.101961,18.388235,18.054901,18.317648,18.317648,676770
2006-05-05,18.372549,18.541176,18.301962,18.498039,18.498039,1151580
2006-05-08,18.525490,18.764706,18.470589,18.733334,18.733334,840735
2006-05-09,18.705881,18.760784,18.549021,18.627451,18.627451,666825
2006-05-10,18.545097,18.647058,18.529411,18.568626,18.568626,606645
2006-05-11,18.529411,18.627451,18.470589,18.470589,18.470589,683655
2006-05-12,18.490196,18.564707,18.313725,18.356863,18.356863,521475
2006-05-15,18.313725,18.639215,18.196077,18.596079,18.596079,1320900
2006-05-16,18.627451,19.019608,18.568626,18.984314,18.984314,1507305
2006-05-17,18.980392,19.439217,18.901960,19.219608,19.219608,2654550
2006-05-18,18.909803,19.019608,18.388235,18.588236,18.588236,4136100
2006-05-19,18.627451,18.627451,18.141176,18.290195,18.290195,1880115
2006-05-22,18.141176,18.400000,18.129412,18.250980,18.250980,910350
2006-05-23,18.313725,18.643137,18.200001,18.388235,18.388235,1778625
2006-05-24,18.298038,18.631372,18.294119,18.603922,18.603922,1413210
2006-05-25,18.745098,18.760784,18.380392,18.439217,18.439217,1040400
2006-05-26,18.431374,18.596079,18.341175,18.505882,18.505882,563295
2006-05-30,18.427450,18.490196,18.050980,18.070587,18.070587,868530
2006-05-31,18.180391,18.305882,17.964706,18.074511,18.074511,1362975
2006-06-01,18.121569,18.431374,18.117647,18.423529,18.423529,817785
2006-06-02,18.392157,18.533333,18.305882,18.392157,18.392157,575790
2006-06-05,18.352942,18.474510,18.035294,18.043137,18.043137,732105
2006-06-06,18.113726,18.329412,17.847059,17.925489,17.925489,844815
2006-06-07,17.901960,18.345098,17.901960,18.133333,18.133333,1136535
2006-06-08,18.054901,18.141176,17.819609,17.917646,17.917646,977925
2006-06-09,18.000000,18.000000,17.788235,17.945099,17.945099,632910
2006-06-12,17.909803,18.121569,17.905882,18.066668,18.066668,1287750
2006-06-13,18.039215,18.231373,17.917646,17.933332,17.933332,1654185
2006-06-14,17.886274,17.964706,17.737255,17.937256,17.937256,582165
2006-06-15,17.929413,18.058825,17.807842,18.043137,18.043137,854505
2006-06-16,18.070587,18.078430,17.811766,17.972549,17.972549,825180
2006-06-19,17.949020,18.003922,17.749020,17.776470,17.776470,476595
2006-06-20,17.741177,17.819609,17.662745,17.749020,17.749020,572475
2006-06-21,17.694118,18.007843,17.666668,17.968628,17.968628,497760
2006-06-22,17.894117,17.956863,17.556864,17.705881,17.705881,978435
2006-06-23,17.639215,17.745098,17.400000,17.670588,17.670588,969510
2006-06-26,17.658825,17.772549,17.584314,17.694118,17.694118,1051365
2006-06-27,17.647058,17.968628,17.596079,17.905882,17.905882,1698300
2006-06-28,17.870588,18.078430,17.760784,17.984314,17.984314,1576920
2006-06-29,18.086275,18.231373,17.956863,18.215687,18.215687,987615
2006-06-30,18.254902,18.356863,18.145098,18.325491,18.325491,959055
2006-07-03,18.313725,18.545097,18.231373,18.517647,18.517647,331755
2006-07-05,18.549021,18.564707,18.105883,18.356863,18.356863,906780
2006-07-06,18.349020,18.725491,18.349020,18.619608,18.619608,916470
2006-07-07,18.588236,18.792156,18.529411,18.725491,18.725491,660195
2006-07-10,18.796078,18.988235,18.764706,18.870588,18.870588,606135
2006-07-11,18.831373,19.176472,18.796078,19.105883,19.105883,662745
2006-07-12,19.035294,19.105883,18.901960,19.043137,19.043137,722160
2006-07-13,18.972549,19.090197,18.772549,19.066668,19.066668,1072275
2006-07-14,18.964706,19.007843,18.725491,18.921570,18.921570,716805
2006-07-17,18.968628,18.968628,18.650980,18.768627,18.768627,993480
2006-07-18,18.737255,18.788235,18.360785,18.568626,18.568626,1063095
2006-07-19,18.627451,18.839216,18.537254,18.819609,18.819609,998325
2006-07-20,18.784313,18.960785,18.647058,18.686275,18.686275,1113075
2006-07-21,18.666668,18.772549,18.435293,18.709805,18.709805,457470
2006-07-24,18.784313,18.941175,18.694118,18.941175,18.941175,627555
2006-07-25,18.886274,19.125490,18.827452,19.035294,19.035294,518670
2006-07-26,18.956863,19.215687,18.811766,19.164705,19.164705,767040
2006-07-27,19.129412,19.211765,18.513725,18.600000,18.600000,1590945
2006-07-28,18.686275,19.074511,18.627451,19.000000,19.000000,757605
2006-07-31,19.015686,19.015686,18.509804,18.592157,18.592157,1297185
2006-08-01,18.556864,18.596079,18.188234,18.505882,18.505882,685950
2006-08-02,18.498039,18.709805,18.325491,18.396078,18.396078,1047540
2006-08-03,18.290195,18.639215,18.282352,18.529411,18.529411,831555
2006-08-04,18.639215,18.819609,18.509804,18.627451,18.627451,614805
2006-08-07,18.529411,18.670588,18.521568,18.603922,18.603922,359295
2006-08-08,18.580393,18.709805,18.392157,18.490196,18.490196,439365
2006-08-09,18.647058,18.647058,18.368628,18.396078,18.396078,668865
2006-08-10,18.341175,18.639215,18.274509,18.529411,18.529411,576810
2006-08-11,18.580393,18.611765,18.415686,18.474510,18.474510,584460
2006-08-14,18.505882,18.666668,18.431374,18.627451,18.627451,760155
2006-08-15,18.807842,18.894117,18.717648,18.756863,18.756863,818040
2006-08-16,18.768627,18.819609,18.568626,18.694118,18.694118,807840
2006-08-17,18.741177,18.972549,18.658825,18.874510,18.874510,788715
2006-08-18,18.839216,18.972549,18.721569,18.925489,18.925489,463335
2006-08-21,18.921570,18.941175,18.737255,18.803923,18.803923,566355
2006-08-22,18.898039,19.003922,18.776470,19.003922,19.003922,464100
2006-08-23,19.019608,19.054901,18.945099,18.976471,18.976471,1046010
2006-08-24,19.058825,19.149019,18.945099,19.105883,19.105883,768060
2006-08-25,19.172548,19.305882,19.031372,19.262745,19.262745,787695
2006-08-28,19.301962,19.564707,19.258823,19.490196,19.490196,823140
2006-08-29,19.509804,19.882353,19.427450,19.823528,19.823528,1207425
2006-08-30,19.615686,19.799999,19.525490,19.568626,19.568626,1376235
2006-08-31,19.654902,19.792156,19.529411,19.556864,19.556864,1322175
2006-09-01,19.627451,19.701962,19.568626,19.666668,19.666668,646680
2006-09-05,19.607843,19.658825,19.529411,19.576471,19.576471,560745
2006-09-06,19.529411,19.654902,19.490196,19.552940,19.552940,918255
2006-09-07,19.486275,19.654902,19.431374,19.529411,19.529411,574260
2006-09-08,19.529411,19.709805,19.529411,19.647058,19.647058,611490
2006-09-11,19.607843,19.886274,19.529411,19.666668,19.666668,1088085
2006-09-12,19.701962,20.486275,19.666668,20.423529,20.423529,1944885
2006-09-13,20.352942,20.529411,20.180391,20.345098,20.345098,1030200
2006-09-14,20.274509,20.333332,20.101961,20.184315,20.184315,768825
2006-09-15,20.262745,20.333332,20.133333,20.184315,20.184315,681105
2006-09-18,20.125490,20.215687,20.007843,20.039215,20.039215,957270
2006-09-19,20.011765,20.141176,19.956863,20.058825,20.058825,700740
2006-09-20,20.235294,20.250980,19.992157,20.129412,20.129412,811155
2006-09-21,20.258823,20.258823,19.964706,20.039215,20.039215,1174530
2006-09-22,19.972549,20.090197,19.882353,20.007843,20.007843,1399695
2006-09-25,19.960785,20.070587,19.866667,19.964706,19.964706,978690
2006-09-26,19.894117,20.164705,19.709805,19.862745,19.862745,1384140
2006-09-27,19.811766,19.835295,19.490196,19.596079,19.596079,1590945
2006-09-28,19.662745,19.717648,19.509804,19.674509,19.674509,1692180
2006-09-29,19.760784,19.843138,19.600000,19.662745,19.662745,873375
2006-10-02,19.647058,19.737255,19.400000,19.490196,19.490196,603585
2006-10-03,19.517647,19.584314,19.396078,19.470589,19.470589,452115
2006-10-04,19.533333,19.694118,19.313725,19.674509,19.674509,1169430
2006-10-05,19.611765,20.188234,19.549021,20.078430,20.078430,2076975
2006-10-06,20.003922,20.129412,19.862745,19.949020,19.949020,823650
2006-10-09,19.894117,19.964706,19.764706,19.815685,19.815685,417435
2006-10-10,19.874510,19.996078,19.737255,19.949020,19.949020,552075
2006-10-11,19.890196,20.156862,19.870588,20.019608,20.019608,690540
2006-10-12,20.082354,20.086275,19.847059,19.949020,19.949020,670395
2006-10-13,19.921570,19.996078,19.839216,19.839216,19.839216,549270
2006-10-16,19.894117,19.941175,19.811766,19.862745,19.862745,427890
2006-10-17,19.803923,20.062744,19.686275,20.015686,20.015686,766020
2006-10-18,20.000000,20.200001,19.909803,20.062744,20.062744,957270
2006-10-19,20.117647,20.168627,19.917646,20.000000,20.000000,372555
2006-10-20,19.952942,20.215687,19.894117,20.145098,20.145098,595170
2006-10-23,20.043137,20.368628,20.039215,20.262745,20.262745,669375
2006-10-24,20.211765,20.321569,20.043137,20.082354,20.082354,710940
2006-10-25,20.031372,20.105883,19.705881,19.725491,19.725491,800190
2006-10-26,19.843138,20.164705,19.705881,20.137255,20.137255,699975
2006-10-27,20.133333,20.133333,19.898039,20.011765,20.011765,400350
2006-10-30,19.960785,20.070587,19.835295,20.007843,20.007843,583950
2006-10-31,20.113726,20.113726,19.360785,19.486275,19.486275,1326000
2006-11-01,19.501961,19.733334,19.196077,19.223530,19.223530,1158465
2006-11-02,18.996078,19.905882,18.627451,19.572550,19.572550,3480240
2006-11-03,19.560783,19.933332,19.560783,19.807842,19.807842,1431060
2006-11-06,19.890196,20.176472,19.815685,20.101961,20.101961,983280
2006-11-07,20.192158,20.360785,20.054901,20.160784,20.160784,1316565
2006-11-08,20.098040,20.149019,19.705881,19.803923,19.803923,984810
2006-11-09,19.807842,19.815685,19.537254,19.623529,19.623529,714765
2006-11-10,19.607843,19.647058,19.486275,19.635294,19.635294,437580
2006-11-13,19.568626,19.619608,19.368628,19.458824,19.458824,981495
2006-11-14,19.447060,19.631372,19.435293,19.596079,19.596079,743580
2006-11-15,19.509804,19.945099,19.509804,19.882353,19.882353,1417035
2006-11-16,19.925489,20.015686,19.811766,20.003922,20.003922,643110
2006-11-17,19.992157,20.137255,19.941175,20.129412,20.129412,1104915
2006-11-20,20.129412,20.254902,20.047058,20.160784,20.160784,640305
2006-11-21,20.058825,20.188234,19.839216,19.894117,19.894117,952425
2006-11-22,19.960785,20.149019,19.960785,20.125490,20.125490,644130
2006-11-24,20.094118,20.192158,19.937256,20.184315,20.184315,349350
2006-11-27,20.133333,20.164705,19.843138,19.941175,19.941175,894540
2006-11-28,19.968628,20.031372,19.756863,19.768627,19.768627,669375
2006-11-29,19.850981,19.988235,19.843138,19.980392,19.980392,789990
2006-11-30,20.015686,20.235294,19.890196,20.207844,20.207844,1320390
2006-12-01,20.196077,20.549021,20.101961,20.498039,20.498039,1837785
2006-12-04,20.509804,21.207844,20.509804,21.094118,21.094118,2415870
2006-12-05,20.047058,20.384314,19.607843,19.780392,19.780392,6746790
2006-12-06,19.611765,19.850981,19.607843,19.756863,19.756863,1505265
2006-12-07,19.749020,19.984314,19.733334,19.913725,19.913725,1145205
2006-12-08,19.905882,20.019608,19.462746,19.890196,19.890196,1117920
2006-12-11,19.639215,19.854902,19.639215,19.776470,19.776470,1382865
2006-12-12,19.752941,19.921570,19.627451,19.745098,19.745098,1348440
2006-12-13,19.807842,19.815685,19.537254,19.635294,19.635294,1226040
2006-12-14,19.592157,19.890196,19.521568,19.705881,19.705881,941970
2006-12-15,19.717648,19.784313,19.552940,19.647058,19.647058,1781430
2006-12-18,19.654902,19.725491,19.439217,19.541176,19.541176,949875
2006-12-19,19.545097,19.568626,19.372549,19.411764,19.411764,1310700
2006-12-20,19.388235,19.435293,19.254902,19.274509,19.274509,1102875
2006-12-21,19.349020,19.439217,19.254902,19.301962,19.301962,1191615
2006-12-22,19.266666,19.364706,19.141176,19.239216,19.239216,947325
2006-12-26,19.223530,19.435293,19.137255,19.317648,19.317648,647190
2006-12-27,19.274509,19.556864,19.274509,19.380392,19.380392,577320
2006-12-28,19.309805,19.529411,19.215687,19.435293,19.435293,843540
2006-12-29,19.388235,19.470589,19.086275,19.207844,19.207844,741030
2007-01-03,19.219608,19.411764,18.980392,19.172548,19.172548,1942845
2007-01-04,19.117647,19.215687,18.972549,19.176472,19.176472,1418310
2007-01-05,19.098040,19.152941,18.839216,18.984314,18.984314,915705
2007-01-08,18.937256,18.980392,18.784313,18.890196,18.890196,1293105
2007-01-09,18.729412,18.772549,18.200001,18.274509,18.274509,6418860
2007-01-10,18.258823,18.392157,18.235294,18.313725,18.313725,2510475
2007-01-11,18.313725,18.352942,18.215687,18.274509,18.274509,1661835
2007-01-12,18.247059,18.313725,17.968628,18.145098,18.145098,2530365
2007-01-16,18.117647,18.301962,18.098040,18.192158,18.192158,2001240
2007-01-17,18.164705,18.584314,18.125490,18.498039,18.498039,1865070
2007-01-18,18.407843,18.537254,18.317648,18.490196,18.490196,1412700
2007-01-19,18.454903,18.819609,18.450979,18.807842,18.807842,1918365
2007-01-22,18.768627,18.941175,18.725491,18.901960,18.901960,2086410
2007-01-23,18.898039,19.235294,18.823528,19.043137,19.043137,1928820
2007-01-24,18.980392,19.278431,18.980392,19.200001,19.200001,1430295
2007-01-25,19.196077,19.407843,19.086275,19.407843,19.407843,3701070
2007-01-26,19.400000,19.541176,19.317648,19.541176,19.541176,1674075
2007-01-29,19.568626,19.803923,19.529411,19.670588,19.670588,1425960
2007-01-30,19.678431,19.909803,19.674509,19.878431,19.878431,1667445
2007-01-31,19.807842,19.976471,19.756863,19.909803,19.909803,1027905
2007-02-01,20.007843,20.125490,19.929413,20.062744,20.062744,1370880
2007-02-02,20.066668,20.223530,20.050980,20.101961,20.101961,1131690
2007-02-05,20.054901,20.247059,19.976471,20.152941,20.152941,1088085
2007-02-06,20.235294,20.282352,20.133333,20.227451,20.227451,1210995
2007-02-07,20.219608,20.423529,20.156862,20.403921,20.403921,653055
2007-02-08,20.376471,20.568626,20.376471,20.490196,20.490196,906015
2007-02-09,20.443136,20.501961,20.392157,20.407843,20.407843,801210
2007-02-12,20.392157,20.552940,20.223530,20.274509,20.274509,1705695
2007-02-13,20.282352,20.411764,20.247059,20.376471,20.376471,795090
2007-02-14,20.356863,20.560783,20.345098,20.486275,20.486275,1160505
2007-02-15,20.533333,20.623529,20.513725,20.552940,20.552940,773160
2007-02-16,20.529411,20.588236,20.447060,20.552940,20.552940,652035
2007-02-20,20.560783,20.666668,20.380392,20.592157,20.592157,1705695
2007-02-21,20.498039,21.309805,20.376471,21.207844,21.207844,2410515
2007-02-22,21.192158,21.203922,20.827452,20.972549,20.972549,1556010
2007-02-23,20.941175,21.164705,20.941175,21.121569,21.121569,906525
2007-02-26,21.086275,21.172548,20.964706,21.043137,21.043137,818550
2007-02-27,20.917646,21.003922,20.533333,20.631372,20.631372,1287240
2007-02-28,20.682352,20.698038,20.352942,20.458824,20.458824,1757970
2007-03-01,20.278431,20.447060,20.125490,20.290195,20.290195,1689375
2007-03-02,20.266666,20.388235,20.129412,20.156862,20.156862,1075080
2007-03-05,20.058825,20.360785,19.933332,20.090197,20.090197,1372155
2007-03-06,20.160784,20.239216,19.937256,20.164705,20.164705,955740
2007-03-07,20.188234,20.352942,20.082354,20.231373,20.231373,755565
2007-03-08,20.341175,20.392157,20.227451,20.305882,20.305882,708135
2007-03-09,20.392157,20.392157,20.200001,20.309805,20.309805,600525
2007-03-12,20.337255,20.388235,20.215687,20.341175,20.341175,674475
2007-03-13,20.262745,20.274509,19.964706,19.988235,19.988235,779790
2007-03-14,19.952942,20.149019,19.921570,20.113726,20.113726,1123785
2007-03-15,20.133333,20.380392,20.117647,20.345098,20.345098,794325
2007-03-16,20.396078,20.450979,20.258823,20.439217,20.439217,1385670
2007-03-19,20.450979,20.592157,20.415686,20.545097,20.545097,1127610
2007-03-20,20.552940,20.831373,20.466667,20.819609,20.819609,766275
2007-03-21,20.831373,20.890196,20.596079,20.854902,20.854902,1084260
2007-03-22,20.890196,21.105883,20.780392,21.074511,21.074511,1034025
2007-03-23,21.133333,21.282352,21.066668,21.215687,21.215687,1235220
2007-03-26,21.262745,21.298038,21.094118,21.247059,21.247059,614295
2007-03-27,21.231373,21.309805,20.996078,21.254902,21.254902,882555
2007-03-28,21.258823,21.498039,21.141176,21.419607,21.419607,1179375
2007-03-29,21.380392,21.552940,21.380392,21.494118,21.494118,858075
2007-03-30,21.560783,21.698038,21.501961,21.639215,21.639215,840480
2007-04-02,21.686275,21.749020,21.607843,21.745098,21.745098,735930
2007-04-03,21.741177,21.827452,21.674509,21.717648,21.717648,967215
2007-04-04,21.756863,21.760784,21.521568,21.627451,21.627451,1044990
2007-04-05,21.313725,21.678431,21.294119,21.549021,21.549021,1057995
2007-04-09,21.545097,21.635294,21.372549,21.611765,21.611765,647190
2007-04-10,21.654902,21.741177,21.607843,21.643137,21.643137,409785
2007-04-11,21.619608,21.627451,21.341175,21.470589,21.470589,799425
2007-04-12,21.427450,21.607843,21.368628,21.603922,21.603922,671925
2007-04-13,21.650980,21.725491,21.537254,21.705881,21.705881,524535
2007-04-16,21.705881,21.960785,21.701962,21.921570,21.921570,482970
2007-04-17,21.521568,21.729412,20.784313,21.098040,21.098040,3605190
2007-04-18,21.050980,21.086275,20.721569,20.862745,20.862745,1514190
2007-04-19,21.101961,21.250980,20.984314,21.141176,21.141176,1234200
2007-04-20,21.180391,21.215687,20.439217,20.678431,20.678431,2734620
2007-04-23,20.615686,20.925489,20.615686,20.925489,20.925489,1235475
2007-04-24,20.913725,21.086275,20.811766,20.901960,20.901960,1086555
2007-04-25,20.925489,21.129412,20.737255,21.062744,21.062744,702015
2007-04-26,21.015686,21.058825,20.701962,20.784313,20.784313,958800
2007-04-27,20.698038,20.784313,20.568626,20.623529,20.623529,735165
2007-04-30,20.674509,20.674509,20.431374,20.443136,20.443136,1137045
2007-05-01,20.435293,20.662745,20.396078,20.600000,20.600000,1369860
2007-05-02,20.654902,20.972549,20.541176,20.874510,20.874510,1770210
2007-05-03,20.827452,20.890196,20.772549,20.803923,20.803923,1067685
2007-05-04,20.792156,21.329412,20.678431,21.309805,21.309805,1576410
2007-05-07,21.231373,21.372549,20.996078,21.341175,21.341175,996540
2007-05-08,21.274509,21.345098,20.745098,20.886274,20.886274,1782195
2007-05-09,20.823528,21.066668,20.823528,20.996078,20.996078,1234710
2007-05-10,20.945099,20.945099,20.592157,20.654902,20.654902,1538670
2007-05-11,20.756863,20.874510,20.654902,20.721569,20.721569,721905
2007-05-14,20.686275,20.933332,20.556864,20.596079,20.596079,614805
2007-05-15,20.556864,20.807842,20.509804,20.529411,20.529411,691560
2007-05-16,20.552940,20.631372,20.490196,20.603922,20.603922,721140
2007-05-17,20.529411,20.556864,20.368628,20.392157,20.392157,703545
2007-05-18,20.462746,20.576471,20.368628,20.549021,20.549021,736440
2007-05-21,20.525490,20.686275,20.466667,20.607843,20.607843,710175
2007-05-22,20.564707,20.866667,20.466667,20.819609,20.819609,854505
2007-05-23,20.858824,20.972549,20.768627,20.788235,20.788235,596955
2007-05-24,20.752941,20.811766,20.501961,20.513725,20.513725,1519545
2007-05-25,20.501961,20.619608,20.360785,20.541176,20.541176,765255
2007-05-29,20.549021,20.725491,20.450979,20.529411,20.529411,2556375
2007-05-30,20.458824,20.745098,20.419607,20.733334,20.733334,1180395
2007-05-31,20.717648,20.992157,20.698038,20.992157,20.992157,1246185
2007-06-01,21.039215,21.266666,21.015686,21.180391,21.180391,993990
2007-06-04,21.168627,21.168627,20.905882,21.043137,21.043137,813705
2007-06-05,20.972549,21.043137,20.862745,20.937256,20.937256,564570
2007-06-06,20.811766,20.890196,20.729412,20.799999,20.799999,770610
2007-06-07,20.807842,20.992157,20.721569,20.721569,20.721569,1612875
2007-06-08,20.694118,20.768627,20.494118,20.760784,20.760784,1420350
2007-06-11,20.701962,20.745098,20.403921,20.596079,20.596079,1419075
2007-06-12,20.521568,20.733334,20.392157,20.568626,20.568626,1618740
2007-06-13,20.572550,20.639215,20.454903,20.635294,20.635294,1307385
2007-06-14,20.627451,20.901960,20.592157,20.815685,20.815685,751995
2007-06-15,20.992157,21.176472,20.976471,21.074511,21.074511,1314015
2007-06-18,21.078430,21.156862,21.003922,21.011765,21.011765,814470
2007-06-19,20.968628,21.062744,20.807842,21.043137,21.043137,665805
2007-06-20,21.074511,21.266666,21.019608,21.145098,21.145098,1108230
2007-06-21,21.078430,21.180391,20.858824,21.035294,21.035294,827220
2007-06-22,20.960785,20.960785,20.580393,20.717648,20.717648,1950495
2007-06-25,20.768627,20.866667,20.607843,20.709805,20.709805,938400
2007-06-26,20.745098,20.913725,20.713724,20.890196,20.890196,895305
2007-06-27,20.799999,21.145098,20.674509,21.133333,21.133333,748935
2007-06-28,21.137255,21.149019,20.968628,21.039215,21.039215,729555
2007-06-29,21.141176,21.141176,20.815685,20.952942,20.952942,845835
2007-07-02,20.909803,21.380392,20.909803,21.337255,21.337255,997815
2007-07-03,21.435293,21.533333,21.388235,21.486275,21.486275,592110
2007-07-05,21.549021,21.549021,21.309805,21.400000,21.400000,493680
2007-07-06,21.431374,21.560783,21.301962,21.537254,21.537254,492660
2007-07-09,21.556864,21.729412,21.325491,21.709805,21.709805,1132200
2007-07-10,21.737255,21.737255,21.447060,21.470589,21.470589,1159230
2007-07-11,21.513725,21.572550,21.423529,21.505882,21.505882,1205895
2007-07-12,21.690195,21.886274,21.600000,21.874510,21.874510,927690
2007-07-13,21.894117,22.050980,21.764706,22.031372,22.031372,817020
2007-07-16,21.956863,21.968628,21.772549,21.796078,21.796078,525810
2007-07-17,21.788235,21.960785,21.788235,21.870588,21.870588,531930
2007-07-18,21.874510,21.960785,21.635294,21.850981,21.850981,584970
2007-07-19,21.960785,21.960785,21.682352,21.803923,21.803923,986850
2007-07-20,21.799999,21.803923,21.521568,21.607843,21.607843,1538415
2007-07-23,21.592157,21.811766,21.568626,21.737255,21.737255,834870
2007-07-24,21.600000,21.976471,21.423529,21.768627,21.768627,1372410
2007-07-25,21.866667,21.996078,21.764706,21.925489,21.925489,799935
2007-07-26,21.768627,22.039215,21.431374,21.513725,21.513725,977670
2007-07-27,21.533333,21.639215,21.176472,21.243137,21.243137,566355
2007-07-30,21.223530,21.878431,21.019608,21.698038,21.698038,1133220
2007-07-31,21.792156,21.898039,21.309805,21.309805,21.309805,1259700
2007-08-01,21.325491,21.627451,21.200001,21.603922,21.603922,1499145
2007-08-02,21.666668,21.909803,21.474510,21.827452,21.827452,989655
2007-08-03,21.882353,21.960785,21.501961,21.501961,21.501961,773160
2007-08-06,21.768627,22.294119,21.470589,22.235294,22.235294,1481550
2007-08-07,22.278431,24.003922,21.909803,23.764706,23.764706,3721215
2007-08-08,23.631372,24.250980,23.372549,23.847059,23.847059,4076685
2007-08-09,23.600000,24.305882,23.376471,23.780392,23.780392,2673930
2007-08-10,23.184315,23.317648,22.603922,22.682352,22.682352,2627010
2007-08-13,22.811766,23.125490,22.615686,22.705881,22.705881,2205750
2007-08-14,22.745098,22.913725,22.294119,22.329412,22.329412,1118685
2007-08-15,22.286276,22.317648,21.670588,21.882353,21.882353,2737935
2007-08-16,21.647058,22.027451,21.156862,21.941175,21.941175,2158320
2007-08-17,22.317648,22.419607,21.941175,22.270588,22.270588,1117920
2007-08-20,22.415686,22.788235,22.262745,22.549021,22.549021,1323705
2007-08-21,22.388235,22.937256,22.388235,22.717648,22.717648,1579470
2007-08-22,22.811766,23.043137,22.678431,22.764706,22.764706,996030
2007-08-23,22.878431,22.937256,22.447060,22.572550,22.572550,2387310
2007-08-24,22.572550,22.921570,22.466667,22.862745,22.862745,946560
2007-08-27,22.874510,22.901960,22.709805,22.792156,22.792156,674730
2007-08-28,22.682352,22.850981,22.462746,22.494118,22.494118,606645
2007-08-29,22.678431,22.854902,22.529411,22.717648,22.717648,675750
2007-08-30,22.572550,22.874510,22.572550,22.764706,22.764706,759900
2007-08-31,22.980392,23.003922,22.611765,22.819609,22.819609,624750
2007-09-04,22.760784,23.035294,22.741177,22.823528,22.823528,773925
2007-09-05,22.694118,22.835295,22.443136,22.501961,22.501961,1144950
2007-09-06,22.513725,22.666668,22.439217,22.658825,22.658825,1553970
2007-09-07,22.505882,22.741177,22.501961,22.549021,22.549021,1256130
2007-09-10,22.603922,22.650980,22.129412,22.313725,22.313725,1368330
2007-09-11,22.454903,22.611765,22.298038,22.498039,22.498039,1023315
2007-09-12,22.478432,23.117647,22.341175,22.807842,22.807842,1183455
2007-09-13,22.905882,23.309805,22.870588,23.160784,23.160784,1684785
2007-09-14,23.176472,23.431374,23.098040,23.333332,23.333332,833850
2007-09-17,23.313725,23.400000,23.243137,23.305882,23.305882,830025
2007-09-18,23.392157,23.658825,23.270588,23.435293,23.435293,1794945
2007-09-19,23.537254,23.611765,23.356863,23.360785,23.360785,820590
2007-09-20,23.270588,23.447060,23.227451,23.278431,23.278431,1006740
2007-09-21,23.478432,23.513725,23.278431,23.325491,23.325491,1240065
2007-09-24,23.294119,23.431374,23.129412,23.227451,23.227451,1372410
2007-09-25,23.168627,23.823528,23.168627,23.666668,23.666668,1358895
2007-09-26,23.627451,23.921570,23.415686,23.752941,23.752941,646170
2007-09-27,23.882353,23.937256,23.643137,23.937256,23.937256,857055
2007-09-28,23.905882,23.949020,23.666668,23.858824,23.858824,649485
2007-10-01,23.831373,24.858824,23.741177,24.435293,24.435293,9223605
2007-10-02,24.458824,24.721569,24.384314,24.607843,24.607843,2110125
2007-10-03,24.639215,24.705881,24.509804,24.643137,24.643137,1445850
2007-10-04,24.713724,24.756863,24.462746,24.513725,24.513725,1043970
2007-10-05,24.623529,24.764706,24.345098,24.764706,24.764706,1074570
2007-10-08,24.686275,24.745098,24.447060,24.745098,24.745098,806055
2007-10-09,24.678431,24.799999,24.600000,24.784313,24.784313,688500
2007-10-10,24.803923,24.882353,24.572550,24.835295,24.835295,702015
2007-10-11,24.882353,24.882353,24.411764,24.443136,24.443136,1108230
2007-10-12,24.658825,24.741177,24.423529,24.682352,24.682352,644130
2007-10-15,24.705881,24.705881,24.109804,24.266666,24.266666,997050
2007-10-16,24.301962,24.501961,24.215687,24.341175,24.341175,718590
2007-10-17,24.341175,24.600000,23.909803,24.156862,24.156862,1182435
2007-10-18,24.188234,24.635294,24.090197,24.533333,24.533333,748170
2007-10-19,24.600000,24.662745,24.129412,24.129412,24.129412,1528980
2007-10-22,24.137255,24.666668,24.137255,24.549021,24.549021,1352010
2007-10-23,24.513725,24.541176,24.047058,24.207844,24.207844,1468800
2007-10-24,24.200001,24.317648,23.921570,24.254902,24.254902,1435395
2007-10-25,24.356863,24.588236,22.443136,23.239216,23.239216,5892285
2007-10-26,23.152941,23.301962,22.505882,22.941175,22.941175,2385780
2007-10-29,23.027451,23.474510,22.772549,23.474510,23.474510,2124660
2007-10-30,23.341175,23.341175,22.792156,22.835295,22.835295,1425450
2007-10-31,22.819609,23.607843,22.725491,23.490196,23.490196,1826055
2007-11-01,24.011765,24.627451,23.623529,24.058825,24.058825,2275620
2007-11-02,24.337255,24.521568,23.901960,24.458824,24.458824,2015775
2007-11-05,24.109804,24.600000,24.101961,24.505882,24.505882,1397655
2007-11-06,24.509804,24.509804,24.105883,24.239216,24.239216,1768680
2007-11-07,24.121569,24.250980,23.498039,23.698038,23.698038,2192490
2007-11-08,23.615686,23.858824,23.309805,23.631372,23.631372,2478345
2007-11-09,23.282352,23.729412,23.168627,23.172548,23.172548,1818915
2007-11-12,23.145098,23.886274,23.145098,23.529411,23.529411,2145060
2007-11-13,23.596079,23.909803,22.956863,23.098040,23.098040,2285565
2007-11-14,23.141176,23.231373,22.650980,22.674509,22.674509,1596300
2007-11-15,22.686275,23.137255,22.584314,22.784313,22.784313,1526685
2007-11-16,22.941175,23.172548,22.647058,22.850981,22.850981,1082985
2007-11-19,22.819609,22.952942,22.611765,22.909803,22.909803,970275
2007-11-20,22.913725,23.113726,22.352942,22.780392,22.780392,1585080
2007-11-21,22.568626,22.627451,21.831373,22.094118,22.094118,4970970
2007-11-23,22.149019,22.333332,21.960785,22.160784,22.160784,1002915
2007-11-26,22.156862,22.215687,21.760784,21.870588,21.870588,1354815
2007-11-27,21.913725,22.717648,21.847059,22.670588,22.670588,1505010
2007-11-28,22.713724,23.000000,22.686275,22.921570,22.921570,1264800
2007-11-29,22.772549,22.949020,22.482353,22.843138,22.843138,1143165
2007-11-30,22.949020,23.223530,22.678431,23.196077,23.196077,1621290
2007-12-03,23.023529,23.043137,22.513725,22.521568,22.521568,1411680
2007-12-04,22.254902,22.811766,22.105883,22.788235,22.788235,1286730
2007-12-05,22.964706,23.266666,22.713724,23.176472,23.176472,1551675
2007-12-06,23.254902,23.686275,23.219608,23.686275,23.686275,862155
2007-12-07,23.619608,24.000000,23.552940,23.941175,23.941175,1185750
2007-12-10,24.035294,24.254902,23.749020,24.223530,24.223530,1104660
2007-12-11,24.231373,24.498039,23.858824,23.858824,23.858824,1566465
2007-12-12,24.125490,24.125490,23.658825,23.894117,23.894117,1250265
2007-12-13,24.011765,24.266666,23.741177,24.254902,24.254902,1235475
2007-12-14,24.062744,24.243137,23.901960,23.933332,23.933332,831555
2007-12-17,23.898039,23.905882,23.278431,23.278431,23.278431,1088085
2007-12-18,23.576471,23.870588,23.431374,23.811766,23.811766,1103895
2007-12-19,23.764706,23.847059,23.415686,23.592157,23.592157,1141125
2007-12-20,23.674509,23.843138,23.411764,23.831373,23.831373,1220685
2007-12-21,24.450979,24.784313,24.019608,24.266666,24.266666,2176425
2007-12-24,24.258823,24.541176,24.125490,24.478432,24.478432,263670
2007-12-26,24.313725,24.525490,24.105883,24.501961,24.501961,1426215
2007-12-27,24.576471,24.576471,24.270588,24.325491,24.325491,946560
2007-12-28,24.494118,24.494118,24.180391,24.333332,24.333332,797895
2007-12-31,24.274509,24.356863,24.078430,24.078430,24.078430,959565
2008-01-02,24.290195,24.458824,23.180391,23.243137,23.243137,2324580
2008-01-03,23.250980,23.450979,23.176472,23.356863,23.356863,1751340
2008-01-04,23.282352,23.341175,22.996078,23.105883,23.105883,1485630
2008-01-07,22.984314,23.364706,22.913725,23.113726,23.113726,1569270
2008-01-08,23.168627,23.878431,23.003922,23.615686,23.615686,3057450
2008-01-09,23.627451,23.972549,23.341175,23.933332,23.933332,2035155
2008-01-10,24.035294,24.235294,23.662745,24.129412,24.129412,1965285
2008-01-11,24.007843,24.203922,23.721569,23.898039,23.898039,2259810
2008-01-14,23.960785,24.078430,23.756863,24.058825,24.058825,1512405
2008-01-15,23.937256,24.286276,23.937256,24.168627,24.168627,1891080
2008-01-16,24.141176,24.949020,23.984314,24.580393,24.580393,5879025
2008-01-17,24.662745,24.941175,24.423529,24.564707,24.564707,3511605
2008-01-18,24.494118,24.788235,24.411764,24.666668,24.666668,3957345
2008-01-22,24.062744,24.258823,23.572550,23.839216,23.839216,3086265
2008-01-23,23.623529,23.917646,23.431374,23.843138,23.843138,3919860
2008-01-24,23.772549,23.890196,23.219608,23.486275,23.486275,2448000
2008-01-25,23.862745,23.866667,22.717648,22.941175,22.941175,3041895
2008-01-28,22.941175,23.137255,22.698038,22.847059,22.847059,3205350
2008-01-29,22.941175,23.015686,22.552940,22.850981,22.850981,3672000
2008-01-30,22.819609,22.819609,22.298038,22.333332,22.333332,2644350
2008-01-31,22.227451,22.847059,22.156862,22.796078,22.796078,2193510
2008-02-01,22.768627,23.050980,22.666668,22.737255,22.737255,1821975
2008-02-04,22.674509,23.121569,22.639215,22.741177,22.741177,1355580
2008-02-05,22.352942,23.066668,22.270588,22.301962,22.301962,1433865
2008-02-06,22.545097,22.545097,22.117647,22.156862,22.156862,1627920
2008-02-07,22.156862,22.588236,22.149019,22.521568,22.521568,3147210
2008-02-08,22.501961,22.772549,22.501961,22.705881,22.705881,1760520
2008-02-11,22.803923,23.133333,22.619608,23.003922,23.003922,2789955
2008-02-12,23.164705,23.443136,23.066668,23.160784,23.160784,2570910
2008-02-13,23.333332,23.509804,23.250980,23.407843,23.407843,1179375
2008-02-14,23.462746,23.741177,23.407843,23.607843,23.607843,2257515
2008-02-15,23.501961,23.600000,23.050980,23.313725,23.313725,1552695
2008-02-19,23.674509,23.858824,23.447060,23.525490,23.525490,1394340
2008-02-20,23.466667,24.070587,23.384314,24.043137,24.043137,1428000
2008-02-21,24.078430,24.149019,23.588236,23.658825,23.658825,1523625
2008-02-22,23.835295,23.882353,23.388235,23.678431,23.678431,1889805
2008-02-25,23.345098,23.827452,22.870588,23.788235,23.788235,4090710
2008-02-26,23.819609,24.341175,23.694118,24.219608,24.219608,2862885
2008-02-27,24.337255,24.337255,23.658825,23.819609,23.819609,3606975
2008-02-28,23.674509,24.015686,23.627451,23.949020,23.949020,2535975
2008-02-29,23.823528,23.823528,23.372549,23.458824,23.458824,7254750
2008-03-03,23.294119,23.678431,23.282352,23.486275,23.486275,3203820
2008-03-04,23.450979,23.552940,23.125490,23.486275,23.486275,3410880
2008-03-05,23.607843,23.619608,23.047058,23.105883,23.105883,2337330
2008-03-06,23.035294,23.298038,22.843138,22.850981,22.850981,1891080
2008-03-07,22.819609,22.917646,22.423529,22.509804,22.509804,1737825
2008-03-10,22.474510,22.498039,22.211765,22.313725,22.313725,1826055
2008-03-11,22.556864,22.588236,22.039215,22.349020,22.349020,2356200
2008-03-12,22.474510,22.635294,22.192158,22.227451,22.227451,1985175
2008-03-13,22.070587,22.580393,21.992157,22.560783,22.560783,1838805
2008-03-14,22.623529,22.635294,21.878431,22.039215,22.039215,2177190
2008-03-17,21.764706,22.203922,21.666668,21.870588,21.870588,1751595
2008-03-18,22.188234,22.388235,21.941175,22.384314,22.384314,1693200
2008-03-19,22.454903,22.725491,22.286276,22.294119,22.294119,1534080
2008-03-20,22.349020,22.619608,22.294119,22.521568,22.521568,2175915
2008-03-24,22.513725,22.654902,22.364706,22.400000,22.400000,1286985
2008-03-25,22.482353,22.721569,22.400000,22.549021,22.549021,1257405
2008-03-26,22.494118,22.545097,22.137255,22.384314,22.384314,1482570
2008-03-27,22.470589,22.694118,22.121569,22.411764,22.411764,1142910
2008-03-28,22.525490,22.701962,22.203922,22.231373,22.231373,1366545
2008-03-31,22.368628,22.521568,22.105883,22.509804,22.509804,1865325
2008-04-01,22.705881,23.278431,22.568626,23.203922,23.203922,1868640
2008-04-02,23.286276,23.305882,22.843138,22.933332,22.933332,1495065
2008-04-03,22.862745,22.968628,22.607843,22.666668,22.666668,2089725
2008-04-04,22.623529,22.827452,22.549021,22.701962,22.701962,3084225
2008-04-07,22.745098,22.886274,22.486275,22.705881,22.705881,1883940
2008-04-08,22.580393,22.709805,22.407843,22.596079,22.596079,966450
2008-04-09,22.666668,22.745098,22.325491,22.392157,22.392157,897345
2008-04-10,22.282352,22.282352,21.972549,22.250980,22.250980,2461260
2008-04-11,22.027451,22.329412,21.729412,21.749020,21.749020,1623075
2008-04-14,21.662745,22.047058,21.270588,21.329412,21.329412,2523480
2008-04-15,21.329412,21.443136,21.176472,21.341175,21.341175,1842630
2008-04-16,21.384314,21.905882,21.360785,21.870588,21.870588,2073405
2008-04-17,21.772549,21.913725,20.972549,21.294119,21.294119,5137995
2008-04-18,21.729412,21.937256,21.419607,21.474510,21.474510,2957235
2008-04-21,21.372549,21.556864,21.211765,21.396078,21.396078,1407345
2008-04-22,21.196077,21.301962,20.690195,21.082354,21.082354,1718700
2008-04-23,21.207844,21.403921,21.000000,21.360785,21.360785,1754400
2008-04-24,21.615686,21.619608,20.772549,21.058825,21.058825,2781795
2008-04-25,21.043137,21.462746,20.894117,21.392157,21.392157,1618740
2008-04-28,21.384314,21.870588,21.384314,21.772549,21.772549,1822740
2008-04-29,21.643137,21.760784,21.568626,21.701962,21.701962,1033260
2008-04-30,21.803923,22.019608,21.650980,21.713724,21.713724,1974720
2008-05-01,21.960785,22.403921,21.960785,22.333332,22.333332,2240430
2008-05-02,22.427450,22.549021,21.941175,22.078430,22.078430,1635570
2008-05-05,22.070587,22.454903,21.988235,22.411764,22.411764,2210340
2008-05-06,22.129412,22.549021,21.411764,21.937256,21.937256,4282725
2008-05-07,22.027451,22.086275,21.545097,21.592157,21.592157,1876545
2008-05-08,21.709805,21.776470,21.482353,21.647058,21.647058,1596300
2008-05-09,21.505882,21.650980,21.356863,21.635294,21.635294,1530765
2008-05-12,21.600000,21.600000,21.298038,21.513725,21.513725,1372155
2008-05-13,21.368628,21.549021,21.250980,21.505882,21.505882,2215950
2008-05-14,21.541176,21.964706,21.439217,21.776470,21.776470,1578705
2008-05-15,21.709805,22.133333,21.600000,22.043137,22.043137,2109360
2008-05-16,22.164705,22.164705,21.721569,21.992157,21.992157,1428510
2008-05-19,21.921570,22.003922,21.600000,21.623529,21.623529,2961315
2008-05-20,21.603922,21.949020,21.411764,21.552940,21.552940,1844160
2008-05-21,21.494118,21.847059,21.411764,21.450979,21.450979,1856655
2008-05-22,21.501961,21.921570,21.290195,21.850981,21.850981,2148375
2008-05-23,21.729412,21.729412,21.368628,21.458824,21.458824,1193400
2008-05-27,21.549021,21.764706,21.337255,21.764706,21.764706,1479510
2008-05-28,21.784313,21.799999,21.478432,21.654902,21.654902,1212525
2008-05-29,21.607843,21.976471,21.572550,21.894117,21.894117,915195
2008-05-30,21.792156,21.968628,21.552940,21.850981,21.850981,1321920
2008-06-02,21.796078,21.917646,21.180391,21.372549,21.372549,2545920
2008-06-03,21.513725,21.666668,21.231373,21.360785,21.360785,2170305
2008-06-04,21.329412,22.000000,21.329412,21.905882,21.905882,1622310
2008-06-05,21.803923,22.047058,21.603922,22.047058,22.047058,1647810
2008-06-06,21.890196,22.031372,21.525490,21.525490,21.525490,1729155
2008-06-09,21.501961,21.501961,20.960785,21.160784,21.160784,2218245
2008-06-10,21.149019,21.211765,20.898039,20.992157,20.992157,1784745
2008-06-11,20.929413,20.933332,20.733334,20.772549,20.772549,1346400
2008-06-12,20.925489,20.949020,20.521568,20.560783,20.560783,2856255
2008-06-13,20.772549,20.894117,20.658825,20.839216,20.839216,2103240
2008-06-16,20.670588,20.870588,20.494118,20.745098,20.745098,1941315
2008-06-17,20.705881,20.745098,20.423529,20.494118,20.494118,2843250
2008-06-18,20.478432,20.478432,20.098040,20.200001,20.200001,2476050
2008-06-19,20.109804,20.266666,19.901960,20.172548,20.172548,3261195
2008-06-20,20.000000,20.337255,20.000000,20.207844,20.207844,3389460
2008-06-23,20.219608,20.482353,20.101961,20.176472,20.176472,2094315
2008-06-24,20.039215,20.137255,19.898039,20.074511,20.074511,1989765
2008-06-25,20.203922,20.674509,20.031372,20.552940,20.552940,2046375
2008-06-26,20.411764,20.650980,20.352942,20.450979,20.450979,2612985
2008-06-27,20.505882,20.662745,20.145098,20.160784,20.160784,2380170
2008-06-30,20.105883,20.352942,20.098040,20.223530,20.223530,1285200
2008-07-01,20.145098,20.243137,19.737255,19.827452,19.827452,2360280
2008-07-02,19.760784,20.011765,19.627451,19.678431,19.678431,3114570
2008-07-03,19.827452,19.941175,19.639215,19.752941,19.752941,985320
2008-07-07,19.705881,19.925489,19.188234,19.392157,19.392157,3823470
2008-07-08,19.294119,20.227451,19.290195,20.219608,20.219608,2682090
2008-07-09,20.207844,20.494118,20.109804,20.152941,20.152941,2368695
2008-07-10,20.133333,20.482353,19.929413,20.137255,20.137255,1840080
2008-07-11,19.925489,20.392157,19.882353,20.274509,20.274509,1879095
2008-07-14,20.415686,20.447060,19.964706,20.023529,20.023529,2298570
2008-07-15,19.929413,20.439217,19.929413,20.196077,20.196077,2496450
2008-07-16,20.262745,20.392157,20.031372,20.345098,20.345098,2378385
2008-07-17,20.411764,21.372549,20.411764,21.172548,21.172548,3131910
2008-07-18,21.101961,21.764706,21.101961,21.274509,21.274509,2523735
2008-07-21,21.290195,21.305882,21.094118,21.156862,21.156862,1506285
2008-07-22,21.125490,21.462746,21.125490,21.435293,21.435293,1894395
2008-07-23,21.525490,21.556864,21.211765,21.396078,21.396078,1323960
2008-07-24,21.380392,21.407843,21.058825,21.211765,21.211765,1220685
2008-07-25,21.125490,21.270588,20.894117,20.937256,20.937256,1619760
2008-07-28,20.937256,20.988235,20.607843,20.670588,20.670588,1457580
2008-07-29,20.811766,21.200001,20.717648,20.996078,20.996078,1849770
2008-07-30,20.980392,21.215687,20.796078,20.921570,20.921570,2316165
2008-07-31,20.874510,21.121569,20.725491,21.003922,21.003922,1632255
2008-08-01,21.101961,21.180391,20.592157,20.694118,20.694118,1417545
2008-08-04,20.760784,21.133333,20.529411,20.968628,20.968628,1960695
2008-08-05,21.270588,23.062744,21.176472,23.011765,23.011765,5382285
2008-08-06,22.909803,23.235294,22.435293,23.058825,23.058825,3254565
2008-08-07,23.070587,23.356863,22.796078,22.858824,22.858824,2691015
2008-08-08,22.784313,23.462746,22.784313,23.454903,23.454903,3374670
2008-08-11,23.396078,23.670588,23.172548,23.513725,23.513725,1644495
2008-08-12,23.439217,23.654902,23.035294,23.282352,23.282352,1801575
2008-08-13,23.376471,23.564707,23.243137,23.435293,23.435293,1376490
2008-08-14,23.274509,23.600000,23.207844,23.454903,23.454903,1767150
2008-08-15,23.592157,23.631372,23.317648,23.545097,23.545097,1477470
2008-08-18,23.509804,23.694118,23.219608,23.301962,23.301962,1424430
2008-08-19,23.298038,23.525490,23.105883,23.172548,23.172548,1064880
2008-08-20,23.215687,23.325491,22.996078,23.196077,23.196077,1714875
2008-08-21,23.066668,23.125490,22.670588,22.988235,22.988235,1531020
2008-08-22,23.023529,23.250980,22.980392,23.219608,23.219608,985575
2008-08-25,23.196077,23.196077,22.564707,22.733334,22.733334,1020000
2008-08-26,22.784313,23.113726,22.741177,22.984314,22.984314,1085025
2008-08-27,22.972549,23.152941,22.898039,23.000000,23.000000,1029945
2008-08-28,23.192158,23.290195,23.082354,23.266666,23.266666,1051110
2008-08-29,23.282352,23.356863,22.831373,22.933332,22.933332,854505
2008-09-02,23.247059,23.470589,22.937256,23.105883,23.105883,2719065
2008-09-03,23.047058,23.227451,22.905882,23.000000,23.000000,1612110
2008-09-04,22.819609,22.984314,22.627451,22.627451,22.627451,2017050
2008-09-05,22.462746,22.917646,22.258823,22.466667,22.466667,1501695
2008-09-08,22.670588,22.831373,22.333332,22.639215,22.639215,1901280
2008-09-09,22.682352,22.878431,22.647058,22.749020,22.749020,2049945
2008-09-10,22.909803,23.133333,22.411764,22.850981,22.850981,2765475
2008-09-11,22.713724,23.298038,22.356863,23.270588,23.270588,2458200
2008-09-12,22.603922,23.235294,22.603922,23.027451,23.027451,1684275
2008-09-15,22.356863,23.137255,22.356863,22.658825,22.658825,2081055
2008-09-16,22.874510,23.168627,21.913725,22.313725,22.313725,3571020
2008-09-17,22.074511,22.388235,21.133333,21.149019,21.149019,3068160
2008-09-18,22.368628,22.368628,20.909803,21.670588,21.670588,3863505
2008-09-19,22.305882,23.019608,21.403921,21.517647,21.517647,3711780
2008-09-22,21.313725,21.560783,20.937256,20.988235,20.988235,1388730
2008-09-23,20.992157,21.321569,20.862745,20.972549,20.972549,1284180
2008-09-24,20.941175,21.160784,20.556864,20.799999,20.799999,1472370
2008-09-25,20.839216,21.345098,20.839216,21.215687,21.215687,1315035
2008-09-26,20.784313,21.627451,20.784313,21.494118,21.494118,1500165
2008-09-29,21.164705,21.725491,20.211765,20.247059,20.247059,1727115
2008-09-30,21.043137,21.113726,20.294119,21.113726,21.113726,2165460
2008-10-01,21.070587,21.690195,21.070587,21.388235,21.388235,2026740
2008-10-02,21.380392,21.827452,21.180391,21.407843,21.407843,2047905
2008-10-03,21.588236,21.768627,20.835295,20.917646,20.917646,1575135
2008-10-06,20.584314,21.223530,19.529411,20.313725,20.313725,2783325
2008-10-07,20.494118,20.737255,19.666668,19.666668,19.666668,2300100
2008-10-08,19.470589,20.007843,19.156862,19.239216,19.239216,3463920
2008-10-09,19.247059,19.505882,17.654902,17.749020,17.749020,3444540
2008-10-10,17.380392,18.211765,16.058825,17.282352,17.282352,4817970
2008-10-13,17.580393,18.745098,17.258823,18.737255,18.737255,2941680
2008-10-14,18.725491,19.145098,18.105883,18.368628,18.368628,2312340
2008-10-15,18.180391,19.121569,17.000000,17.000000,17.000000,1625115
2008-10-16,16.929413,18.333332,16.698038,18.290195,18.290195,3036540
2008-10-17,17.784313,18.988235,17.411764,18.278431,18.278431,2414085
2008-10-20,18.294119,18.780392,18.101961,18.772549,18.772549,1265820
2008-10-21,18.890196,19.211765,18.423529,18.470589,18.470589,2415870
2008-10-22,18.325491,18.447060,17.392157,17.721569,17.721569,1910205
2008-10-23,17.749020,18.580393,16.729412,17.419607,17.419607,2024700
2008-10-24,16.862745,18.203922,16.674509,17.243137,17.243137,2528835
2008-10-27,16.980392,17.486275,16.572550,16.631372,16.631372,2275110
2008-10-28,16.894117,17.584314,16.270588,17.282352,17.282352,3010530
2008-10-29,17.760784,18.682352,17.349020,18.062744,18.062744,3335910
2008-10-30,18.407843,18.949020,17.862745,18.215687,18.215687,2442900
2008-10-31,18.203922,18.631372,18.066668,18.356863,18.356863,2190705
2008-11-03,18.313725,18.662745,18.047058,18.360785,18.360785,1410405
2008-11-04,18.396078,18.623529,17.901960,18.137255,18.137255,2536995
2008-11-05,16.509804,17.141176,16.200001,16.325491,16.325491,5333835
2008-11-06,16.082354,16.701962,16.082354,16.392157,16.392157,2668320
2008-11-07,16.486275,17.062744,16.400000,17.062744,17.062744,3426435
2008-11-10,17.388235,17.647058,16.890196,17.007843,17.007843,2763945
2008-11-11,16.831373,17.211765,16.470589,16.878431,16.878431,2323305
2008-11-12,16.623529,16.956863,16.176472,16.203922,16.203922,3673530
2008-11-13,16.184315,17.000000,15.862745,16.976471,16.976471,3776295
2008-11-14,16.650980,17.168627,15.996078,16.015686,16.015686,2883540
2008-11-17,15.949020,16.054901,15.647059,15.737255,15.737255,3167355
2008-11-18,15.862745,15.980392,15.207843,15.662745,15.662745,2787405
2008-11-19,15.627451,15.972549,14.450980,14.462745,14.462745,3898440
2008-11-20,14.117647,14.117647,12.972549,12.980392,12.980392,5705370
2008-11-21,13.094118,13.643137,12.580392,13.435294,13.435294,4714185
2008-11-24,13.725490,14.152941,13.568627,13.980392,13.980392,4094535
2008-11-25,14.054902,14.360784,13.498039,13.796078,13.796078,2875635
2008-11-26,13.513725,14.117647,13.376471,14.113725,14.113725,2115735
2008-11-28,14.074510,14.172549,13.780392,14.011765,14.011765,1003680
2008-12-01,13.792157,13.964706,12.992157,13.058824,13.058824,1946415
2008-12-02,13.282353,13.725490,13.203922,13.705882,13.705882,4396200
2008-12-03,13.258824,14.000000,13.258824,13.741176,13.741176,3618960
2008-12-04,13.474510,13.529412,12.698039,13.023529,13.023529,3941790
2008-12-05,12.917647,13.450980,12.619608,13.439216,13.439216,2767515
2008-12-08,13.517647,13.819608,13.258824,13.431373,13.431373,2728755
2008-12-09,13.337255,13.556863,12.870588,12.968627,12.968627,3403995
2008-12-10,13.027451,13.137255,12.729412,13.066667,13.066667,3145170
2008-12-11,12.905882,13.411765,12.901961,13.023529,13.023529,2415105
2008-12-12,13.309804,13.341176,12.796078,13.313725,13.313725,2093805
2008-12-15,13.313725,13.462745,12.952941,13.376471,13.376471,2718045
2008-12-16,13.541176,13.803922,13.329412,13.788235,13.788235,3397365
2008-12-17,13.529412,13.658824,13.333333,13.458824,13.458824,2882520
2008-12-18,13.592157,13.874510,13.337255,13.807843,13.807843,2373540
2008-12-19,13.368627,14.098039,13.368627,13.650980,13.650980,3020220
2008-12-22,13.898039,14.043137,13.588235,13.843137,13.843137,2871300
2008-12-23,13.898039,14.200000,13.854902,13.925490,13.925490,2289390
2008-12-24,13.925490,14.023529,13.760784,13.933333,13.933333,467670
2008-12-26,13.952941,14.192157,13.741176,13.874510,13.874510,935085
2008-12-29,13.905882,13.925490,13.647059,13.756863,13.756863,1063605
2008-12-30,13.752941,14.215686,13.686275,14.200000,14.200000,1256385
2008-12-31,14.290196,14.509804,14.243137,14.388235,14.388235,1990020
2009-01-02,14.317647,14.949020,14.184314,14.898039,14.898039,1793160
2009-01-05,14.807843,15.031373,14.470588,14.901961,14.901961,2619615
2009-01-06,15.011765,15.180392,14.596078,14.788235,14.788235,3640890
2009-01-07,14.533333,14.709804,14.392157,14.501961,14.501961,2186370
2009-01-08,14.490196,14.639216,14.301961,14.494118,14.494118,2346765
2009-01-09,14.509804,14.533333,14.113725,14.411765,14.411765,2217480
2009-01-12,14.435294,14.486275,14.137255,14.262745,14.262745,2439840
2009-01-13,14.274510,14.623529,14.180392,14.545098,14.545098,1807185
2009-01-14,14.337255,14.458824,14.149020,14.223529,14.223529,4481625
2009-01-15,14.203922,14.450980,14.007843,14.396078,14.396078,3192090
2009-01-16,14.458824,14.478431,14.196078,14.329412,14.329412,2625225
2009-01-20,14.133333,14.517647,13.803922,13.815686,13.815686,2675205
2009-01-21,14.101961,14.521569,13.941176,14.482353,14.482353,2761140
2009-01-22,14.235294,14.549020,14.101961,14.419608,14.419608,1614405
2009-01-23,14.250980,14.423529,14.086275,14.278431,14.278431,1522605
2009-01-26,14.345098,14.898039,14.278431,14.698039,14.698039,2140980
2009-01-27,14.800000,15.011765,14.745098,14.780392,14.780392,1846710
2009-01-28,14.917647,15.494118,14.709804,15.364706,15.364706,2398020
2009-01-29,15.313725,15.482353,14.843137,15.000000,15.000000,1622310
2009-01-30,14.976471,15.156863,14.639216,14.678431,14.678431,1770975
2009-02-02,14.611765,14.886275,14.541176,14.850980,14.850980,1640670
2009-02-03,14.847059,15.035294,14.560784,14.992157,14.992157,2056320
2009-02-04,15.003922,15.239216,14.741176,14.839216,14.839216,1918110
2009-02-05,14.509804,15.000000,14.145098,14.901961,14.901961,3779100
2009-02-06,14.945098,15.431373,14.690196,15.376471,15.376471,2763945
2009-02-09,15.290196,15.447059,15.156863,15.423529,15.423529,1631235
2009-02-10,15.431373,15.431373,14.788235,14.796078,14.796078,2899605
2009-02-11,14.901961,15.098039,14.737255,14.819608,14.819608,2092785
2009-02-12,14.611765,14.992157,14.498039,14.976471,14.976471,2503590
2009-02-13,14.952941,15.117647,14.745098,14.870588,14.870588,1372410
2009-02-17,14.556863,14.666667,14.286275,14.501961,14.501961,2297040
2009-02-18,14.458824,14.666667,14.294118,14.454902,14.454902,2091765
2009-02-19,14.776471,15.109804,14.662745,14.996078,14.996078,4241415
2009-02-20,14.960784,14.960784,14.313725,14.411765,14.411765,3680160
2009-02-23,14.482353,14.533333,14.121569,14.129412,14.129412,2862885
2009-02-24,14.137255,15.192157,14.137255,15.125490,15.125490,5435070
2009-02-25,14.937255,15.117647,14.427451,14.592157,14.592157,3293580
2009-02-26,14.686275,14.686275,14.184314,14.227451,14.227451,3859680
2009-02-27,14.192157,14.741176,14.117647,14.384314,14.384314,4446180
2009-03-02,14.160784,14.325490,13.752941,13.752941,13.752941,3779355
2009-03-03,13.909804,14.074510,13.635294,13.729412,13.729412,4029255
2009-03-04,13.807843,14.078431,13.623529,13.886275,13.886275,3862740
2009-03-05,13.717647,13.882353,13.329412,13.427451,13.427451,2730285
2009-03-06,13.454902,13.556863,13.156863,13.427451,13.427451,2961315
2009-03-09,13.321569,13.627451,13.321569,13.501961,13.501961,2735640
2009-03-10,13.670588,13.933333,13.474510,13.933333,13.933333,3142875
2009-03-11,13.917647,14.129412,13.635294,13.827451,13.827451,3151545
2009-03-12,13.843137,14.623529,13.843137,14.596078,14.596078,3066120
2009-03-13,14.596078,14.780392,14.439216,14.741176,14.741176,2366400
2009-03-16,14.827451,14.917647,14.505882,14.505882,14.505882,2815200
2009-03-17,14.615686,15.211765,14.509804,14.917647,14.917647,2654805
2009-03-18,14.894118,15.352941,14.784314,15.015686,15.015686,2832030
2009-03-19,15.109804,15.117647,14.509804,14.654902,14.654902,2563770
2009-03-20,14.733333,14.945098,14.537255,14.615686,14.615686,2384250
2009-03-23,14.984314,15.360784,14.800000,15.356863,15.356863,2922045
2009-03-24,15.152941,15.305882,15.035294,15.058824,15.058824,2178465
2009-03-25,15.184314,15.803922,15.121569,15.501961,15.501961,4222800
2009-03-26,15.466667,15.882353,15.294118,15.870588,15.870588,4066995
2009-03-27,15.725490,15.921569,15.541176,15.690196,15.690196,1686570
2009-03-30,15.533333,15.662745,15.345098,15.490196,15.490196,1518780
2009-03-31,15.713725,15.913725,15.521569,15.682353,15.682353,1945140
2009-04-01,15.560784,15.643137,15.203922,15.627451,15.627451,2111655
2009-04-02,15.803922,16.372549,15.784314,16.133333,16.133333,2713200
2009-04-03,16.149019,16.168627,15.713725,15.858824,15.858824,2064735
2009-04-06,15.784314,15.952941,15.607843,15.796078,15.796078,1337475
2009-04-07,15.592157,15.701961,15.439216,15.494118,15.494118,2610435
2009-04-08,15.674510,15.768627,15.407843,15.509804,15.509804,2457945
2009-04-09,15.729412,16.007843,15.682353,15.886275,15.886275,1856400
2009-04-13,15.749020,16.074511,15.686275,16.023529,16.023529,1827840
2009-04-14,15.960784,16.086275,15.839216,15.945098,15.945098,1463955
2009-04-15,16.121569,16.207844,15.882353,16.129412,16.129412,1783980
2009-04-16,16.207844,16.501961,15.952941,16.450979,16.450979,2182290
2009-04-17,16.423529,16.498039,16.223530,16.337255,16.337255,2074425
2009-04-20,16.156862,16.466667,15.976471,16.031372,16.031372,1877310
2009-04-21,16.050980,16.294119,15.694118,15.745098,15.745098,2769810
2009-04-22,15.670588,16.027451,15.490196,15.788235,15.788235,3134715
2009-04-23,15.694118,15.784314,15.360784,15.486275,15.486275,2486505
2009-04-24,15.545098,15.725490,15.431373,15.627451,15.627451,1481805
2009-04-27,15.474510,16.231373,15.474510,16.074511,16.074511,2859570
2009-04-28,16.070587,16.376471,16.070587,16.160784,16.160784,1631490
2009-04-29,16.376471,16.450979,16.211765,16.270588,16.270588,2257005
2009-04-30,16.164705,16.435293,16.003922,16.094118,16.094118,2430915
2009-05-01,16.121569,16.368628,15.933333,16.345098,16.345098,3209175
2009-05-04,17.231373,17.945099,16.984314,17.905882,17.905882,6764640
2009-05-05,17.396078,17.635294,17.145098,17.423529,17.423529,3797970
2009-05-06,17.478432,17.552940,17.137255,17.317648,17.317648,2007870
2009-05-07,17.352942,17.698038,17.325491,17.576471,17.576471,2432955
2009-05-08,17.780392,18.427450,17.772549,18.274509,18.274509,3537360
2009-05-11,18.117647,18.403921,18.039215,18.129412,18.129412,2234055
2009-05-12,18.141176,18.270588,17.886274,18.062744,18.062744,2210340
2009-05-13,17.968628,18.133333,17.639215,17.647058,17.647058,3204075
2009-05-14,17.670588,17.866667,17.482353,17.572550,17.572550,2551530
2009-05-15,17.525490,17.545097,17.254902,17.345098,17.345098,1747260
2009-05-18,17.411764,17.639215,17.192158,17.568626,17.568626,1738080
2009-05-19,17.431374,17.827452,17.431374,17.717648,17.717648,1869915
2009-05-20,17.694118,17.988235,17.545097,17.560783,17.560783,2625735
2009-05-21,17.380392,17.478432,16.886274,17.058825,17.058825,3708720
2009-05-22,16.866667,17.282352,16.866667,17.078430,17.078430,2794545
2009-05-26,16.988235,17.784313,16.839216,17.784313,17.784313,2142255
2009-05-27,17.596079,17.733334,17.352942,17.470589,17.470589,2043570
2009-05-28,17.611765,17.745098,17.454903,17.572550,17.572550,1929330
2009-05-29,17.584314,17.858824,17.470589,17.858824,17.858824,1716150
2009-06-01,17.917646,18.372549,17.811766,18.274509,18.274509,2303925
2009-06-02,18.156862,18.580393,18.129412,18.423529,18.423529,1864560
2009-06-03,18.219608,18.356863,18.007843,18.270588,18.270588,2894505
2009-06-04,18.325491,18.376471,17.737255,17.960785,17.960785,2087175
2009-06-05,17.980392,18.243137,17.513725,17.764706,17.764706,3247935
2009-06-08,17.580393,17.799999,17.470589,17.686275,17.686275,1683765
2009-06-09,17.690195,17.788235,17.631372,17.737255,17.737255,2008380
2009-06-10,17.894117,17.909803,17.403921,17.623529,17.623529,1477725
2009-06-11,17.796078,18.023529,17.576471,17.615686,17.615686,3343050
2009-06-12,17.556864,17.600000,17.376471,17.572550,17.572550,1401990
2009-06-15,17.345098,17.431374,17.094118,17.254902,17.254902,1456815
2009-06-16,17.345098,17.505882,17.227451,17.243137,17.243137,1590180
2009-06-17,17.333332,17.580393,17.286276,17.345098,17.345098,1703910
2009-06-18,17.380392,17.866667,17.294119,17.780392,17.780392,2070345
2009-06-19,18.007843,18.203922,17.725491,17.839216,17.839216,1781685
2009-06-22,17.803923,17.803923,17.490196,17.588236,17.588236,1358385
2009-06-23,17.603922,17.694118,17.360785,17.439217,17.439217,1142400
2009-06-24,17.501961,17.631372,17.341175,17.498039,17.498039,1597065
2009-06-25,17.462746,18.450979,17.443136,18.368628,18.368628,2856255
2009-06-26,18.250980,18.705881,18.156862,18.631372,18.631372,3765330
2009-06-29,18.384314,18.811766,18.266666,18.698038,18.698038,2747625
2009-06-30,18.654902,18.815685,18.537254,18.803923,18.803923,3742380
2009-07-01,18.713724,18.792156,18.431374,18.474510,18.474510,3336675
2009-07-02,18.403921,18.403921,17.988235,18.192158,18.192158,2665260
2009-07-06,18.247059,18.349020,17.917646,17.972549,17.972549,2685405
2009-07-07,17.901960,18.000000,17.666668,17.694118,17.694118,2858295
2009-07-08,17.815685,17.835295,17.411764,17.478432,17.478432,2847840
2009-07-09,17.662745,17.662745,17.254902,17.341175,17.341175,1593495
2009-07-10,17.286276,17.454903,17.239216,17.376471,17.376471,1655715
2009-07-13,17.380392,17.678431,17.184315,17.580393,17.580393,2208555
2009-07-14,17.576471,17.972549,17.435293,17.964706,17.964706,2214675
2009-07-15,18.109804,18.721569,18.015686,18.666668,18.666668,3682455
2009-07-16,18.631372,18.799999,18.568626,18.666668,18.666668,1860735
2009-07-17,18.713724,18.717648,18.486275,18.682352,18.682352,1251540
2009-07-20,18.658825,18.796078,18.470589,18.768627,18.768627,1700340
2009-07-21,18.713724,19.094118,18.607843,19.090197,19.090197,2852685
2009-07-22,19.137255,19.266666,19.078430,19.129412,19.129412,2351865
2009-07-23,18.956863,19.447060,18.850981,19.360785,19.360785,3157665
2009-07-24,19.313725,19.705881,19.301962,19.654902,19.654902,1880880
2009-07-27,19.592157,19.827452,19.447060,19.772549,19.772549,2013480
2009-07-28,19.615686,19.901960,19.498039,19.701962,19.701962,2223345
2009-07-29,19.576471,19.945099,19.564707,19.596079,19.596079,2394195
2009-07-30,19.866667,20.290195,19.639215,20.086275,20.086275,2530365
2009-07-31,20.137255,20.388235,20.109804,20.149019,20.149019,2604060
2009-08-03,20.447060,20.576471,20.113726,20.564707,20.564707,2668065
2009-08-04,20.301962,20.478432,19.713724,19.874510,19.874510,3739320
2009-08-05,19.768627,19.799999,19.364706,19.501961,19.501961,2324325
2009-08-06,19.607843,19.843138,19.407843,19.694118,19.694118,1675860
2009-08-07,19.925489,20.152941,19.768627,20.023529,20.023529,1161780
2009-08-10,19.898039,20.074511,19.858824,20.043137,20.043137,924375
2009-08-11,19.933332,20.121569,19.749020,19.878431,19.878431,1468800
2009-08-12,19.760784,20.486275,19.760784,20.313725,20.313725,2632620
2009-08-13,20.337255,20.482353,19.956863,20.360785,20.360785,1804380
2009-08-14,20.200001,20.384314,19.898039,20.152941,20.152941,1554225
2009-08-17,20.000000,20.250980,19.799999,19.843138,19.843138,1261230
2009-08-18,19.929413,19.929413,19.568626,19.792156,19.792156,1070745
2009-08-19,19.549021,20.000000,19.533333,20.000000,20.000000,647700
2009-08-20,19.945099,20.572550,19.776470,20.509804,20.509804,1838805
2009-08-21,20.647058,20.764706,20.352942,20.482353,20.482353,1256385
2009-08-24,20.478432,20.619608,20.305882,20.580393,20.580393,902700
2009-08-25,20.607843,20.843138,20.584314,20.764706,20.764706,1417035
2009-08-26,20.600000,20.866667,20.517647,20.596079,20.596079,816255
2009-08-27,20.760784,20.796078,20.490196,20.717648,20.717648,1102875
2009-08-28,20.847059,20.858824,20.462746,20.627451,20.627451,826710
2009-08-31,20.517647,20.823528,20.517647,20.776470,20.776470,1062585
2009-09-01,20.858824,20.984314,20.317648,20.400000,20.400000,1343085
2009-09-02,20.376471,20.552940,20.305882,20.517647,20.517647,1685040
2009-09-03,20.556864,20.882353,20.490196,20.847059,20.847059,1336455
2009-09-04,20.898039,21.294119,20.819609,21.290195,21.290195,1274745
2009-09-08,21.200001,21.298038,20.949020,21.090197,21.090197,1780920
2009-09-09,21.152941,21.560783,21.023529,21.537254,21.537254,1645260
2009-09-10,21.454903,21.741177,21.321569,21.733334,21.733334,1433100
2009-09-11,21.729412,21.929413,21.596079,21.600000,21.600000,1459620
2009-09-14,21.568626,21.784313,21.552940,21.705881,21.705881,931260
2009-09-15,21.639215,21.909803,21.509804,21.886274,21.886274,1849770
2009-09-16,21.843138,22.156862,21.741177,22.156862,22.156862,1443045
2009-09-17,22.074511,22.074511,21.831373,21.972549,21.972549,1103385
2009-09-18,21.988235,22.019608,21.513725,21.729412,21.729412,2933265
2009-09-21,21.725491,21.937256,21.686275,21.858824,21.858824,1384395
2009-09-22,21.890196,21.890196,21.494118,21.545097,21.545097,1636080
2009-09-23,21.603922,21.858824,21.423529,21.572550,21.572550,1307130
2009-09-24,21.615686,21.796078,21.415686,21.572550,21.572550,4033590
2009-09-25,21.529411,21.764706,21.360785,21.474510,21.474510,1006485
2009-09-28,21.549021,21.925489,21.494118,21.713724,21.713724,956505
2009-09-29,21.705881,21.819609,21.462746,21.596079,21.596079,912900
2009-09-30,21.603922,21.690195,21.243137,21.533333,21.533333,1134240
2009-10-01,21.533333,21.635294,21.286276,21.313725,21.313725,2307495
2009-10-02,21.313725,21.533333,21.121569,21.215687,21.215687,1781940
2009-10-05,21.396078,21.764706,21.109804,21.619608,21.619608,1420350
2009-10-06,21.627451,21.960785,21.470589,21.725491,21.725491,2499765
2009-10-07,21.654902,21.799999,21.490196,21.690195,21.690195,2658885
2009-10-08,21.792156,22.101961,21.607843,21.960785,21.960785,1724565
2009-10-09,21.870588,22.054901,21.792156,22.050980,22.050980,735420
2009-10-12,22.007843,22.066668,21.799999,21.917646,21.917646,795345
2009-10-13,21.949020,21.949020,21.717648,21.803923,21.803923,961860
2009-10-14,21.819609,21.960785,21.737255,21.937256,21.937256,1438455
2009-10-15,21.819609,22.094118,21.768627,22.078430,22.078430,881535
2009-10-16,22.047058,22.156862,21.792156,21.988235,21.988235,1235730
2009-10-19,22.086275,22.247059,21.866667,22.141176,22.141176,1274745
2009-10-20,22.105883,22.200001,21.862745,21.921570,21.921570,1590690
2009-10-21,21.949020,22.321569,21.843138,21.874510,21.874510,2071875
2009-10-22,21.858824,21.980392,21.647058,21.811766,21.811766,2120070
2009-10-23,21.780392,21.901960,21.603922,21.654902,21.654902,2122620
2009-10-26,21.596079,21.960785,21.517647,21.615686,21.615686,1534335
2009-10-27,21.686275,21.835295,21.521568,21.596079,21.596079,1837785
2009-10-28,21.592157,21.764706,21.137255,21.184315,21.184315,2228700
2009-10-29,21.364706,21.454903,20.713724,20.870588,20.870588,3829335
2009-10-30,20.752941,21.137255,20.674509,20.717648,20.717648,2276130
2009-11-02,20.847059,21.133333,20.752941,21.007843,21.007843,1481805
2009-11-03,20.996078,21.333332,20.866667,21.200001,21.200001,1800300
2009-11-04,19.682352,20.352942,19.419607,19.772549,19.772549,10321635
2009-11-05,19.858824,20.176472,19.737255,20.047058,20.047058,4154970
2009-11-06,20.082354,20.192158,19.745098,19.854902,19.854902,2822340
2009-11-09,19.811766,20.133333,19.619608,20.133333,20.133333,2311830
2009-11-10,20.015686,20.501961,20.000000,20.501961,20.501961,1664385
2009-11-11,20.478432,20.600000,20.290195,20.333332,20.333332,1909440
2009-11-12,20.388235,20.478432,20.254902,20.345098,20.345098,1965285
2009-11-13,20.364706,20.572550,20.294119,20.396078,20.396078,1304070
2009-11-16,20.388235,20.784313,20.388235,20.658825,20.658825,1528215
2009-11-17,20.541176,20.721569,20.305882,20.670588,20.670588,1258170
2009-11-18,20.658825,20.756863,20.411764,20.466667,20.466667,1364505
2009-11-19,20.321569,20.443136,19.984314,20.121569,20.121569,2035410
2009-11-20,19.956863,20.168627,19.760784,19.815685,19.815685,3251760
2009-11-23,19.874510,20.392157,19.874510,20.243137,20.243137,2323305
2009-11-24,20.156862,20.231373,19.984314,20.066668,20.066668,1280865
2009-11-25,20.035294,20.145098,19.882353,19.945099,19.945099,1996650
2009-11-27,19.631372,19.945099,19.537254,19.752941,19.752941,596445
2009-11-30,19.654902,19.654902,19.254902,19.474510,19.474510,3194640
2009-12-01,19.533333,19.721569,19.356863,19.513725,19.513725,4586430
2009-12-02,19.533333,19.913725,19.490196,19.862745,19.862745,2347785
2009-12-03,19.956863,20.168627,19.901960,19.960785,19.960785,2772105
2009-12-04,20.152941,20.196077,19.811766,20.035294,20.035294,1578450
2009-12-07,20.062744,20.207844,19.976471,20.047058,20.047058,1249245
2009-12-08,19.858824,20.015686,19.607843,19.847059,19.847059,1830390
2009-12-09,19.756863,19.913725,19.568626,19.741177,19.741177,1453500
2009-12-10,19.717648,20.058825,19.647058,19.933332,19.933332,1682235
2009-12-11,19.984314,20.360785,19.701962,19.772549,19.772549,2279955
2009-12-14,19.890196,20.098040,19.701962,20.086275,20.086275,2178465
2009-12-15,19.980392,20.243137,19.874510,20.074511,20.074511,1915305
2009-12-16,20.121569,20.282352,20.121569,20.227451,20.227451,1255365
2009-12-17,20.062744,20.184315,19.921570,20.105883,20.105883,2003280
2009-12-18,20.098040,20.309805,19.850981,20.235294,20.235294,2621655
2009-12-21,20.211765,20.513725,20.152941,20.392157,20.392157,4463520
2009-12-22,20.439217,20.643137,20.431374,20.615686,20.615686,827730
2009-12-23,20.690195,20.796078,20.643137,20.760784,20.760784,1060545
2009-12-24,20.749020,20.870588,20.686275,20.788235,20.788235,206295
2009-12-28,20.874510,20.882353,20.690195,20.827452,20.827452,824415
2009-12-29,20.788235,21.000000,20.192158,20.862745,20.862745,917235
2009-12-30,20.745098,21.043137,20.737255,20.882353,20.882353,788970
2009-12-31,20.929413,20.952942,20.627451,20.627451,20.627451,1244400
2010-01-04,20.890196,21.176472,20.749020,20.952942,20.952942,2026740
2010-01-05,20.956863,21.070587,20.870588,20.894117,20.894117,1299225
2010-01-06,20.839216,21.098040,20.835295,20.960785,20.960785,1685295
2010-01-07,20.956863,21.152941,20.858824,21.035294,21.035294,1089360
2010-01-08,20.976471,21.301962,20.968628,21.160784,21.160784,1841610
2010-01-11,21.117647,21.905882,21.094118,21.858824,21.858824,2591565
2010-01-12,21.819609,21.894117,21.474510,21.552940,21.552940,1902045
2010-01-13,21.576471,22.168627,21.576471,22.121569,22.121569,2184330
2010-01-14,21.988235,22.054901,21.568626,22.015686,22.015686,1001640
2010-01-15,22.094118,22.223530,21.607843,21.803923,21.803923,1467015
2010-01-19,21.870588,22.219608,21.749020,22.011765,22.011765,1444575
2010-01-20,21.913725,22.047058,21.603922,21.847059,21.847059,1493790
2010-01-21,21.815685,22.019608,21.521568,21.799999,21.799999,3079635
2010-01-22,21.850981,21.937256,21.392157,21.400000,21.400000,1876290
2010-01-25,21.423529,21.627451,21.254902,21.529411,21.529411,1191870
2010-01-26,21.447060,21.568626,21.317648,21.384314,21.384314,1070745
2010-01-27,21.309805,21.345098,21.035294,21.145098,21.145098,2613750
2010-01-28,21.137255,21.274509,20.780392,20.913725,20.913725,2090745
2010-01-29,21.078430,21.400000,21.078430,21.196077,21.196077,2423265
2010-02-01,21.317648,21.521568,21.023529,21.513725,21.513725,2369205
2010-02-02,21.486275,21.949020,21.407843,21.905882,21.905882,2142000
2010-02-03,21.764706,21.956863,21.600000,21.662745,21.662745,1395360
2010-02-04,21.568626,21.607843,21.094118,21.094118,21.094118,1559070
2010-02-05,21.125490,21.298038,20.898039,21.203922,21.203922,1750575
2010-02-08,21.298038,21.345098,21.058825,21.121569,21.121569,1679430
2010-02-09,21.337255,21.647058,21.050980,21.533333,21.533333,2624970
2010-02-10,21.176472,21.600000,21.176472,21.568626,21.568626,1588650
2010-02-11,21.462746,21.929413,21.427450,21.909803,21.909803,2017050
2010-02-12,21.799999,22.027451,21.623529,22.027451,22.027451,2064480
2010-02-16,22.058825,22.250980,21.952942,22.247059,22.247059,1028160
2010-02-17,22.247059,22.372549,22.176472,22.372549,22.372549,1221195
2010-02-18,22.388235,22.454903,22.243137,22.392157,22.392157,2546430
2010-02-19,22.352942,22.466667,22.298038,22.439217,22.439217,2861610
2010-02-22,22.454903,22.529411,22.333332,22.423529,22.423529,3874980
2010-02-23,22.443136,22.678431,22.380392,22.392157,22.392157,3519510
2010-02-24,22.403921,22.545097,22.290195,22.392157,22.392157,1603185
2010-02-25,22.133333,22.349020,22.031372,22.298038,22.298038,1562640
2010-02-26,22.321569,22.411764,22.176472,22.286276,22.286276,1529235
2010-03-01,22.396078,22.396078,22.039215,22.309805,22.309805,4292670
2010-03-02,22.207844,22.450979,22.129412,22.341175,22.341175,4567305
2010-03-03,22.247059,22.341175,22.156862,22.180391,22.180391,2182290
2010-03-04,22.180391,22.180391,22.031372,22.098040,22.098040,1989000
2010-03-05,22.133333,22.317648,22.105883,22.305882,22.305882,2183310
2010-03-08,22.203922,22.286276,22.117647,22.200001,22.200001,1692435
2010-03-09,22.062744,22.094118,21.925489,21.956863,21.956863,2308770
2010-03-10,21.850981,22.058825,21.839216,21.972549,21.972549,1969620
2010-03-11,21.956863,22.113726,21.827452,22.113726,22.113726,1812030
2010-03-12,22.105883,22.207844,22.000000,22.207844,22.207844,1138065
2010-03-15,22.196077,22.313725,22.109804,22.301962,22.301962,1214310
2010-03-16,22.321569,22.423529,22.247059,22.403921,22.403921,959310
2010-03-17,22.341175,22.545097,22.270588,22.494118,22.494118,881790
2010-03-18,22.501961,22.615686,22.501961,22.584314,22.584314,1109250
2010-03-19,22.698038,22.776470,22.450979,22.600000,22.600000,2093805
2010-03-22,22.580393,22.839216,22.266666,22.827452,22.827452,1219155
2010-03-23,22.807842,22.913725,22.623529,22.882353,22.882353,1521840
2010-03-24,22.898039,22.917646,22.792156,22.878431,22.878431,1173765
2010-03-25,22.941175,22.941175,22.654902,22.666668,22.666668,1703910
2010-03-26,22.701962,22.878431,22.568626,22.670588,22.670588,1612110
2010-03-29,22.776470,22.901960,22.749020,22.823528,22.823528,1318605
2010-03-30,22.843138,23.243137,22.682352,23.219608,23.219608,1619505
2010-03-31,23.098040,23.243137,23.078430,23.098040,23.098040,1123785
2010-04-01,23.247059,23.282352,22.933332,23.086275,23.086275,893775
2010-04-05,23.090197,23.388235,23.000000,23.364706,23.364706,2043825
2010-04-06,23.188234,23.356863,23.188234,23.239216,23.239216,1598850
2010-04-07,23.184315,23.274509,23.101961,23.219608,23.219608,903975
2010-04-08,23.090197,23.262745,22.988235,23.184315,23.184315,774690
2010-04-09,23.250980,23.294119,23.129412,23.278431,23.278431,675750
2010-04-12,23.305882,23.329412,23.156862,23.239216,23.239216,787950
2010-04-13,23.149019,23.396078,22.980392,23.388235,23.388235,911115
2010-04-14,23.592157,23.917646,23.447060,23.835295,23.835295,3522060
2010-04-15,23.839216,23.968628,23.807842,23.913725,23.913725,1566975
2010-04-16,23.894117,24.050980,23.678431,23.866667,23.866667,1562130
2010-04-19,23.858824,23.960785,23.733334,23.784313,23.784313,1512405
2010-04-20,23.835295,24.074511,23.835295,24.011765,24.011765,1336200
2010-04-21,23.937256,24.007843,23.678431,23.752941,23.752941,1228590
2010-04-22,23.674509,24.011765,23.478432,23.968628,23.968628,1295400
2010-04-23,24.101961,24.486275,23.980392,24.466667,24.466667,1899495
2010-04-26,24.505882,24.560783,24.000000,24.015686,24.015686,1730685
2010-04-27,24.039215,24.266666,23.917646,23.984314,23.984314,1768935
2010-04-28,24.145098,24.352942,24.066668,24.133333,24.133333,1011075
2010-04-29,24.117647,24.486275,24.003922,24.294119,24.294119,1834725
2010-04-30,24.266666,24.450979,23.698038,23.725491,23.725491,1934940
2010-05-03,23.752941,24.203922,23.603922,23.960785,23.960785,2355945
2010-05-04,23.698038,23.886274,23.505882,23.745098,23.745098,2268990
2010-05-05,23.745098,24.117647,23.603922,23.674509,23.674509,2001495
2010-05-06,23.690195,23.764706,22.215687,23.047058,23.047058,2798370
2010-05-07,23.047058,23.678431,22.305882,22.352942,22.352942,2899860
2010-05-10,22.917646,23.239216,22.564707,23.223530,23.223530,2783835
2010-05-11,23.125490,23.298038,22.992157,23.019608,23.019608,1416525
2010-05-12,22.980392,23.447060,22.862745,23.345098,23.345098,1393320
2010-05-13,23.258823,23.329412,22.972549,23.039215,23.039215,984555
2010-05-14,22.980392,23.105883,22.466667,22.603922,22.603922,1412700
2010-05-17,22.678431,22.807842,22.372549,22.721569,22.721569,1340025
2010-05-18,22.819609,22.956863,22.400000,22.454903,22.454903,972570
2010-05-19,22.494118,22.529411,22.211765,22.435293,22.435293,1597575
2010-05-20,22.160784,22.223530,21.619608,21.674509,21.674509,1733235
2010-05-21,21.392157,21.945099,21.196077,21.937256,21.937256,1995375
2010-05-24,21.701962,21.964706,21.576471,21.717648,21.717648,1448145
2010-05-25,21.431374,21.694118,20.996078,21.545097,21.545097,1901025
2010-05-26,21.623529,21.866667,21.392157,21.619608,21.619608,2074935
2010-05-27,21.964706,22.278431,21.580393,22.278431,22.278431,1086810
2010-05-28,22.215687,22.286276,21.980392,22.121569,22.121569,1351755
2010-06-01,22.027451,22.152941,21.705881,21.733334,21.733334,1179885
2010-06-02,21.850981,22.380392,21.568626,22.376471,22.376471,4328880
2010-06-03,22.337255,22.494118,22.164705,22.427450,22.427450,1001895
2010-06-04,21.960785,22.239216,21.521568,21.568626,21.568626,1358895
2010-06-07,21.525490,21.737255,21.317648,21.345098,21.345098,1395105
2010-06-08,21.286276,21.403921,20.945099,21.168627,21.168627,1739355
2010-06-09,21.298038,21.482353,21.066668,21.098040,21.098040,993990
2010-06-10,21.298038,21.474510,21.239216,21.376471,21.376471,1489710
2010-06-11,21.180391,21.611765,21.180391,21.596079,21.596079,799935
2010-06-14,21.635294,22.070587,21.623529,21.858824,21.858824,1052895
2010-06-15,21.847059,22.011765,21.576471,21.909803,21.909803,1149030
2010-06-16,21.854902,22.141176,21.839216,21.917646,21.917646,928455
2010-06-17,22.086275,22.133333,21.847059,21.925489,21.925489,846855
2010-06-18,21.925489,22.137255,21.878431,22.125490,22.125490,3090855
2010-06-21,22.266666,22.403921,22.121569,22.278431,22.278431,2038725
2010-06-22,22.321569,22.525490,22.168627,22.192158,22.192158,1991805
2010-06-23,22.164705,22.282352,21.956863,22.145098,22.145098,1594515
2010-06-24,21.996078,22.129412,21.725491,21.772549,21.772549,2016285
2010-06-25,21.882353,21.921570,21.643137,21.850981,21.850981,1607775
2010-06-28,21.921570,22.337255,21.607843,22.250980,22.250980,1188555
2010-06-29,22.074511,22.086275,21.592157,21.690195,21.690195,1726860
2010-06-30,21.705881,21.788235,21.447060,21.529411,21.529411,1406580
2010-07-01,21.521568,21.819609,21.098040,21.384314,21.384314,2234310
2010-07-02,21.470589,21.470589,21.121569,21.274509,21.274509,635715
2010-07-06,21.431374,21.627451,21.137255,21.243137,21.243137,1415505
2010-07-07,21.298038,21.505882,21.062744,21.462746,21.462746,1394340
2010-07-08,21.509804,21.729412,21.372549,21.537254,21.537254,1576155
2010-07-09,21.568626,21.643137,21.415686,21.509804,21.509804,633675
2010-07-12,21.423529,21.533333,21.352942,21.474510,21.474510,676260
2010-07-13,21.658825,22.007843,21.568626,21.964706,21.964706,1052130
2010-07-14,22.019608,22.074511,21.643137,21.807842,21.807842,1488435
2010-07-15,21.843138,21.894117,21.647058,21.811766,21.811766,1022550
2010-07-16,21.819609,21.819609,20.898039,20.917646,20.917646,1699320
2010-07-19,20.913725,21.129412,20.529411,20.615686,20.615686,2372520
2010-07-20,20.392157,20.498039,20.235294,20.376471,20.376471,2810865
2010-07-21,20.423529,20.470589,19.984314,20.117647,20.117647,2089980
2010-07-22,20.286276,20.949020,20.215687,20.694118,20.694118,2572695
2010-07-23,20.580393,20.678431,20.454903,20.596079,20.596079,1527450
2010-07-26,20.533333,21.027451,20.533333,21.003922,21.003922,1286985
2010-07-27,21.062744,21.109804,20.862745,20.945099,20.945099,913665
2010-07-28,20.878431,21.000000,20.549021,20.600000,20.600000,1050855
2010-07-29,20.682352,20.737255,20.031372,20.250980,20.250980,2290155
2010-07-30,20.070587,20.631372,19.988235,20.584314,20.584314,2597430
2010-08-02,20.898039,21.874510,20.745098,20.890196,20.890196,2122620
2010-08-03,20.858824,21.286276,20.796078,21.019608,21.019608,1297185
2010-08-04,21.086275,21.403921,21.015686,21.376471,21.376471,846855
2010-08-05,21.305882,21.466667,21.129412,21.407843,21.407843,1514700
2010-08-06,21.235294,21.372549,20.803923,21.368628,21.368628,1486140
2010-08-09,21.356863,21.415686,21.223530,21.254902,21.254902,684420
2010-08-10,21.058825,21.600000,20.796078,21.517647,21.517647,3400170
2010-08-11,21.223530,21.411764,21.082354,21.345098,21.345098,2904195
2010-08-12,21.172548,21.262745,21.015686,21.180391,21.180391,1328295
2010-08-13,21.058825,21.133333,20.901960,21.058825,21.058825,1084005
2010-08-16,21.027451,21.133333,20.847059,21.043137,21.043137,1723290
2010-08-17,21.254902,21.619608,21.176472,21.568626,21.568626,1406325
2010-08-18,21.603922,21.764706,21.290195,21.654902,21.654902,1185240
2010-08-19,21.560783,21.623529,21.062744,21.207844,21.207844,1371645
2010-08-20,21.141176,21.305882,20.945099,21.270588,21.270588,1634040
2010-08-23,21.372549,21.603922,21.160784,21.298038,21.298038,955485
2010-08-24,21.141176,21.160784,20.713724,20.890196,20.890196,1534590
2010-08-25,20.752941,21.082354,20.686275,21.062744,21.062744,1817385
2010-08-26,21.058825,21.058825,20.023529,20.380392,20.380392,3124770
2010-08-27,20.419607,20.858824,20.054901,20.839216,20.839216,1951260
2010-08-30,20.803923,20.905882,20.670588,20.854902,20.854902,1638120
2010-08-31,20.811766,20.968628,20.568626,20.705881,20.705881,2426325
2010-09-01,20.933332,21.454903,20.913725,21.419607,21.419607,1927545
2010-09-02,21.317648,21.482353,21.250980,21.470589,21.470589,1339515
2010-09-03,21.619608,21.666668,21.407843,21.556864,21.556864,1121490
2010-09-07,21.458824,21.752941,21.427450,21.458824,21.458824,1398675
2010-09-08,21.572550,21.674509,21.513725,21.580393,21.580393,1424940
2010-09-09,21.764706,21.823528,21.670588,21.768627,21.768627,1090890
2010-09-10,21.839216,22.105883,21.737255,22.023529,22.023529,900405
2010-09-13,22.156862,22.352942,22.062744,22.266666,22.266666,1299225
2010-09-14,22.247059,22.403921,21.960785,22.349020,22.349020,1381590
2010-09-15,22.298038,22.521568,22.196077,22.443136,22.443136,1730940
2010-09-16,22.458824,22.505882,22.317648,22.419607,22.419607,684420
2010-09-17,22.494118,22.588236,22.098040,22.098040,22.098040,2491095
2010-09-20,22.101961,22.454903,22.101961,22.427450,22.427450,1710540
2010-09-21,22.352942,22.450979,22.149019,22.219608,22.219608,1380060
2010-09-22,22.258823,22.450979,22.047058,22.227451,22.227451,734910
2010-09-23,22.141176,22.372549,22.035294,22.047058,22.047058,457470
2010-09-24,22.317648,22.482353,22.160784,22.482353,22.482353,1278570
2010-09-27,22.419607,22.501961,22.345098,22.376471,22.376471,1004700
2010-09-28,22.435293,22.647058,22.207844,22.584314,22.584314,1194930
2010-09-29,22.584314,22.678431,22.474510,22.592157,22.592157,826200
2010-09-30,22.729412,23.086275,22.615686,22.972549,22.972549,2699685
2010-10-01,23.129412,23.137255,22.549021,22.725491,22.725491,1618740
2010-10-04,22.721569,22.847059,22.215687,22.368628,22.368628,919275
2010-10-05,22.631372,23.105883,22.541176,22.992157,22.992157,811410
2010-10-06,22.890196,22.984314,22.749020,22.933332,22.933332,1159995
2010-10-07,23.007843,23.098040,22.807842,22.960785,22.960785,940950
2010-10-08,22.968628,23.301962,22.862745,23.258823,23.258823,1050855
2010-10-11,23.274509,23.501961,23.149019,23.431374,23.431374,1199775
2010-10-12,23.345098,23.439217,23.000000,23.407843,23.407843,1398930
2010-10-13,23.474510,23.474510,23.200001,23.235294,23.235294,1263525
2010-10-14,23.274509,23.321569,23.113726,23.247059,23.247059,578850
2010-10-15,23.431374,23.431374,23.211765,23.392157,23.392157,793560
2010-10-18,23.305882,23.400000,23.176472,23.250980,23.250980,1003680
2010-10-19,23.101961,23.152941,22.674509,22.835295,22.835295,1218645
2010-10-20,22.913725,23.168627,22.760784,23.027451,23.027451,713490
2010-10-21,23.203922,23.392157,23.015686,23.309805,23.309805,1773780
2010-10-22,23.427450,23.427450,23.235294,23.317648,23.317648,970785
2010-10-25,23.407843,23.407843,22.937256,23.121569,23.121569,1008270
2010-10-26,23.066668,23.329412,22.909803,23.196077,23.196077,827475
2010-10-27,23.035294,23.337255,22.972549,23.333332,23.333332,1236495
2010-10-28,23.384314,23.388235,22.780392,22.988235,22.988235,2398530
2010-10-29,22.188234,23.282352,21.882353,22.019608,22.019608,3574845
2010-11-01,22.086275,22.352942,21.784313,22.047058,22.047058,1806675
2010-11-02,22.235294,22.513725,22.129412,22.360785,22.360785,1839570
2010-11-03,22.305882,22.631372,22.305882,22.568626,22.568626,1426980
2010-11-04,22.694118,22.945099,22.592157,22.674509,22.674509,1636335
2010-11-05,22.654902,22.658825,22.356863,22.505882,22.505882,1313505
2010-11-08,22.380392,22.619608,22.290195,22.607843,22.607843,1028160
2010-11-09,22.717648,22.717648,22.513725,22.635294,22.635294,979200
2010-11-10,22.541176,22.725491,22.494118,22.725491,22.725491,1025100
2010-11-11,22.454903,22.596079,22.309805,22.592157,22.592157,1482825
2010-11-12,22.388235,22.517647,22.203922,22.392157,22.392157,1115115
2010-11-15,22.486275,22.760784,22.482353,22.572550,22.572550,941460
2010-11-16,22.513725,22.576471,22.137255,22.211765,22.211765,872355
2010-11-17,22.227451,22.380392,22.149019,22.360785,22.360785,588285
2010-11-18,22.466667,22.905882,22.454903,22.690195,22.690195,1193910
2010-11-19,22.588236,22.952942,22.396078,22.917646,22.917646,1115880
2010-11-22,22.843138,22.858824,22.278431,22.572550,22.572550,1339005
2010-11-23,22.407843,22.407843,21.980392,22.121569,22.121569,1281375
2010-11-24,22.247059,22.952942,22.247059,22.827452,22.827452,1061055
2010-11-26,22.701962,22.831373,22.619608,22.639215,22.639215,268005
2010-11-29,22.427450,22.709805,22.172548,22.521568,22.521568,832320
2010-11-30,22.200001,22.525490,21.941175,22.501961,22.501961,2052240
2010-12-01,22.745098,23.266666,22.686275,23.031372,23.031372,1593240
2010-12-02,23.094118,23.490196,22.972549,23.352942,23.352942,1428510
2010-12-03,23.333332,23.490196,23.168627,23.470589,23.470589,827985
2010-12-06,23.376471,23.376471,23.176472,23.250980,23.250980,891735
2010-12-07,23.415686,23.505882,23.239216,23.396078,23.396078,858075
2010-12-08,23.341175,23.388235,22.898039,22.992157,22.992157,1023825
2010-12-09,23.200001,23.356863,23.113726,23.211765,23.211765,1330845
2010-12-10,23.247059,23.490196,23.129412,23.490196,23.490196,643110
2010-12-13,23.439217,23.478432,23.047058,23.133333,23.133333,1675350
2010-12-14,23.149019,23.886274,23.149019,23.552940,23.552940,2239920
2010-12-15,23.470589,23.956863,23.113726,23.862745,23.862745,1555245
2010-12-16,23.725491,24.333332,23.568626,24.156862,24.156862,1670250
2010-12-17,24.156862,24.364706,23.831373,24.349020,24.349020,2219520
2010-12-20,24.482353,24.556864,24.384314,24.439217,24.439217,1374450
2010-12-21,24.454903,24.478432,24.235294,24.305882,24.305882,741795
2010-12-22,24.243137,24.521568,24.243137,24.360785,24.360785,702780
2010-12-23,24.301962,24.439217,24.301962,24.376471,24.376471,393975
2010-12-27,24.349020,24.552940,24.215687,24.376471,24.376471,435030
2010-12-28,24.427450,24.529411,24.247059,24.305882,24.305882,368730
2010-12-29,24.372549,24.517647,24.360785,24.411764,24.411764,411315
2010-12-30,24.368628,24.509804,24.349020,24.352942,24.352942,368220
2010-12-31,24.376471,24.400000,24.066668,24.074511,24.074511,807075
2011-01-03,24.333332,25.278431,24.313725,24.619608,24.619608,2538525
2011-01-04,24.600000,24.603922,24.200001,24.329412,24.329412,1684530
2011-01-05,24.215687,24.388235,24.023529,24.313725,24.313725,870315
2011-01-06,24.400000,24.694118,24.400000,24.572550,24.572550,1680450
2011-01-07,24.654902,24.725491,24.282352,24.529411,24.529411,735930
2011-01-10,24.372549,24.643137,24.286276,24.533333,24.533333,928710
2011-01-11,24.541176,24.701962,24.541176,24.631372,24.631372,853995
2011-01-12,24.725491,24.901960,24.337255,24.894117,24.894117,671670
2011-01-13,24.949020,25.192158,24.835295,25.062744,25.062744,1056975
2011-01-14,25.078430,25.180391,24.870588,25.176472,25.176472,732870
2011-01-18,25.176472,25.858824,25.176472,25.823528,25.823528,2389860
2011-01-19,25.780392,25.882353,25.450979,25.564707,25.564707,1293105
2011-01-20,25.431374,25.686275,25.431374,25.639215,25.639215,1137810
2011-01-21,25.662745,25.764706,25.576471,25.623529,25.623529,1040910
2011-01-24,25.647058,26.117647,25.647058,25.988235,25.988235,816510
2011-01-25,25.960785,26.058825,25.741177,25.976471,25.976471,833850
2011-01-26,25.972549,26.054901,25.686275,25.709805,25.709805,1282650
2011-01-27,25.658825,25.992157,25.658825,25.772549,25.772549,1038105
2011-01-28,25.745098,26.058825,25.317648,25.654902,25.654902,1994610
2011-01-31,25.662745,25.925489,25.545097,25.749020,25.749020,891990
2011-02-01,25.929413,26.607843,25.874510,26.239216,26.239216,1831410
2011-02-02,26.160784,26.337255,25.803923,25.819609,25.819609,757095
2011-02-03,25.733334,25.925489,25.513725,25.674509,25.674509,1663875
2011-02-04,25.705881,26.043137,25.666668,26.000000,26.000000,1173255
2011-02-07,25.976471,26.184315,25.890196,26.105883,26.105883,903210
2011-02-08,26.156862,26.235294,26.019608,26.235294,26.235294,558705
2011-02-09,26.141176,26.149019,25.768627,25.799999,25.799999,1041420
2011-02-10,25.760784,26.184315,25.737255,26.160784,26.160784,1004190
2011-02-11,26.094118,26.458824,25.992157,26.415686,26.415686,866745
2011-02-14,26.443136,26.760784,26.427450,26.674509,26.674509,883320
2011-02-15,26.576471,26.886274,26.572550,26.819609,26.819609,719100
2011-02-16,26.858824,27.105883,26.741177,26.964706,26.964706,997305
2011-02-17,26.858824,27.231373,26.858824,27.172548,27.172548,863175
2011-02-18,26.913725,27.411764,26.509804,27.392157,27.392157,3283380
2011-02-22,27.129412,27.141176,25.988235,26.243137,26.243137,2949075
2011-02-23,26.168627,26.666668,26.168627,26.337255,26.337255,2006850
2011-02-24,26.407843,26.600000,26.313725,26.517647,26.517647,1702890
2011-02-25,26.596079,27.223530,26.560783,27.223530,27.223530,1755930
2011-02-28,27.196077,27.423529,26.992157,27.050980,27.050980,1410660
2011-03-01,27.172548,27.270588,26.674509,26.858824,26.858824,1244910
2011-03-02,26.760784,26.937256,26.607843,26.666668,26.666668,1010565
2011-03-03,26.850981,27.403921,26.717648,27.294119,27.294119,1171725
2011-03-04,27.172548,27.392157,26.972549,27.278431,27.278431,756585
2011-03-07,27.250980,27.372549,26.686275,26.858824,26.858824,950130
2011-03-08,26.866667,27.443136,26.784313,27.388235,27.388235,1074825
2011-03-09,27.258823,27.325491,27.027451,27.235294,27.235294,1151580
2011-03-10,26.956863,27.019608,26.486275,26.631372,26.631372,1073550
2011-03-11,26.466667,26.662745,26.294119,26.466667,26.466667,695385
2011-03-14,26.227451,26.415686,26.027451,26.156862,26.156862,906525
2011-03-15,25.729412,26.258823,25.627451,25.850981,25.850981,1559835
2011-03-16,25.741177,25.839216,25.411764,25.615686,25.615686,1833450
2011-03-17,25.960785,26.003922,25.686275,25.705881,25.705881,819825
2011-03-18,25.921570,26.243137,25.921570,26.078430,26.078430,1563405
2011-03-21,26.341175,26.925489,26.290195,26.313725,26.313725,873120
2011-03-22,26.301962,26.396078,26.227451,26.313725,26.313725,472260
2011-03-23,26.294119,26.294119,25.772549,26.066668,26.066668,913665
2011-03-24,26.109804,26.462746,25.921570,26.400000,26.400000,977925
2011-03-25,26.427450,26.635294,26.317648,26.454903,26.454903,611745
2011-03-28,26.501961,26.717648,26.356863,26.600000,26.600000,626280
2011-03-29,26.623529,27.050980,26.490196,27.000000,27.000000,1174275
2011-03-30,27.105883,27.270588,26.976471,27.156862,27.156862,462570
2011-03-31,27.180391,27.545097,27.149019,27.517647,27.517647,935595
2011-04-01,27.552940,27.858824,27.525490,27.792156,27.792156,1470840
2011-04-04,27.792156,27.996078,27.607843,27.780392,27.780392,1102875
2011-04-05,27.647058,27.713724,27.466667,27.513725,27.513725,1300500
2011-04-06,27.658825,27.698038,27.403921,27.572550,27.572550,759645
2011-04-07,27.494118,27.772549,27.380392,27.498039,27.498039,496995
2011-04-08,27.525490,27.572550,27.003922,27.113726,27.113726,735420
2011-04-11,27.227451,27.298038,27.015686,27.129412,27.129412,818550
2011-04-12,27.066668,27.192158,26.811766,26.866667,26.866667,666825
2011-04-13,27.627451,27.949020,27.419607,27.462746,27.462746,2508690
2011-04-14,27.215687,27.525490,27.078430,27.352942,27.352942,1360425
2011-04-15,27.282352,27.639215,27.239216,27.501961,27.501961,1449675
2011-04-18,27.196077,27.227451,26.658825,26.941175,26.941175,1373940
2011-04-19,27.047058,27.290195,26.874510,27.243137,27.243137,1161525
2011-04-20,27.560783,27.843138,27.435293,27.643137,27.643137,1713600
2011-04-21,27.627451,27.733334,27.525490,27.674509,27.674509,1059270
2011-04-25,27.741177,27.741177,27.431374,27.643137,27.643137,532440
2011-04-26,27.749020,28.223530,27.647058,28.098040,28.098040,875925
2011-04-27,28.207844,28.603922,28.101961,28.580393,28.580393,1268880
2011-04-28,28.737255,28.870588,28.529411,28.686275,28.686275,1638885
2011-04-29,28.670588,28.866667,28.639215,28.654902,28.654902,2198100
2011-05-02,28.443136,29.207844,28.443136,29.050980,29.050980,3013335
2011-05-03,28.603922,28.874510,27.933332,28.843138,28.843138,2026485
2011-05-04,28.352942,28.701962,28.258823,28.462746,28.462746,1733235
2011-05-05,28.380392,28.713724,28.235294,28.325491,28.325491,1347930
2011-05-06,28.549021,28.945099,28.352942,28.541176,28.541176,1186515
2011-05-09,28.450979,28.686275,28.427450,28.611765,28.611765,1260465
2011-05-10,28.760784,28.882353,28.556864,28.815685,28.815685,726495
2011-05-11,28.741177,28.843138,28.368628,28.505882,28.505882,979455
2011-05-12,28.549021,29.054901,28.290195,28.980392,28.980392,1231650
2011-05-13,28.956863,29.003922,28.274509,28.380392,28.380392,1087320
2011-05-16,28.235294,28.439217,28.113726,28.321569,28.321569,990675
2011-05-17,28.286276,28.286276,27.890196,28.113726,28.113726,1258425
2011-05-18,28.035294,28.678431,27.941175,28.635294,28.635294,958800
2011-05-19,28.701962,28.741177,28.368628,28.517647,28.517647,947835
2011-05-20,28.490196,28.494118,28.200001,28.321569,28.321569,883320
2011-05-23,28.058825,28.058825,27.607843,27.792156,27.792156,1272705
2011-05-24,27.803923,27.807842,27.388235,27.474510,27.474510,1069470
2011-05-25,27.541176,27.733334,27.356863,27.658825,27.658825,852720
2011-05-26,27.513725,27.788235,27.376471,27.749020,27.749020,921570
2011-05-27,27.713724,27.925489,27.603922,27.780392,27.780392,489090
2011-05-31,28.027451,28.164705,27.823528,28.164705,28.164705,1347420
2011-06-01,28.145098,28.325491,27.686275,27.721569,27.721569,1437945
2011-06-02,27.698038,27.772549,27.509804,27.682352,27.682352,963390
2011-06-03,27.388235,27.443136,27.094118,27.258823,27.258823,1302540
2011-06-06,27.098040,27.215687,26.788235,26.815685,26.815685,878985
2011-06-07,26.823528,27.200001,26.737255,26.980392,26.980392,1471095
2011-06-08,26.870588,27.152941,26.686275,27.003922,27.003922,1052640
2011-06-09,27.082354,27.470589,26.878431,27.337255,27.337255,1046775
2011-06-10,27.270588,27.337255,27.000000,27.101961,27.101961,1979310
2011-06-13,27.007843,27.345098,27.007843,27.254902,27.254902,1006230
2011-06-14,27.443136,27.552940,27.321569,27.360785,27.360785,1207170
2011-06-15,27.200001,27.552940,27.031372,27.117647,27.117647,1385415
2011-06-16,27.058825,27.407843,27.058825,27.278431,27.278431,928455
2011-06-17,27.690195,27.733334,27.411764,27.560783,27.560783,2058105
2011-06-20,27.600000,27.941175,27.490196,27.866667,27.866667,957270
2011-06-21,27.901960,28.211765,27.792156,28.058825,28.058825,1166880
2011-06-22,28.050980,28.227451,27.780392,27.803923,27.803923,982770
2011-06-23,27.568626,27.713724,27.039215,27.674509,27.674509,1072530
2011-06-24,27.686275,27.705881,26.925489,27.262745,27.262745,2771340
2011-06-27,27.235294,27.541176,26.929413,27.423529,27.423529,1087065
2011-06-28,27.462746,27.823528,27.262745,27.686275,27.686275,745875
2011-06-29,27.690195,28.007843,27.592157,27.843138,27.843138,1034535
2011-06-30,27.937256,28.301962,27.847059,28.074511,28.074511,998070
2011-07-01,28.129412,28.631372,27.952942,28.603922,28.603922,1022295
2011-07-05,28.745098,28.745098,28.450979,28.674509,28.674509,803250
2011-07-06,28.694118,29.243137,28.647058,29.101961,29.101961,885870
2011-07-07,29.231373,29.403921,28.929413,29.376471,29.376471,1046520
2011-07-08,29.298038,29.341175,28.933332,29.145098,29.145098,1128630
2011-07-11,28.925489,29.027451,28.670588,28.741177,28.741177,570435
2011-07-12,28.749020,29.015686,28.611765,28.799999,28.799999,764745
2011-07-13,28.894117,29.219608,28.580393,28.972549,28.972549,1102620
2011-07-14,28.996078,29.168627,28.521568,28.615686,28.615686,1114350
2011-07-15,28.643137,28.678431,28.415686,28.678431,28.678431,778005
2011-07-18,28.466667,28.580393,28.027451,28.160784,28.160784,712215
2011-07-19,28.313725,28.588236,28.235294,28.533333,28.533333,737460
2011-07-20,28.482353,28.509804,28.290195,28.411764,28.411764,490875
2011-07-21,28.643137,28.901960,28.403921,28.678431,28.678431,1201560
2011-07-22,28.501961,28.733334,28.423529,28.584314,28.584314,548505
2011-07-25,28.419607,28.498039,28.105883,28.113726,28.113726,922335
2011-07-26,28.188234,28.188234,27.078430,27.141176,27.141176,2364105
2011-07-27,27.011765,27.035294,26.423529,26.474510,26.474510,1631745
2011-07-28,26.474510,26.788235,26.349020,26.376471,26.376471,1442535
2011-07-29,26.400000,26.400000,25.839216,26.062744,26.062744,2931225
2011-08-01,26.192158,26.290195,25.576471,26.200001,26.200001,2493900
2011-08-02,25.294119,26.274509,25.294119,25.568626,25.568626,2752980
2011-08-03,25.447060,25.639215,24.847059,25.603922,25.603922,2353650
2011-08-04,25.301962,25.513725,24.701962,24.709805,24.709805,2657355
2011-08-05,25.070587,25.266666,24.274509,24.964706,24.964706,2891700
2011-08-08,24.286276,24.803923,23.525490,23.556864,23.556864,4412010
2011-08-09,23.529411,24.301962,22.941175,24.250980,24.250980,4002225
2011-08-10,23.792156,24.086275,23.396078,23.435293,23.435293,2430660
2011-08-11,23.321569,24.874510,23.086275,24.611765,24.611765,2318970
2011-08-12,24.674509,24.780392,24.274509,24.745098,24.745098,1798515
2011-08-15,24.866667,25.164705,24.796078,25.160784,25.160784,1280610
2011-08-16,24.937256,25.047058,24.372549,24.705881,24.705881,1458855
2011-08-17,24.768627,25.090197,24.321569,24.647058,24.647058,793305
2011-08-18,24.105883,24.286276,23.529411,23.717648,23.717648,1353540
2011-08-19,23.466667,24.164705,23.337255,23.623529,23.623529,1730175
2011-08-22,24.156862,24.156862,23.607843,23.866667,23.866667,1608030
2011-08-23,23.901960,25.149019,23.721569,24.901960,24.901960,1384395
2011-08-24,24.894117,25.584314,24.650980,25.517647,25.517647,2217480
2011-08-25,25.643137,25.643137,24.274509,24.396078,24.396078,2449020
2011-08-26,24.376471,25.050980,24.203922,25.047058,25.047058,2445195
2011-08-29,25.298038,25.698038,25.203922,25.674509,25.674509,821100
2011-08-30,25.615686,25.866667,25.415686,25.737255,25.737255,615315
2011-08-31,25.784313,26.207844,25.615686,25.847059,25.847059,1128630
2011-09-01,25.933332,26.266666,25.529411,25.596079,25.596079,1155660
2011-09-02,25.250980,25.341175,24.862745,24.890196,24.890196,996030
2011-09-06,24.305882,24.737255,24.039215,24.635294,24.635294,979710
2011-09-07,24.968628,25.588236,24.847059,25.564707,25.564707,1201815
2011-09-08,25.494118,25.603922,24.984314,25.050980,25.050980,1212780
2011-09-09,24.819609,24.905882,23.690195,23.839216,23.839216,1897200
2011-09-12,23.517647,24.109804,23.443136,24.043137,24.043137,1146480
2011-09-13,24.145098,24.549021,23.980392,24.482353,24.482353,1030200
2011-09-14,24.592157,25.345098,24.266666,25.043137,25.043137,1048560
2011-09-15,25.223530,25.317648,24.607843,25.070587,25.070587,1073550
2011-09-16,25.188234,25.650980,25.145098,25.568626,25.568626,1902810
2011-09-19,25.098040,25.537254,25.070587,25.396078,25.396078,1147245
2011-09-20,25.494118,26.000000,25.368628,25.498039,25.498039,975375
2011-09-21,25.498039,25.796078,25.007843,25.019608,25.019608,1259955
2011-09-22,24.435293,24.592157,23.882353,24.172548,24.172548,1767915
2011-09-23,23.992157,24.580393,23.721569,24.552940,24.552940,1350480
2011-09-26,24.733334,24.858824,24.074511,24.756863,24.756863,1291320
2011-09-27,25.027451,25.862745,24.784313,25.639215,25.639215,1608540
2011-09-28,25.760784,25.925489,24.760784,24.796078,24.796078,988380
2011-09-29,25.176472,25.345098,24.333332,24.929413,24.929413,1060800
2011-09-30,24.670588,24.949020,24.294119,24.317648,24.317648,1226805
2011-10-03,24.129412,24.717648,23.262745,23.341175,23.341175,1896945
2011-10-04,23.125490,23.988235,22.964706,23.909803,23.909803,1711815
2011-10-05,24.003922,24.313725,23.752941,24.219608,24.219608,924120
2011-10-06,24.188234,24.298038,23.592157,24.152941,24.152941,1349715
2011-10-07,24.223530,24.321569,23.890196,23.956863,23.956863,1060800
2011-10-10,24.258823,24.615686,24.192158,24.556864,24.556864,1023825
2011-10-11,23.635294,25.180391,23.635294,25.070587,25.070587,2150160
2011-10-12,25.372549,25.533333,25.039215,25.176472,25.176472,2045865
2011-10-13,25.098040,25.278431,24.647058,25.262745,25.262745,2586210
2011-10-14,25.505882,25.505882,25.086275,25.200001,25.200001,1957125
2011-10-17,25.117647,25.145098,24.568626,24.658825,24.658825,946560
2011-10-18,24.717648,25.047058,24.529411,24.819609,24.819609,1462680
2011-10-19,24.819609,25.415686,24.792156,24.913725,24.913725,2299080
2011-10-20,25.003922,25.368628,24.745098,25.352942,25.352942,1548870
2011-10-21,25.494118,26.145098,25.490196,25.803923,25.803923,1984920
2011-10-24,25.819609,26.388235,25.768627,26.376471,26.376471,1225020
2011-10-25,26.349020,26.364706,25.866667,25.937256,25.937256,1166370
2011-10-26,26.219608,26.364706,25.752941,26.278431,26.278431,1663365
2011-10-27,26.886274,27.529411,26.874510,27.309805,27.309805,1962990
2011-10-28,27.247059,27.894117,27.105883,27.835295,27.835295,1949730
2011-10-31,27.709805,27.737255,27.101961,27.184315,27.184315,2968455
2011-11-01,24.996078,25.678431,24.976471,25.235294,25.235294,4210050
2011-11-02,25.247059,25.882353,25.101961,25.454903,25.454903,1972680
2011-11-03,25.505882,25.749020,25.325491,25.717648,25.717648,1489455
2011-11-04,25.603922,25.678431,25.172548,25.560783,25.560783,959565
2011-11-07,25.525490,25.976471,25.333332,25.952942,25.952942,1093185
2011-11-08,26.058825,26.239216,25.698038,26.215687,26.215687,1065390
2011-11-09,25.741177,26.274509,25.098040,25.247059,25.247059,1755420
2011-11-10,25.576471,25.603922,25.101961,25.466667,25.466667,1941315
2011-11-11,25.780392,26.062744,25.568626,25.839216,25.839216,990930
2011-11-14,25.776470,25.870588,25.356863,25.486275,25.486275,1339515
2011-11-15,25.450979,25.556864,25.203922,25.435293,25.435293,2637210
2011-11-16,25.176472,25.266666,24.666668,24.686275,24.686275,1816620
2011-11-17,24.690195,24.705881,24.133333,24.207844,24.207844,1757970
2011-11-18,24.160784,24.254902,23.850981,23.909803,23.909803,1679940
2011-11-21,23.725491,24.392157,23.588236,24.215687,24.215687,2968965
2011-11-22,24.054901,24.054901,23.635294,23.874510,23.874510,2860080
2011-11-23,23.698038,23.870588,23.533333,23.709805,23.709805,1536630
2011-11-25,23.513725,23.756863,23.443136,23.525490,23.525490,435540
2011-11-28,24.000000,24.247059,23.941175,24.231373,24.231373,1575390
2011-11-29,24.270588,24.650980,24.164705,24.466667,24.466667,1392300
2011-11-30,24.921570,25.439217,24.921570,25.231373,25.231373,1793925
2011-12-01,25.274509,25.776470,25.262745,25.333332,25.333332,1277550
2011-12-02,25.521568,25.709805,25.011765,25.117647,25.117647,783615
2011-12-05,25.498039,25.843138,25.352942,25.490196,25.490196,798405
2011-12-06,25.415686,25.564707,25.176472,25.282352,25.282352,898110
2011-12-07,25.250980,25.298038,24.643137,25.105883,25.105883,854760
2011-12-08,24.956863,24.956863,24.376471,24.423529,24.423529,967470
2011-12-09,24.541176,25.105883,24.439217,24.894117,24.894117,1104150
2011-12-12,24.823528,24.917646,24.360785,24.537254,24.537254,842520
2011-12-13,24.541176,24.878431,24.101961,24.250980,24.250980,1243890
2011-12-14,24.094118,24.223530,23.972549,24.074511,24.074511,1030965
2011-12-15,24.258823,24.482353,24.121569,24.411764,24.411764,1066155
2011-12-16,24.564707,24.815685,24.286276,24.486275,24.486275,2841720
2011-12-19,24.678431,24.678431,24.180391,24.282352,24.282352,759390
2011-12-20,24.698038,25.407843,24.698038,25.200001,25.200001,962625
2011-12-21,25.160784,25.278431,24.858824,25.270588,25.270588,715530
2011-12-22,25.333332,25.458824,25.239216,25.352942,25.352942,450585
2011-12-23,25.450979,25.584314,25.368628,25.541176,25.541176,342210
2011-12-27,25.501961,25.776470,25.086275,25.596079,25.596079,447270
2011-12-28,25.619608,25.623529,25.113726,25.145098,25.145098,582675
2011-12-29,25.294119,25.498039,25.090197,25.407843,25.407843,579105
2011-12-30,25.439217,25.670588,25.239216,25.266666,25.266666,946305
2012-01-03,25.670588,26.109804,25.670588,25.788235,25.788235,1321665
2012-01-04,25.756863,25.776470,25.388235,25.709805,25.709805,706860
2012-01-05,25.654902,25.980392,25.545097,25.968628,25.968628,1627410
2012-01-06,26.003922,26.078430,25.643137,25.933332,25.933332,936105
2012-01-09,25.945099,25.992157,25.678431,25.839216,25.839216,865725
2012-01-10,26.070587,26.301962,25.933332,26.156862,26.156862,975375
2012-01-11,26.082354,26.662745,26.031372,26.650980,26.650980,848130
2012-01-12,26.662745,26.701962,26.098040,26.666668,26.666668,966960
2012-01-13,26.521568,26.662745,26.317648,26.635294,26.635294,622200
2012-01-17,26.858824,27.058825,26.619608,26.713724,26.713724,902700
2012-01-18,26.729412,26.956863,26.474510,26.949020,26.949020,1110525
2012-01-19,26.972549,27.047058,26.823528,27.003922,27.003922,1785765
2012-01-20,27.003922,27.258823,26.917646,27.235294,27.235294,1288005
2012-01-23,27.247059,27.482353,26.960785,27.137255,27.137255,908820
2012-01-24,27.000000,27.423529,27.000000,27.262745,27.262745,825435
2012-01-25,27.168627,27.698038,27.011765,27.698038,27.698038,629595
2012-01-26,27.760784,27.803923,27.388235,27.647058,27.647058,967215
2012-01-27,27.533333,27.949020,27.533333,27.843138,27.843138,995265
2012-01-30,27.498039,27.815685,27.325491,27.807842,27.807842,769845
2012-01-31,27.874510,28.196077,27.639215,27.799999,27.799999,1586865
2012-02-01,27.972549,28.517647,27.898039,28.505882,28.505882,1920915
2012-02-02,28.474510,28.709805,28.345098,28.662745,28.662745,1244400
2012-02-03,28.815685,28.964706,28.647058,28.690195,28.690195,1432080
2012-02-06,28.592157,28.792156,28.505882,28.623529,28.623529,1636590
2012-02-07,28.329412,28.764706,28.250980,28.462746,28.462746,1562640
2012-02-08,28.462746,28.462746,28.000000,28.211765,28.211765,2091510
2012-02-09,28.258823,28.454903,27.882353,27.949020,27.949020,1719465
2012-02-10,27.772549,27.964706,27.568626,27.937256,27.937256,1460385
2012-02-13,28.050980,28.396078,27.819609,28.278431,28.278431,1625625
2012-02-14,27.968628,28.686275,27.968628,28.686275,28.686275,1675605
2012-02-15,28.713724,28.815685,28.317648,28.678431,28.678431,2147610
2012-02-16,28.725491,29.796078,28.521568,29.674509,29.674509,2921790
2012-02-17,29.568626,29.698038,29.290195,29.329412,29.329412,1132710
2012-02-21,29.364706,29.501961,28.996078,29.125490,29.125490,904230
2012-02-22,29.235294,29.247059,28.874510,29.023529,29.023529,1211250
2012-02-23,29.074511,29.231373,28.917646,29.070587,29.070587,1228845
2012-02-24,29.164705,29.411764,29.133333,29.309805,29.309805,911880
2012-02-27,29.156862,29.270588,28.878431,29.141176,29.141176,974610
2012-02-28,29.305882,29.615686,29.196077,29.443136,29.443136,1367565
2012-02-29,29.403921,29.498039,28.960785,29.027451,29.027451,2408730
2012-03-01,29.054901,29.070587,28.647058,28.964706,28.964706,1308660
2012-03-02,28.988235,28.988235,28.611765,28.674509,28.674509,649995
2012-03-05,28.572550,28.815685,28.450979,28.678431,28.678431,819570
2012-03-06,28.439217,28.607843,28.176472,28.250980,28.250980,1177080
2012-03-07,28.282352,28.427450,28.125490,28.325491,28.325491,824415
2012-03-08,28.490196,28.858824,28.372549,28.729412,28.729412,1501695
2012-03-09,28.733334,29.278431,28.733334,28.992157,28.992157,907800
2012-03-12,28.325491,29.011765,28.325491,28.823528,28.823528,1136025
2012-03-13,28.909803,29.521568,28.854902,29.513725,29.513725,1419330
2012-03-14,29.435293,29.749020,29.360785,29.666668,29.666668,1140360
2012-03-15,29.607843,29.964706,29.596079,29.956863,29.956863,1168155
2012-03-16,29.870588,30.000000,29.827452,29.909803,29.909803,1496850
2012-03-19,29.988235,30.215687,29.815685,30.094118,30.094118,1195950
2012-03-20,29.952942,30.098040,29.862745,29.874510,29.874510,1225275
2012-03-21,29.866667,29.984314,29.694118,29.752941,29.752941,552840
2012-03-22,29.650980,29.686275,29.329412,29.458824,29.458824,793305
2012-03-23,29.552940,29.580393,29.282352,29.560783,29.560783,557175
2012-03-26,29.807842,30.105883,29.807842,30.015686,30.015686,701760
2012-03-27,30.078430,30.125490,29.894117,29.960785,29.960785,541620
2012-03-28,29.945099,30.094118,29.749020,29.886274,29.886274,864705
2012-03-29,29.733334,29.996078,29.611765,29.745098,29.745098,862920
2012-03-30,29.960785,29.960785,29.674509,29.678431,29.678431,1470075
2012-04-02,29.694118,30.109804,29.619608,29.894117,29.894117,1302285
2012-04-03,29.941175,30.098040,29.784313,30.074511,30.074511,829770
2012-04-04,29.843138,29.964706,29.658825,29.823528,29.823528,839205
2012-04-05,29.674509,29.866667,29.592157,29.839216,29.839216,430695
2012-04-09,29.380392,29.564707,29.196077,29.368628,29.368628,537795
2012-04-10,29.247059,29.411764,28.929413,28.937256,28.937256,954720
2012-04-11,29.235294,29.364706,28.949020,29.109804,29.109804,844050
2012-04-12,29.211765,29.560783,29.054901,29.439217,29.439217,742305
2012-04-13,29.505882,29.505882,28.831373,28.890196,28.890196,893520
2012-04-16,29.019608,29.027451,28.737255,28.925489,28.925489,825435
2012-04-17,29.019608,29.592157,28.949020,29.498039,29.498039,938910
2012-04-18,29.415686,29.611765,29.313725,29.325491,29.325491,971040
2012-04-19,29.313725,29.388235,28.921570,29.074511,29.074511,1209210
2012-04-20,29.262745,29.372549,29.074511,29.188234,29.188234,623220
2012-04-23,28.913725,29.043137,28.529411,28.741177,28.741177,1181415
2012-04-24,28.878431,29.137255,28.709805,29.098040,29.098040,1269390
2012-04-25,29.298038,29.733334,29.184315,29.662745,29.662745,1680195
2012-04-26,29.466667,30.000000,29.219608,29.972549,29.972549,1171215
2012-04-27,30.000000,30.337255,29.870588,30.309805,30.309805,1208190
2012-04-30,30.368628,30.478432,30.066668,30.094118,30.094118,1434885
2012-05-01,30.070587,30.270588,29.784313,29.980392,29.980392,1144185
2012-05-02,29.807842,30.156862,29.725491,30.082354,30.082354,576810
2012-05-03,30.070587,30.196077,29.874510,29.937256,29.937256,929730
2012-05-04,29.709805,30.176472,29.270588,29.364706,29.364706,1468545
2012-05-07,29.184315,29.541176,29.054901,29.305882,29.305882,1181160
2012-05-08,29.337255,30.650980,29.337255,30.403921,30.403921,4562715
2012-05-09,30.196077,30.196077,29.588236,30.023529,30.023529,2414595
2012-05-10,30.152941,30.294119,29.760784,29.847059,29.847059,1152600
2012-05-11,29.831373,30.137255,29.733334,30.027451,30.027451,1807695
2012-05-14,29.799999,29.921570,29.341175,29.768627,29.768627,1516740
2012-05-15,29.780392,30.011765,29.721569,29.878431,29.878431,1483080
2012-05-16,29.980392,29.980392,29.427450,29.635294,29.635294,1417035
2012-05-17,29.627451,29.674509,28.894117,28.901960,28.901960,1621290
2012-05-18,29.011765,29.031372,28.564707,28.631372,28.631372,1593750
2012-05-21,28.631372,29.270588,28.403921,29.247059,29.247059,1409895
2012-05-22,29.258823,29.329412,28.882353,29.082354,29.082354,1024845
2012-05-23,28.917646,29.270588,28.721569,29.239216,29.239216,1359150
2012-05-24,29.278431,29.603922,29.027451,29.431374,29.431374,1576665
2012-05-25,29.443136,29.733334,29.250980,29.619608,29.619608,1046010
2012-05-29,29.835295,30.086275,29.647058,29.913725,29.913725,957525
2012-05-30,29.705881,29.705881,29.247059,29.349020,29.349020,993990
2012-05-31,29.219608,29.329412,28.839216,29.141176,29.141176,1507560
2012-06-01,28.662745,28.733334,28.223530,28.384314,28.384314,2251395
2012-06-04,28.341175,28.662745,28.282352,28.635294,28.635294,1480530
2012-06-05,28.670588,29.141176,28.509804,29.098040,29.098040,1541730
2012-06-06,29.254902,29.325491,29.113726,29.188234,29.188234,1161015
2012-06-07,29.447060,29.576471,29.023529,29.035294,29.035294,1309425
2012-06-08,29.027451,29.243137,28.886274,29.145098,29.145098,1314780
2012-06-11,29.286276,29.396078,28.819609,28.866667,28.866667,1433355
2012-06-12,28.996078,29.219608,28.764706,29.192158,29.192158,1438965
2012-06-13,29.105883,29.368628,28.964706,29.105883,29.105883,1157445
2012-06-14,29.145098,29.792156,29.145098,29.670588,29.670588,1364250
2012-06-15,29.705881,30.588236,29.666668,30.517647,30.517647,3142365
2012-06-18,30.258823,31.109804,30.243137,31.035294,31.035294,2576775
2012-06-19,31.070587,31.521568,31.011765,31.266666,31.266666,2070600
2012-06-20,31.309805,31.392157,30.505882,30.588236,30.588236,2365635
2012-06-21,30.588236,30.768627,29.807842,29.956863,29.956863,1806675
2012-06-22,30.164705,30.415686,29.929413,30.282352,30.282352,1482825
2012-06-25,30.160784,30.160784,29.803923,29.831373,29.831373,863175
2012-06-26,29.956863,29.956863,29.592157,29.780392,29.780392,1028415
2012-06-27,29.980392,30.486275,29.945099,30.294119,30.294119,811410
2012-06-28,30.133333,30.474510,29.792156,30.443136,30.443136,954210
2012-06-29,30.823528,31.168627,30.701962,30.780392,30.780392,1340280
2012-07-02,31.019608,31.109804,30.764706,30.945099,30.945099,1076610
2012-07-03,30.972549,31.239216,30.972549,31.176472,31.176472,531165
2012-07-05,30.913725,31.145098,30.870588,31.058825,31.058825,884085
2012-07-06,30.941175,30.964706,30.458824,30.560783,30.560783,909840
2012-07-09,30.858824,30.858824,30.474510,30.721569,30.721569,753270
2012-07-10,30.831373,31.086275,30.490196,30.784313,30.784313,1294125
2012-07-11,30.780392,30.952942,30.623529,30.803923,30.803923,999090
2012-07-12,30.607843,30.650980,29.745098,30.086275,30.086275,2230740
2012-07-13,30.121569,30.564707,30.090197,30.521568,30.521568,716805
2012-07-16,30.490196,30.490196,30.062744,30.372549,30.372549,823905
2012-07-17,30.603922,30.745098,30.082354,30.670588,30.670588,898620
2012-07-18,30.537254,30.976471,30.443136,30.835295,30.835295,846855
2012-07-19,30.854902,31.078430,30.733334,30.980392,30.980392,793305
2012-07-20,30.992157,31.003922,30.521568,30.572550,30.572550,1125825
2012-07-23,30.113726,30.129412,29.709805,29.890196,29.890196,1250520
2012-07-24,30.023529,30.023529,29.054901,29.270588,29.270588,1109250
2012-07-25,29.333332,29.713724,29.101961,29.541176,29.541176,970785
2012-07-26,29.964706,30.082354,29.541176,29.890196,29.890196,1006230
2012-07-27,30.062744,30.717648,30.031372,30.650980,30.650980,1879350
2012-07-30,30.619608,30.737255,30.000000,30.117647,30.117647,1593750
2012-07-31,29.909803,30.156862,29.305882,29.337255,29.337255,2470695
2012-08-01,29.411764,29.486275,29.219608,29.423529,29.423529,1842885
2012-08-02,29.411764,29.486275,28.564707,29.380392,29.380392,2212125
2012-08-03,29.670588,30.188234,29.670588,29.956863,29.956863,1322685
2012-08-06,29.937256,30.235294,29.678431,30.015686,30.015686,907290
2012-08-07,30.192158,30.545097,30.011765,30.384314,30.384314,1100070
2012-08-08,30.356863,30.364706,30.129412,30.219608,30.219608,836910
2012-08-09,30.172548,30.337255,29.976471,30.047058,30.047058,986340
2012-08-10,30.039215,30.321569,29.847059,30.258823,30.258823,522240
2012-08-13,30.176472,30.286276,29.941175,30.258823,30.258823,282030
2012-08-14,30.317648,30.317648,30.011765,30.105883,30.105883,538815
2012-08-15,30.121569,30.533333,30.031372,30.501961,30.501961,441915
2012-08-16,30.396078,30.513725,30.168627,30.400000,30.400000,373320
2012-08-17,30.478432,30.705881,30.247059,30.635294,30.635294,676260
2012-08-20,30.635294,30.713724,30.411764,30.454903,30.454903,762705
2012-08-21,30.388235,30.784313,30.380392,30.541176,30.541176,574770
2012-08-22,30.321569,30.556864,30.125490,30.333332,30.333332,764745
2012-08-23,30.200001,30.345098,29.666668,29.823528,29.823528,1471350
2012-08-24,29.890196,30.015686,29.756863,29.901960,29.901960,644895
2012-08-27,29.933332,30.050980,29.745098,29.803923,29.803923,746130
2012-08-28,29.784313,29.956863,29.678431,29.878431,29.878431,446760
2012-08-29,29.882353,30.113726,29.843138,30.109804,30.109804,552330
2012-08-30,29.949020,30.070587,29.717648,29.992157,29.992157,458490
2012-08-31,30.313725,30.741177,29.811766,30.121569,30.121569,724200
2012-09-04,30.003922,30.360785,29.760784,30.278431,30.278431,901425
2012-09-05,30.243137,30.400000,29.984314,30.184315,30.184315,1261485
2012-09-06,30.400000,31.003922,30.400000,30.560783,30.560783,1580745
2012-09-07,30.517647,30.839216,30.458824,30.725491,30.725491,806565
2012-09-10,30.764706,30.890196,30.478432,30.525490,30.525490,684165
2012-09-11,30.462746,30.596079,30.192158,30.231373,30.231373,938400
2012-09-12,30.341175,30.525490,30.109804,30.188234,30.188234,723180
2012-09-13,30.188234,30.517647,30.082354,30.392157,30.392157,617355
2012-09-14,30.368628,30.478432,30.094118,30.223530,30.223530,1067940
2012-09-17,30.101961,30.419607,30.101961,30.188234,30.188234,953955
2012-09-18,30.270588,30.396078,30.031372,30.294119,30.294119,716295
2012-09-19,30.200001,30.803923,30.200001,30.756863,30.756863,1297185
2012-09-20,30.603922,31.121569,30.603922,31.035294,31.035294,1568250
2012-09-21,31.062744,31.454903,31.015686,31.270588,31.270588,2363085
2012-09-24,31.254902,31.419607,31.105883,31.313725,31.313725,746130
2012-09-25,31.356863,31.666668,31.325491,31.478432,31.478432,1318605
2012-09-26,31.517647,31.556864,30.980392,31.105883,31.105883,1166880
2012-09-27,31.125490,31.239216,30.929413,31.215687,31.215687,1019490
2012-09-28,31.200001,31.235294,30.894117,31.066668,31.066668,1206405
2012-10-01,31.243137,31.537254,30.874510,31.062744,31.062744,1636080
2012-10-02,31.058825,31.149019,30.839216,31.054901,31.054901,907545
2012-10-03,31.000000,31.152941,30.799999,30.976471,30.976471,1174785
2012-10-04,30.992157,31.278431,30.847059,31.180391,31.180391,1658010
2012-10-05,31.309805,31.482353,31.039215,31.086275,31.086275,861135
2012-10-08,30.956863,31.219608,30.956863,31.188234,31.188234,565335
2012-10-09,31.058825,31.160784,30.262745,30.349020,30.349020,949875
2012-10-10,30.407843,30.494118,30.094118,30.231373,30.231373,741030
2012-10-11,30.498039,30.584314,30.282352,30.466667,30.466667,729555
2012-10-12,30.411764,30.584314,30.180391,30.207844,30.207844,553605
2012-10-15,30.250980,30.333332,30.078430,30.254902,30.254902,472770
2012-10-16,30.372549,30.407843,30.101961,30.258823,30.258823,735420
2012-10-17,30.176472,30.450979,30.050980,30.349020,30.349020,766530
2012-10-18,29.870588,29.882353,29.129412,29.631372,29.631372,3070965
2012-10-19,29.607843,29.607843,29.223530,29.376471,29.376471,1079670
2012-10-22,29.341175,29.623529,29.196077,29.454903,29.454903,807585
2012-10-23,29.180391,29.254902,28.886274,28.992157,28.992157,1612110
2012-10-24,29.156862,29.439217,28.764706,29.243137,29.243137,1217625
2012-10-25,29.466667,29.709805,29.215687,29.337255,29.337255,666060
2012-10-26,29.290195,29.486275,28.933332,29.090197,29.090197,916980
2012-10-31,29.129412,29.160784,28.811766,28.921570,28.921570,1094715
2012-11-01,29.050980,29.925489,29.011765,29.780392,29.780392,1701870
2012-11-02,29.803923,29.949020,29.207844,29.215687,29.215687,1172235
2012-11-05,29.231373,29.866667,29.125490,29.741177,29.741177,1415760
2012-11-06,29.882353,30.419607,29.819609,30.274509,30.274509,1727880
2012-11-07,30.274509,31.196077,29.960785,30.705881,30.705881,2717790
2012-11-08,30.627451,30.807842,30.050980,30.086275,30.086275,1431825
2012-11-09,30.121569,30.505882,30.098040,30.235294,30.235294,695130
2012-11-12,30.266666,30.384314,29.972549,30.223530,30.223530,562785
2012-11-13,30.211765,30.607843,30.176472,30.443136,30.443136,834360
2012-11-14,30.533333,30.874510,30.294119,30.450979,30.450979,1050345
2012-11-15,30.298038,30.776470,30.215687,30.709805,30.709805,1419330
2012-11-16,30.662745,30.839216,30.521568,30.725491,30.725491,1300245
2012-11-19,30.952942,31.266666,30.839216,31.172548,31.172548,1131180
2012-11-20,30.705881,31.282352,30.666668,31.250980,31.250980,1054680
2012-11-21,31.313725,31.337255,31.086275,31.329412,31.329412,635970
2012-11-23,31.396078,31.686275,31.290195,31.666668,31.666668,468690
2012-11-26,31.635294,31.843138,31.521568,31.600000,31.600000,890205
2012-11-27,31.568626,31.882353,31.345098,31.388235,31.388235,945540
2012-11-28,31.388235,31.490196,30.980392,31.419607,31.419607,990930
2012-11-29,31.572550,31.682352,31.392157,31.670588,31.670588,781320
2012-11-30,31.749020,31.764706,31.380392,31.674509,31.674509,1352520
2012-12-03,31.764706,31.933332,31.415686,31.635294,31.635294,598485
2012-12-04,31.666668,31.921570,31.305882,31.611765,31.611765,1404540
2012-12-05,31.764706,31.764706,31.231373,31.388235,31.388235,1176315
2012-12-06,31.525490,31.525490,31.023529,31.254902,31.254902,1151580
2012-12-07,31.235294,31.349020,31.101961,31.329412,31.329412,706350
2012-12-10,31.290195,31.568626,31.266666,31.349020,31.349020,1077885
2012-12-11,31.372549,31.909803,31.356863,31.772549,31.772549,1906635
2012-12-12,31.705881,31.992157,31.670588,31.725491,31.725491,1125060
2012-12-13,31.643137,31.980392,31.607843,31.709805,31.709805,919785
2012-12-14,31.545097,31.949020,30.964706,31.890196,31.890196,1362210
2012-12-17,31.780392,32.215687,31.705881,32.172550,32.172550,1266330
2012-12-18,32.298038,32.513725,32.203922,32.247059,32.247059,1215585
2012-12-19,32.305882,32.305882,32.000000,32.003922,32.003922,1271940
2012-12-20,31.956863,32.172550,31.956863,32.160786,32.160786,925650
2012-12-21,31.729412,32.329411,31.729412,31.741177,31.741177,3697245
2012-12-24,31.874510,32.027451,31.741177,31.847059,31.847059,403155
2012-12-26,31.831373,32.023529,31.443136,31.572550,31.572550,675240
2012-12-27,31.517647,31.737255,31.254902,31.458824,31.458824,628065
2012-12-28,31.290195,31.603922,31.180391,31.356863,31.356863,550035
2012-12-31,31.345098,31.635294,31.203922,31.537254,31.537254,619395
2013-01-02,31.996078,32.368626,31.996078,32.321568,32.321568,1208445
2013-01-03,32.215687,32.443138,32.094116,32.333332,32.333332,890970
2013-01-04,32.443138,32.443138,32.274509,32.301960,32.301960,1289025
2013-01-07,32.254902,32.619610,32.223530,32.580391,32.580391,758370
2013-01-08,32.443138,32.760784,32.380390,32.407845,32.407845,1127100
2013-01-09,32.588234,32.752941,32.200001,32.580391,32.580391,1021275
2013-01-10,32.764706,32.811764,32.533333,32.690197,32.690197,828495
2013-01-11,32.776470,32.890198,32.498039,32.576469,32.576469,897345
2013-01-14,32.615685,32.960785,32.568626,32.960785,32.960785,918000
2013-01-15,32.854900,32.976471,32.603924,32.949020,32.949020,1003680
2013-01-16,32.819607,33.000000,32.690197,32.925491,32.925491,588540
2013-01-17,33.062744,33.356861,32.882355,33.180393,33.180393,723945
2013-01-18,33.070587,33.349018,33.070587,33.321568,33.321568,829770
2013-01-22,33.188236,33.486275,33.188236,33.482353,33.482353,762450
2013-01-23,33.427452,33.725491,33.349018,33.635296,33.635296,1005975
2013-01-24,33.705883,34.192158,33.662746,34.141174,34.141174,1735785
2013-01-25,34.325489,34.470589,34.141174,34.427452,34.427452,1114095
2013-01-28,34.376472,34.470589,34.145100,34.180393,34.180393,588540
2013-01-29,34.207844,34.309803,34.058823,34.117645,34.117645,1505010
2013-01-30,34.043137,34.282352,33.913727,34.011765,34.011765,809370
2013-01-31,33.882355,34.062744,33.760784,33.858826,33.858826,793560
2013-02-01,34.066666,34.356861,33.678432,34.333332,34.333332,1420095
2013-02-04,34.082352,34.533333,33.909805,34.172550,34.172550,1099560
2013-02-05,34.321568,34.501961,34.172550,34.431374,34.431374,862410
2013-02-06,34.254902,34.776470,34.254902,34.764706,34.764706,978435
2013-02-07,34.764706,34.988235,34.431374,34.760784,34.760784,1058505
2013-02-08,34.921570,35.031372,34.823528,34.945099,34.945099,872100
2013-02-11,34.996078,35.168629,34.866669,35.078430,35.078430,1199010
2013-02-12,35.101959,35.678432,35.070587,35.439217,35.439217,2199885
2013-02-13,35.431374,35.729412,34.898041,35.000000,35.000000,2286330
2013-02-14,34.705883,35.047058,34.533333,34.666668,34.666668,2234055
2013-02-15,34.760784,35.039215,34.635296,34.776470,34.776470,1124550
2013-02-19,34.745098,35.266666,34.713726,35.019608,35.019608,1428000
2013-02-20,34.988235,35.109802,34.674511,34.674511,34.674511,841500
2013-02-21,34.619610,34.776470,34.117645,34.254902,34.254902,1298205
2013-02-22,34.400002,34.509804,34.274509,34.423531,34.423531,884850
2013-02-25,34.615685,34.815685,34.250980,34.262745,34.262745,1948965
2013-02-26,34.407845,34.478432,34.035294,34.235294,34.235294,1046775
2013-02-27,34.376472,34.854900,33.988235,34.690197,34.690197,746640
2013-02-28,34.658825,35.117645,34.627453,34.988235,34.988235,1172745
2013-03-01,34.784313,34.992157,34.470589,34.839214,34.839214,1492260
2013-03-04,34.878429,34.878429,34.607841,34.807842,34.807842,1028160
2013-03-05,34.972549,35.447060,34.921570,35.254902,35.254902,925395
2013-03-06,35.266666,35.372547,35.176472,35.192158,35.192158,793560
2013-03-07,35.160786,35.317646,34.956863,35.019608,35.019608,967725
2013-03-08,35.137257,35.474510,35.109802,35.419609,35.419609,839970
2013-03-11,35.070587,35.501961,34.815685,35.262745,35.262745,1155150
2013-03-12,35.133331,35.384315,35.090195,35.305882,35.305882,864450
2013-03-13,35.400002,35.454903,35.274509,35.396076,35.396076,778770
2013-03-14,35.431374,35.545097,35.301960,35.541176,35.541176,776985
2013-03-15,35.458824,35.525490,35.184315,35.247059,35.247059,1445595
2013-03-18,35.960785,35.960785,35.043137,35.188236,35.188236,672435
2013-03-19,35.164707,35.556862,35.164707,35.309803,35.309803,1538670
2013-03-20,35.498039,35.764706,35.498039,35.647060,35.647060,969000
2013-03-21,35.435295,35.572548,35.278431,35.529411,35.529411,833085
2013-03-22,35.647060,35.745098,35.454903,35.521568,35.521568,523260
2013-03-25,35.678432,35.874512,35.274509,35.411766,35.411766,730065
2013-03-26,35.588234,35.843136,35.513725,35.741177,35.741177,541110
2013-03-27,35.529411,35.792156,35.364704,35.768627,35.768627,457215
2013-03-28,35.658825,36.337254,35.556862,36.294117,36.294117,1172235
2013-04-01,36.129414,36.329411,35.847057,36.050980,36.050980,771630
2013-04-02,36.231373,36.431374,35.960785,36.109802,36.109802,748170
2013-04-03,36.078430,36.129414,35.611767,35.701962,35.701962,707880
2013-04-04,35.709805,36.082352,35.670589,35.839214,35.839214,574770
2013-04-05,35.454903,35.513725,35.223530,35.466667,35.466667,935340
2013-04-08,35.400002,35.843136,35.400002,35.835293,35.835293,659175
2013-04-09,35.854900,35.878429,35.266666,35.603924,35.603924,788205
2013-04-10,35.607841,36.121571,35.541176,36.003922,36.003922,685440
2013-04-11,36.105881,36.313725,35.976471,36.211765,36.211765,609960
2013-04-12,36.368626,36.388233,35.866669,36.043137,36.043137,553350
2013-04-15,36.015686,36.172550,35.180393,35.298038,35.298038,675240
2013-04-16,35.521568,35.843136,35.231373,35.792156,35.792156,512805
2013-04-17,35.443138,35.494118,35.054901,35.431374,35.431374,767040
2013-04-18,35.447060,35.501961,35.121571,35.345097,35.345097,734145
2013-04-19,35.133331,35.952942,35.133331,35.862743,35.862743,707625
2013-04-22,35.925491,35.949020,35.435295,35.576469,35.576469,461295
2013-04-23,35.760784,35.858826,34.862743,35.219608,35.219608,1981095
2013-04-24,35.105881,35.356861,35.094116,35.149021,35.149021,1105680
2013-04-25,35.262745,35.368626,35.141174,35.235294,35.235294,831300
2013-04-26,35.258823,35.447060,35.027451,35.196079,35.196079,794835
2013-04-29,35.250980,35.372547,35.090195,35.270588,35.270588,1123785
2013-04-30,35.200001,35.474510,35.058823,35.450981,35.450981,1675095
2013-05-01,35.341175,35.423531,35.039215,35.098038,35.098038,870570
2013-05-02,35.113724,35.368626,34.968628,35.321568,35.321568,817785
2013-05-03,35.643139,35.878429,35.266666,35.576469,35.576469,881790
2013-05-06,35.576469,35.937256,35.470589,35.737255,35.737255,987105
2013-05-07,35.392159,36.137257,35.125488,36.043137,36.043137,1388985
2013-05-08,35.949020,36.494118,35.737255,36.494118,36.494118,1106955
2013-05-09,36.349018,36.698040,36.349018,36.584312,36.584312,779535
2013-05-10,36.505882,37.180393,36.498039,37.019608,37.019608,1046010
2013-05-13,37.058823,37.247059,36.807842,37.164707,37.164707,1402500
2013-05-14,37.215687,37.623528,37.070587,37.415688,37.415688,824925
2013-05-15,37.431374,37.666668,37.317646,37.639217,37.639217,854505
2013-05-16,37.364704,37.643139,37.301960,37.392159,37.392159,839970
2013-05-17,37.756863,37.756863,37.235294,37.403923,37.403923,855780
2013-05-20,37.458824,37.639217,37.337254,37.372547,37.372547,710175
2013-05-21,37.321568,37.756863,37.321568,37.705883,37.705883,1096755
2013-05-22,37.745098,38.074509,37.298038,37.380390,37.380390,1347420
2013-05-23,37.098038,37.560783,37.011765,37.525490,37.525490,759900
2013-05-24,37.286274,37.505882,36.964706,37.298038,37.298038,892755
2013-05-28,37.537254,38.043137,37.313725,37.843136,37.843136,1078140
2013-05-29,37.709805,37.709805,37.231373,37.345097,37.345097,976650
2013-05-30,37.266666,37.819607,37.105881,37.733334,37.733334,512550
2013-05-31,37.615685,38.011765,37.360783,37.760784,37.760784,1419330
2013-06-03,37.752941,37.780392,37.278431,37.764706,37.764706,1186260
2013-06-04,37.784313,38.023529,37.435295,37.552940,37.552940,797895
2013-06-05,37.584312,37.619610,36.678432,36.847057,36.847057,1364505
2013-06-06,36.956863,37.149021,36.415688,36.858826,36.858826,1831155
2013-06-07,36.925491,37.490196,36.858826,37.427452,37.427452,772395
2013-06-10,37.568626,37.756863,37.321568,37.752941,37.752941,673200
2013-06-11,37.490196,38.003922,37.266666,37.839214,37.839214,1001130
2013-06-12,38.047058,38.098038,37.356861,37.509804,37.509804,627300
2013-06-13,38.078430,38.149021,37.392159,38.019608,38.019608,956505
2013-06-14,38.094116,38.250980,37.870586,38.011765,38.011765,728280
2013-06-17,38.305882,38.501961,38.074509,38.290195,38.290195,1215585
2013-06-18,38.392159,38.541176,38.215687,38.490196,38.490196,843540
2013-06-19,38.392159,38.501961,37.847057,37.878429,37.878429,631125
2013-06-20,37.592155,37.839214,36.674511,36.823528,36.823528,1155660
2013-06-21,36.870586,37.235294,36.603924,36.733334,36.733334,2380425
2013-06-24,36.674511,37.129414,36.427452,36.890198,36.890198,1083240
2013-06-25,37.266666,37.345097,36.756863,37.090195,37.090195,665550
2013-06-26,37.407845,37.505882,37.125488,37.325489,37.325489,944520
2013-06-27,37.517647,37.623528,37.345097,37.349018,37.349018,558705
2013-06-28,37.196079,37.792156,36.890198,37.545097,37.545097,3395580
2013-07-01,37.819607,38.321568,37.623528,38.066666,38.066666,1304070
2013-07-02,38.196079,38.349018,37.921570,38.007843,38.007843,1020000
2013-07-03,37.843136,38.152943,37.701962,37.964706,37.964706,542895
2013-07-05,38.392159,38.658825,37.933334,38.466667,38.466667,661215
2013-07-08,38.721569,38.764706,38.443138,38.694118,38.694118,706605
2013-07-09,38.866669,38.929413,38.607841,38.850979,38.850979,448290
2013-07-10,38.713726,39.345097,38.678432,39.313725,39.313725,806310
2013-07-11,39.576469,39.917648,39.517647,39.882355,39.882355,697935
2013-07-12,39.968628,40.266666,39.792156,40.219608,40.219608,993480
2013-07-15,40.372547,40.501961,40.039215,40.156864,40.156864,791010
2013-07-16,40.094116,40.294117,39.964706,40.054901,40.054901,850680
2013-07-17,40.270588,40.270588,40.007843,40.078430,40.078430,709920
2013-07-18,40.188236,40.525490,40.094116,40.521568,40.521568,687480
2013-07-19,40.521568,40.807842,40.203922,40.615685,40.615685,797130
2013-07-22,40.909805,41.101959,40.639217,40.764706,40.764706,839460
2013-07-23,40.745098,40.807842,40.450981,40.513725,40.513725,886125
2013-07-24,40.721569,40.913727,40.247059,40.376472,40.376472,533970
2013-07-25,40.227451,40.552940,40.215687,40.529411,40.529411,908310
2013-07-26,40.305882,40.607841,40.196079,40.486275,40.486275,915450
2013-07-29,40.478432,40.619610,40.133331,40.498039,40.498039,763725
2013-07-30,40.509804,40.588234,39.913727,40.223530,40.223530,1544025
2013-07-31,40.470589,41.015686,40.309803,40.717648,40.717648,870315
2013-08-01,41.188236,41.886276,40.807842,41.749020,41.749020,1660815
2013-08-02,41.701962,41.701962,41.231373,41.564705,41.564705,911880
2013-08-05,41.639217,41.788235,41.027451,41.270588,41.270588,1824525
2013-08-06,41.333332,41.490196,40.576469,41.180393,41.180393,1327530
2013-08-07,41.176472,41.290195,40.815685,41.164707,41.164707,706605
2013-08-08,41.176472,41.647060,41.098038,41.513725,41.513725,1097775
2013-08-09,41.356861,41.698040,41.309803,41.584312,41.584312,795345
2013-08-12,41.588234,41.803921,41.411766,41.764706,41.764706,856290
2013-08-13,41.941177,42.254902,41.427452,42.023529,42.023529,957780
2013-08-14,41.960785,42.070587,41.388233,41.494118,41.494118,1182435
2013-08-15,41.035294,41.266666,40.450981,40.666668,40.666668,977925
2013-08-16,40.619610,40.803921,40.403923,40.470589,40.470589,948855
2013-08-19,40.482353,40.878429,40.192158,40.541176,40.541176,836400
2013-08-20,40.588234,40.921570,40.490196,40.745098,40.745098,942225
2013-08-21,40.466667,40.858826,40.415688,40.576469,40.576469,1062330
2013-08-22,40.650982,40.874512,40.466667,40.721569,40.721569,566355
2013-08-23,40.729412,40.870586,40.360783,40.501961,40.501961,1178355
2013-08-26,40.450981,40.901962,40.450981,40.576469,40.576469,784635
2013-08-27,40.282352,40.376472,39.862743,39.905884,39.905884,574260
2013-08-28,39.984314,40.239216,39.831371,40.011765,40.011765,687225
2013-08-29,39.870586,40.337254,39.741177,39.980392,39.980392,597720
2013-08-30,40.086273,40.231373,39.525490,39.627453,39.627453,988635
2013-09-03,40.062744,40.741177,39.466667,39.909805,39.909805,2094825
2013-09-04,39.917648,40.196079,39.776470,40.141174,40.141174,2044080
2013-09-05,40.105881,40.384315,39.776470,40.227451,40.227451,786675
2013-09-06,40.450981,40.501961,39.686275,40.196079,40.196079,888930
2013-09-09,40.266666,40.666668,40.200001,40.568626,40.568626,593640
2013-09-10,40.843136,41.133331,40.674511,41.117645,41.117645,1113840
2013-09-11,41.062744,41.439217,41.062744,41.411766,41.411766,1355070
2013-09-12,41.309803,41.545097,41.176472,41.309803,41.309803,850680
2013-09-13,41.525490,41.560783,40.882355,40.988235,40.988235,920040
2013-09-16,41.411766,41.482353,41.207844,41.415688,41.415688,576300
2013-09-17,41.423531,41.568626,41.254902,41.423531,41.423531,1094205
2013-09-18,41.372547,41.419609,40.996078,41.254902,41.254902,900405
2013-09-19,41.333332,41.447060,41.098038,41.349018,41.349018,565080
2013-09-20,41.505882,41.568626,41.058823,41.176472,41.176472,2290155
2013-09-23,41.015686,41.529411,40.972549,41.176472,41.176472,618885
2013-09-24,41.278431,41.278431,40.749020,40.811764,40.811764,1150815
2013-09-25,40.799999,40.956863,40.533333,40.552940,40.552940,807840
2013-09-26,40.713726,41.098038,40.623528,40.827450,40.827450,683655
2013-09-27,40.635296,40.835293,40.490196,40.580391,40.580391,404685
2013-09-30,40.341175,40.776470,40.196079,40.694118,40.694118,1296675
2013-10-01,40.537254,41.364704,40.466667,41.247059,41.247059,1697025
2013-10-02,41.172550,41.231373,40.658825,41.219608,41.219608,589560
2013-10-03,41.031372,41.125488,40.494118,40.749020,40.749020,762960
2013-10-04,40.662746,41.372547,40.615685,41.294117,41.294117,623220
2013-10-07,40.988235,41.211765,40.705883,40.713726,40.713726,616590
2013-10-08,40.666668,40.960785,40.349018,40.384315,40.384315,626535
2013-10-09,40.674511,41.176472,40.498039,41.066666,41.066666,1329060
2013-10-10,41.423531,41.929413,41.137257,41.862743,41.862743,1355070
2013-10-11,41.670589,42.176472,41.670589,42.078430,42.078430,647190
2013-10-14,41.549019,42.427452,41.549019,42.419609,42.419609,834105
2013-10-15,42.156864,42.654903,42.156864,42.529411,42.529411,1669740
2013-10-16,42.670589,43.070587,42.611767,43.031372,43.031372,1284180
2013-10-17,42.964706,43.564705,42.780392,43.525490,43.525490,1091145
2013-10-18,43.717648,43.737255,43.376472,43.721569,43.721569,587520
2013-10-21,43.635296,43.847057,43.443138,43.662746,43.662746,464355
2013-10-22,43.717648,44.109802,43.588234,43.647060,43.647060,752760
2013-10-23,43.556862,43.882355,43.490196,43.850979,43.850979,474300
2013-10-24,43.725491,43.847057,43.439217,43.494118,43.494118,941205
2013-10-25,43.807842,43.807842,43.396076,43.541176,43.541176,883575
2013-10-28,43.529411,43.843136,43.356861,43.823528,43.823528,914940
2013-10-29,43.996078,44.309803,43.890198,44.305882,44.305882,572730
2013-10-30,44.333332,44.584312,43.760784,43.913727,43.913727,921570
2013-10-31,43.937256,44.247059,43.611767,44.090195,44.090195,1566720
2013-11-01,44.415688,44.415688,43.862743,44.070587,44.070587,756075
2013-11-04,44.078430,44.396076,43.443138,44.349018,44.349018,1696770
2013-11-05,43.137257,44.109802,42.650982,43.364704,43.364704,1981605
2013-11-06,43.827450,43.882355,43.137257,43.207844,43.207844,1041165
2013-11-07,43.396076,43.517647,42.807842,42.878429,42.878429,1053405
2013-11-08,43.015686,43.592155,42.909805,43.588234,43.588234,666825
2013-11-11,43.572548,43.796078,43.407845,43.627453,43.627453,715785
2013-11-12,43.423531,44.094116,43.349018,44.094116,44.094116,1025355
2013-11-13,43.972549,44.490196,43.764706,44.470589,44.470589,742560
2013-11-14,44.415688,45.023529,44.160786,45.015686,45.015686,975120
2013-11-15,45.188236,45.188236,44.509804,44.682354,44.682354,753525
2013-11-18,44.643139,44.780392,44.349018,44.533333,44.533333,708390
2013-11-19,44.419609,44.674511,44.290195,44.301960,44.301960,698190
2013-11-20,44.243137,44.686275,44.184315,44.423531,44.423531,554625
2013-11-21,44.439217,44.972549,44.152943,44.909805,44.909805,532950
2013-11-22,44.909805,45.031372,44.686275,44.913727,44.913727,574005
2013-11-25,44.317646,45.223530,44.317646,44.992157,44.992157,582675
2013-11-26,44.992157,45.278431,44.803921,44.843136,44.843136,934320
2013-11-27,44.831371,44.976471,44.611767,44.866669,44.866669,589050
2013-11-29,44.776470,44.941177,44.490196,44.705883,44.705883,363885
2013-12-02,44.494118,45.145100,44.494118,44.941177,44.941177,635460
2013-12-03,44.749020,44.956863,44.662746,44.941177,44.941177,655605
2013-12-04,44.811764,44.850979,44.278431,44.588234,44.588234,574515
2013-12-05,44.462746,44.682354,43.925491,44.098038,44.098038,1450440
2013-12-06,44.705883,44.796078,44.207844,44.658825,44.658825,1617210
2013-12-09,44.788235,45.329411,44.396076,44.501961,44.501961,927690
2013-12-10,44.666668,45.235294,44.235294,45.184315,45.184315,2137410
2013-12-11,45.341175,45.517647,44.219608,44.239216,44.239216,1096500
2013-12-12,44.117645,44.764706,43.733334,43.815685,43.815685,1061820
2013-12-13,44.078430,44.254902,43.654903,43.952942,43.952942,805290
2013-12-16,44.168629,44.462746,43.839214,43.956863,43.956863,661980
2013-12-17,44.109802,44.164707,43.580391,43.686275,43.686275,1042950
2013-12-18,43.870586,44.384315,43.294117,44.372547,44.372547,757860
2013-12-19,44.196079,44.443138,43.760784,43.941177,43.941177,915450
2013-12-20,43.972549,44.313725,43.972549,44.258823,44.258823,1616190
2013-12-23,44.505882,44.764706,44.223530,44.631374,44.631374,705840
2013-12-24,44.705883,44.811764,44.388233,44.796078,44.796078,269025
2013-12-26,44.823528,44.945099,44.537254,44.796078,44.796078,430950
2013-12-27,44.894119,45.058823,44.799999,44.874512,44.874512,501330
2013-12-30,44.898041,44.956863,44.631374,44.901962,44.901962,370005
2013-12-31,45.058823,45.066666,44.701962,44.807842,44.807842,735420
2014-01-02,44.709805,44.807842,44.309803,44.505882,44.505882,884595
2014-01-03,44.592155,44.823528,44.368626,44.670589,44.670589,513825
2014-01-06,44.686275,44.835293,44.258823,44.568626,44.568626,932025
2014-01-07,44.701962,45.411766,44.305882,45.223530,45.223530,878475
2014-01-08,45.168629,46.007843,45.098038,45.984314,45.984314,1411170
2014-01-09,46.243137,46.478432,45.870586,46.090195,46.090195,1142400
2014-01-10,45.929413,46.007843,45.533333,45.568626,45.568626,1237005
2014-01-13,45.521568,45.654903,44.749020,44.827450,44.827450,1250265
2014-01-14,44.901962,45.501961,44.729412,45.250980,45.250980,901425
2014-01-15,45.541176,45.541176,45.298038,45.411766,45.411766,1225020
2014-01-16,45.411766,45.486275,45.145100,45.403923,45.403923,921570
2014-01-17,45.262745,45.678432,45.082352,45.552940,45.552940,1107975
2014-01-21,45.980392,45.980392,45.584312,45.909805,45.909805,1047540
2014-01-22,46.070587,46.227451,45.619610,46.219608,46.219608,1000620
2014-01-23,45.976471,46.211765,45.513725,45.823528,45.823528,1099305
2014-01-24,45.615685,45.925491,44.968628,45.082352,45.082352,1387200
2014-01-27,45.050980,45.176472,44.262745,44.290195,44.290195,1370880
2014-01-28,44.364704,44.768627,44.101959,44.768627,44.768627,1251285
2014-01-29,44.313725,44.917648,43.964706,44.698040,44.698040,1546065
2014-01-30,45.188236,45.490196,44.921570,45.121571,45.121571,662235
2014-01-31,44.392159,45.207844,44.317646,45.054901,45.054901,1709520
2014-02-03,45.058823,45.419609,43.015686,43.219608,43.219608,2921025
2014-02-04,43.454903,43.662746,43.215687,43.278431,43.278431,1859970
2014-02-05,43.129414,43.654903,43.047058,43.552940,43.552940,944265
2014-02-06,43.607841,43.960785,43.180393,43.733334,43.733334,920295
2014-02-07,43.984314,44.580391,43.454903,44.458824,44.458824,1077630
2014-02-10,44.325489,45.058823,44.325489,45.035294,45.035294,1282650
2014-02-11,45.192158,45.470589,44.031372,44.874512,44.874512,2494155
2014-02-12,45.058823,45.509804,44.741177,45.101959,45.101959,1570800
2014-02-13,45.070587,45.964706,44.729412,45.941177,45.941177,1551420
2014-02-14,45.701962,46.035294,45.560783,45.894119,45.894119,908820
2014-02-18,46.101959,46.329411,45.984314,46.192158,46.192158,789480
2014-02-19,46.176472,46.266666,45.756863,45.827450,45.827450,793050
2014-02-20,45.741177,46.341175,45.541176,46.274509,46.274509,872355
2014-02-21,46.490196,46.725491,46.058823,46.552940,46.552940,1257660
2014-02-24,46.733334,47.176472,46.400002,46.894119,46.894119,1074825
2014-02-25,46.898041,47.058823,46.603924,46.725491,46.725491,1808460
2014-02-26,46.870586,47.082352,46.380390,46.517647,46.517647,1208190
2014-02-27,46.533333,46.737255,46.262745,46.564705,46.564705,739245
2014-02-28,46.639217,47.039215,46.337254,46.682354,46.682354,967215
2014-03-03,46.231373,46.517647,45.701962,45.964706,45.964706,1843650
2014-03-04,46.603924,47.058823,46.470589,46.796078,46.796078,1062330
2014-03-05,46.925491,46.925491,46.521568,46.803921,46.803921,769335
2014-03-06,46.898041,47.196079,46.776470,46.964706,46.964706,657135
2014-03-07,47.211765,47.211765,46.654903,46.968628,46.968628,505155
2014-03-10,46.933334,47.184315,46.654903,47.125488,47.125488,980730
2014-03-11,46.956863,47.341175,46.666668,46.898041,46.898041,969765
2014-03-12,46.572548,46.831371,46.450981,46.690197,46.690197,1598340
2014-03-13,47.000000,47.200001,46.364704,46.462746,46.462746,1626390
2014-03-14,46.380390,46.807842,46.282352,46.431374,46.431374,903975
2014-03-17,46.650982,47.011765,46.458824,46.658825,46.658825,848640
2014-03-18,46.737255,46.901962,46.533333,46.741177,46.741177,810900
2014-03-19,46.584312,46.827450,46.200001,46.454903,46.454903,1029435
2014-03-20,46.345097,46.654903,46.207844,46.525490,46.525490,775710
2014-03-21,46.768627,47.054901,45.913727,45.952942,45.952942,1852830
2014-03-24,46.125488,46.458824,45.133331,45.545097,45.545097,949875
2014-03-25,45.654903,46.113724,45.200001,45.466667,45.466667,887655
2014-03-26,45.619610,46.011765,45.388233,45.725491,45.725491,1219410
2014-03-27,45.882355,45.941177,45.388233,45.533333,45.533333,855525
2014-03-28,45.768627,46.647060,45.321568,46.180393,46.180393,1266840
2014-03-31,46.423531,46.929413,46.282352,46.811764,46.811764,1021275
2014-04-01,46.890198,47.058823,46.537254,47.027451,47.027451,1106190
2014-04-02,47.113724,47.298038,46.886276,46.956863,46.956863,1077120
2014-04-03,47.176472,47.176472,46.615685,46.937256,46.937256,1202070
2014-04-04,47.313725,47.447060,45.588234,45.678432,45.678432,1364505
2014-04-07,45.462746,45.670589,44.439217,44.686275,44.686275,2088960
2014-04-08,44.866669,45.513725,44.278431,45.200001,45.200001,1782960
2014-04-09,45.415688,45.807842,44.886276,45.799999,45.799999,898365
2014-04-10,45.729412,45.831371,44.560783,44.717648,44.717648,1343850
2014-04-11,44.356861,44.827450,44.066666,44.090195,44.090195,853740
2014-04-14,44.517647,44.737255,43.996078,44.439217,44.439217,980220
2014-04-15,44.482353,44.815685,43.525490,44.466667,44.466667,978435
2014-04-16,44.827450,44.952942,44.337254,44.509804,44.509804,806565
2014-04-17,44.607841,45.290195,44.529411,44.654903,44.654903,1377510
2014-04-21,44.694118,45.023529,44.345097,44.776470,44.776470,703035
2014-04-22,44.878429,45.101959,44.607841,44.901962,44.901962,926925
2014-04-23,44.968628,45.309803,44.603924,44.898041,44.898041,701505
2014-04-24,45.227451,45.298038,44.552940,44.576469,44.576469,1042185
2014-04-25,44.349018,44.662746,44.207844,44.525490,44.525490,1334415
2014-04-28,44.796078,45.082352,44.035294,44.627453,44.627453,1031475
2014-04-29,44.701962,44.898041,44.537254,44.627453,44.627453,683655
2014-04-30,44.533333,44.796078,44.411766,44.796078,44.796078,1309170
2014-05-01,45.039215,45.098038,44.486275,44.815685,44.815685,830790
2014-05-02,45.035294,45.203922,44.658825,44.682354,44.682354,1260465
2014-05-05,44.545097,45.239216,44.333332,45.168629,45.168629,1117665
2014-05-06,44.992157,45.470589,44.494118,44.556862,44.556862,1293615
2014-05-07,44.372547,44.466667,43.960785,44.380390,44.380390,1679175
2014-05-08,44.329411,45.094116,44.329411,44.470589,44.470589,1144440
2014-05-09,44.396076,45.203922,44.207844,45.176472,45.176472,997560
2014-05-12,45.286274,45.898041,45.211765,45.580391,45.580391,931005
2014-05-13,45.635296,45.792156,45.098038,45.286274,45.286274,806055
2014-05-14,45.243137,45.243137,44.827450,44.894119,44.894119,1034535
2014-05-15,44.737255,44.886276,44.321568,44.784313,44.784313,850170
2014-05-16,44.737255,45.305882,44.607841,45.262745,45.262745,932535
2014-05-19,45.156864,45.650982,45.137257,45.505882,45.505882,1214310
2014-05-20,45.282352,45.494118,44.827450,45.219608,45.219608,875160
2014-05-21,45.352940,45.749020,45.227451,45.588234,45.588234,979710
2014-05-22,45.470589,45.705883,45.207844,45.549019,45.549019,1351245
2014-05-23,45.737255,45.819607,45.403923,45.803921,45.803921,992205
2014-05-27,45.901962,46.325489,45.760784,46.325489,46.325489,1117410
2014-05-28,46.305882,46.701962,46.164707,46.337254,46.337254,1189575
2014-05-29,46.349018,46.650982,46.125488,46.643139,46.643139,665040
2014-05-30,46.015686,46.956863,46.015686,46.921570,46.921570,3371355
2014-06-02,46.976471,47.043137,46.607841,46.941177,46.941177,846090
2014-06-03,46.623528,47.270588,46.623528,47.247059,47.247059,1027650
2014-06-04,47.070587,47.196079,46.721569,46.835293,46.835293,1656735
2014-06-05,46.768627,46.988235,46.509804,46.737255,46.737255,1202325
2014-06-06,47.019608,47.019608,46.678432,46.913727,46.913727,688755
2014-06-09,46.823528,47.270588,46.709805,47.050980,47.050980,824670
2014-06-10,46.917648,47.007843,46.576469,46.882355,46.882355,737460
2014-06-11,46.674511,47.058823,46.494118,46.584312,46.584312,456195
2014-06-12,46.537254,46.537254,46.141174,46.329411,46.329411,672180
2014-06-13,46.505882,46.549019,46.227451,46.305882,46.305882,488580
2014-06-16,46.431374,46.772549,46.066666,46.180393,46.180393,823395
2014-06-17,46.223530,46.729412,46.141174,46.407845,46.407845,1133985
2014-06-18,46.505882,46.815685,46.329411,46.705883,46.705883,750975
2014-06-19,46.882355,46.882355,46.482353,46.698040,46.698040,577320
2014-06-20,46.874512,46.992157,46.682354,46.882355,46.882355,1393830
2014-06-23,46.811764,47.090195,46.690197,47.078430,47.078430,761685
2014-06-24,47.058823,47.411766,46.968628,47.058823,47.058823,924885
2014-06-25,46.839214,47.364704,46.682354,47.160786,47.160786,798915
2014-06-26,47.172550,47.203922,46.796078,47.023529,47.023529,668865
2014-06-27,46.984314,46.984314,46.576469,46.611767,46.611767,1390770
2014-06-30,46.623528,46.921570,46.309803,46.533333,46.533333,1576155
2014-07-01,46.733334,47.203922,46.599998,47.019608,47.019608,1560090
2014-07-02,46.917648,47.043137,46.662746,46.784313,46.784313,765765
2014-07-03,46.917648,47.023529,46.682354,46.929413,46.929413,816255
2014-07-07,46.929413,47.058823,46.635296,46.799999,46.799999,858075
2014-07-08,46.827450,46.827450,46.627453,46.647060,46.647060,1127355
2014-07-09,46.799999,46.960785,46.556862,46.654903,46.654903,505920
2014-07-10,46.188236,46.658825,46.098038,46.498039,46.498039,779790
2014-07-11,46.627453,46.627453,46.184315,46.529411,46.529411,668610
2014-07-14,46.909805,47.054901,46.372547,46.505882,46.505882,569415
2014-07-15,46.584312,46.584312,46.101959,46.494118,46.494118,1218645
2014-07-16,46.615685,46.921570,46.254902,46.874512,46.874512,1740885
2014-07-17,46.780392,46.949020,46.286274,46.470589,46.470589,1179885
2014-07-18,46.760784,46.976471,46.309803,46.937256,46.937256,1343595
2014-07-21,46.686275,46.686275,46.200001,46.309803,46.309803,1120215
2014-07-22,46.439217,46.752941,46.309803,46.317646,46.317646,1160760
2014-07-23,46.454903,46.599998,46.356861,46.541176,46.541176,993480
2014-07-24,46.654903,46.956863,46.643139,46.756863,46.756863,720120
2014-07-25,46.458824,46.658825,46.078430,46.313725,46.313725,1266840
2014-07-28,46.168629,46.650982,46.125488,46.403923,46.403923,941970
2014-07-29,46.505882,46.682354,46.266666,46.419609,46.419609,903975
2014-07-30,46.556862,46.780392,46.270588,46.588234,46.588234,813960
2014-07-31,46.349018,46.380390,45.482353,45.588234,45.588234,1557285
2014-08-01,45.650982,46.121571,45.439217,46.035294,46.035294,2128995
2014-08-04,46.235294,47.031372,45.407845,45.788235,45.788235,1473645
2014-08-05,45.643139,45.792156,45.168629,45.219608,45.219608,1599105
2014-08-06,45.054901,45.529411,44.917648,45.337254,45.337254,979965
2014-08-07,45.474510,45.525490,44.929413,45.039215,45.039215,975630
2014-08-08,44.929413,45.596077,44.929413,45.509804,45.509804,764235
2014-08-11,45.592155,45.980392,45.592155,45.643139,45.643139,1385670
2014-08-12,45.694118,45.917648,45.545097,45.725491,45.725491,1151325
2014-08-13,45.890198,46.301960,45.835293,46.215687,46.215687,814725
2014-08-14,46.266666,46.478432,46.082352,46.458824,46.458824,727515
2014-08-15,46.843136,46.843136,46.094116,46.262745,46.262745,1033770
2014-08-18,46.431374,46.717648,46.415688,46.623528,46.623528,542130
2014-08-19,46.662746,46.890198,46.450981,46.847057,46.847057,750720
2014-08-20,46.768627,46.803921,46.498039,46.780392,46.780392,576300
2014-08-21,46.756863,46.960785,46.584312,46.913727,46.913727,663000
2014-08-22,47.019608,47.019608,46.690197,46.764706,46.764706,925140
2014-08-25,46.917648,47.133331,46.713726,47.086273,47.086273,586755
2014-08-26,47.247059,47.247059,46.929413,47.019608,47.019608,646935
2014-08-27,47.149021,47.149021,46.796078,46.913727,46.913727,488325
2014-08-28,46.839214,47.007843,46.635296,46.843136,46.843136,549270
2014-08-29,47.098038,47.200001,46.705883,46.937256,46.937256,964920
2014-09-02,46.933334,47.125488,46.733334,46.980392,46.980392,1350990
2014-09-03,47.019608,47.074509,46.764706,46.878429,46.878429,597210
2014-09-04,47.450981,47.450981,46.419609,46.556862,46.556862,921315
2014-09-05,46.690197,46.949020,46.321568,46.745098,46.745098,648720
2014-09-08,46.564705,46.854900,46.556862,46.811764,46.811764,840735
2014-09-09,46.623528,46.831371,46.388233,46.521568,46.521568,863175
2014-09-10,46.517647,46.545097,46.227451,46.403923,46.403923,940440
2014-09-11,46.149021,46.584312,46.094116,46.219608,46.219608,849660
2014-09-12,46.062744,46.227451,45.678432,45.788235,45.788235,940950
2014-09-15,45.862743,45.862743,45.388233,45.498039,45.498039,604350
2014-09-16,45.498039,45.901962,45.309803,45.764706,45.764706,2088195
2014-09-17,45.941177,46.282352,45.666668,45.933334,45.933334,2038215
2014-09-18,45.968628,46.133331,45.866669,46.058823,46.058823,776475
2014-09-19,46.054901,46.164707,45.882355,45.901962,45.901962,1815855
2014-09-22,45.882355,46.290195,45.847057,45.988235,45.988235,1551930
2014-09-23,45.776470,46.105881,45.690197,45.949020,45.949020,1399950
2014-09-24,45.898041,46.439217,45.874512,46.411766,46.411766,986595
2014-09-25,46.176472,46.376472,45.603924,45.749020,45.749020,1535865
2014-09-26,45.752941,46.082352,45.639217,45.933334,45.933334,785145
2014-09-29,45.635296,46.000000,45.454903,45.968628,45.968628,881535
2014-09-30,45.929413,46.090195,45.647060,45.674511,45.674511,1915305
2014-10-01,45.588234,45.658825,45.074509,45.149021,45.149021,1536630
2014-10-02,45.211765,45.298038,44.850979,44.980392,44.980392,1308915
2014-10-03,45.211765,45.599998,45.145100,45.443138,45.443138,1465485
2014-10-06,45.721569,45.956863,45.243137,45.337254,45.337254,834615
2014-10-07,45.031372,45.235294,44.835293,44.870586,44.870586,1036830
2014-10-08,44.870586,45.282352,44.678432,45.176472,45.176472,1923465
2014-10-09,45.019608,45.290195,44.450981,44.588234,44.588234,1558560
2014-10-10,44.505882,45.062744,44.254902,44.274509,44.274509,1502205
2014-10-13,44.294117,44.470589,43.819607,43.854900,43.854900,1701870
2014-10-14,44.105881,44.478432,43.992157,44.203922,44.203922,1890825
2014-10-15,43.749020,44.176472,43.090195,43.749020,43.749020,1816875
2014-10-16,43.066666,43.694118,42.878429,43.513725,43.513725,1964520
2014-10-17,43.870586,44.568626,43.870586,44.415688,44.415688,1541730
2014-10-20,44.098038,44.556862,44.074509,44.556862,44.556862,1201305
2014-10-21,44.768627,45.635296,44.729412,45.611767,45.611767,1094460
2014-10-22,45.584312,45.666668,45.164707,45.345097,45.345097,1336455
2014-10-23,46.023529,46.023529,45.588234,45.713726,45.713726,885360
2014-10-24,45.925491,46.239216,45.784313,46.203922,46.203922,718335
2014-10-27,46.203922,46.376472,46.078430,46.231373,46.231373,767550
2014-10-28,46.396076,46.564705,46.254902,46.560783,46.560783,851700
2014-10-29,46.603924,46.819607,46.321568,46.694118,46.694118,838185
2014-10-30,46.662746,47.176472,46.584312,47.141174,47.141174,756840
2014-10-31,47.886276,48.152943,47.043137,47.070587,47.070587,1759755
2014-11-03,47.086273,47.235294,46.815685,46.945099,46.945099,1040655
2014-11-04,46.909805,47.415688,46.811764,47.388233,47.388233,990420
2014-11-05,47.850979,48.168629,47.447060,47.925491,47.925491,2171325
2014-11-06,48.219608,52.219608,47.933334,51.101959,51.101959,4956945
2014-11-07,50.980392,50.980392,50.301960,50.525490,50.525490,1647810
2014-11-10,50.658825,51.007843,50.564705,50.831371,50.831371,1187790
2014-11-11,50.909805,51.172550,50.560783,50.772549,50.772549,822630
2014-11-12,50.592155,50.992157,50.392159,50.854900,50.854900,1043970
2014-11-13,51.047058,51.215687,50.799999,51.090195,51.090195,729555
2014-11-14,51.219608,51.427452,50.454903,51.039215,51.039215,1287240
2014-11-17,50.980392,51.411766,50.980392,51.349018,51.349018,748935
2014-11-18,51.349018,51.949020,51.227451,51.917648,51.917648,1099560
2014-11-19,52.674511,52.674511,51.568626,51.803921,51.803921,1315800
2014-11-20,51.686275,52.658825,51.360783,51.607841,51.607841,787440
2014-11-21,52.223530,52.541176,51.701962,51.949020,51.949020,1011585
2014-11-24,51.976471,52.607841,51.960785,52.607841,52.607841,852465
2014-11-25,52.576469,53.388233,52.294117,53.274509,53.274509,5611275
2014-11-26,53.254902,53.525490,52.925491,53.200001,53.200001,1174275
2014-11-28,53.462746,54.203922,53.262745,53.803921,53.803921,722160
2014-12-01,53.541176,54.054901,53.407845,53.796078,53.796078,1108740
2014-12-02,53.803921,54.109802,53.701962,53.764706,53.764706,1276275
2014-12-03,53.694118,54.274509,53.478432,53.678432,53.678432,997305
2014-12-04,53.690197,54.027451,53.376472,53.631374,53.631374,758625
2014-12-05,53.917648,54.211765,53.549019,53.772549,53.772549,1308150
2014-12-08,53.878429,54.278431,53.352940,53.474510,53.474510,1093950
2014-12-09,52.776470,53.231373,52.588234,53.090195,53.090195,1576410
2014-12-10,53.188236,53.411766,52.270588,52.360783,52.360783,993225
2014-12-11,52.474510,53.239216,52.435295,52.941177,52.941177,946050
2014-12-12,52.576469,53.176472,52.427452,52.470589,52.470589,935850
2014-12-15,52.674511,52.862743,51.545097,51.584312,51.584312,1596045
2014-12-16,51.541176,52.745098,51.396076,51.921570,51.921570,1607520
2014-12-17,51.984314,52.607841,51.098038,52.584312,52.584312,1848750
2014-12-18,53.345097,53.580391,52.717648,53.254902,53.254902,1406325
2014-12-19,53.149021,54.062744,53.039215,53.925491,53.925491,2212890
2014-12-22,54.117645,54.431374,53.839214,53.917648,53.917648,796620
2014-12-23,54.478432,54.568626,53.584312,54.007843,54.007843,1041165
2014-12-24,53.898041,54.435295,53.839214,54.066666,54.066666,315180
2014-12-26,54.105881,54.392159,53.803921,53.878429,53.878429,405960
2014-12-29,53.878429,54.125488,53.619610,53.937256,53.937256,500565
2014-12-30,53.694118,54.372547,53.694118,53.984314,53.984314,547740
2014-12-31,54.015686,54.466667,53.372547,53.392159,53.392159,941205
2015-01-02,53.568626,54.164707,53.211765,53.662746,53.662746,885105
2015-01-05,53.682354,53.909805,53.152943,53.180393,53.180393,957270
2015-01-06,53.231373,53.741177,52.458824,52.870586,52.870586,1956870
2015-01-07,53.333332,54.447060,52.850979,54.333332,54.333332,1178355
2015-01-08,54.611767,55.294117,54.611767,55.098038,55.098038,1185495
2015-01-09,55.003922,55.450981,54.521568,55.376472,55.376472,1619505
2015-01-12,55.384315,55.737255,54.799999,54.847057,54.847057,648210
2015-01-13,55.403923,55.764706,54.294117,54.721569,54.721569,912900
2015-01-14,54.109802,54.760784,53.988235,54.545097,54.545097,707115
2015-01-15,54.603924,54.960785,53.984314,54.054901,54.054901,607920
2015-01-16,54.003922,54.725491,53.850979,54.705883,54.705883,814980
2015-01-20,54.894119,54.980392,53.858826,54.313725,54.313725,954465
2015-01-21,54.203922,54.509804,53.952942,54.180393,54.180393,845325
2015-01-22,54.172550,55.905884,53.901962,55.905884,55.905884,1026885
2015-01-23,55.866669,56.427452,55.752941,56.207844,56.207844,1104150
2015-01-26,55.976471,56.329411,55.270588,56.309803,56.309803,1022805
2015-01-27,55.733334,56.145100,55.168629,55.976471,55.976471,1242870
2015-01-28,56.078430,56.368626,55.000000,55.133331,55.133331,1214055
2015-01-29,55.278431,55.278431,54.494118,54.905884,54.905884,1566465
2015-01-30,54.694118,55.027451,54.043137,54.145100,54.145100,1152855
2015-02-02,54.058823,54.470589,53.149021,54.411766,54.411766,1361190
2015-02-03,54.423531,54.901962,53.796078,54.447060,54.447060,1404285
2015-02-04,54.286274,55.219608,54.164707,54.780392,54.780392,1039380
2015-02-05,54.921570,55.513725,54.509804,55.360783,55.360783,555390
2015-02-06,55.564705,55.568626,54.560783,54.835293,54.835293,789225
2015-02-09,54.654903,54.760784,54.180393,54.599998,54.599998,1199265
2015-02-10,54.835293,55.486275,54.439217,55.380390,55.380390,1439730
2015-02-11,55.380390,55.831371,53.725491,55.682354,55.682354,1538415
2015-02-12,56.137257,56.168629,55.494118,55.866669,55.866669,1271175
2015-02-13,55.882355,56.172550,55.694118,56.149021,56.149021,710175
2015-02-17,56.011765,56.125488,55.658825,55.811764,55.811764,859095
2015-02-18,55.647060,55.803921,55.447060,55.721569,55.721569,943755
2015-02-19,55.611767,55.611767,55.101959,55.239216,55.239216,928710
2015-02-20,55.384315,55.925491,55.007843,55.901962,55.901962,1381590
2015-02-23,55.878429,56.172550,55.686275,56.078430,56.078430,766275
2015-02-24,55.894119,56.074509,55.423531,55.447060,55.447060,1116135
2015-02-25,55.447060,55.658825,55.223530,55.298038,55.298038,675750
2015-02-26,55.309803,55.545097,54.905884,55.074509,55.074509,672945
2015-02-27,55.160786,55.227451,54.764706,54.921570,54.921570,1214055
2015-03-02,54.945099,55.686275,54.945099,55.639217,55.639217,850425
2015-03-03,55.294117,55.466667,55.003922,55.203922,55.203922,1047285
2015-03-04,54.823528,55.254902,54.709805,55.243137,55.243137,956505
2015-03-05,55.286274,55.599998,54.964706,55.145100,55.145100,708135
2015-03-06,55.058823,55.058823,53.894119,54.054901,54.054901,1050090
2015-03-09,54.094116,54.568626,54.094116,54.498039,54.498039,1025100
2015-03-10,53.952942,54.470589,53.737255,53.796078,53.796078,1009800
2015-03-11,53.843136,54.027451,53.337254,53.650982,53.650982,1445595
2015-03-12,53.694118,54.349018,53.654903,54.239216,54.239216,791010
2015-03-13,53.784313,54.333332,53.160786,53.478432,53.478432,1034790
2015-03-16,53.854900,55.270588,53.850979,54.580391,54.580391,3484320
2015-03-17,54.325489,54.980392,54.015686,54.250980,54.250980,39810090
2015-03-18,54.462746,54.886276,54.101959,54.576469,54.576469,2666535
2015-03-19,54.552940,55.376472,54.376472,55.172550,55.172550,1357875
2015-03-20,55.725491,56.113724,55.533333,56.082352,56.082352,2647920
2015-03-23,55.952942,56.094116,55.733334,55.741177,55.741177,1124805
2015-03-24,55.588234,55.799999,55.086273,55.164707,55.164707,1580490
2015-03-25,55.309803,55.392159,54.290195,54.333332,54.333332,1344360
2015-03-26,53.905884,54.239216,53.701962,53.815685,53.815685,1169940
2015-03-27,53.717648,54.509804,53.603924,54.431374,54.431374,1546830
2015-03-30,54.839214,55.333332,54.674511,55.231373,55.231373,994500
2015-03-31,55.070587,55.486275,54.733334,54.752941,54.752941,1224510
2015-04-01,54.827450,54.827450,53.807842,54.203922,54.203922,1612110
2015-04-02,54.258823,54.992157,53.933334,54.639217,54.639217,1158465
2015-04-06,54.270588,55.447060,53.941177,55.043137,55.043137,1812540
2015-04-07,55.054901,55.658825,54.850979,54.854900,54.854900,1138065
2015-04-08,54.878429,55.639217,54.650982,54.945099,54.945099,1594005
2015-04-09,54.807842,55.623528,54.725491,55.607841,55.607841,1302030
2015-04-10,55.686275,55.866669,55.423531,55.627453,55.627453,1265820
2015-04-13,55.650982,56.137257,55.650982,55.741177,55.741177,1600380
2015-04-14,55.596077,55.737255,54.780392,55.129414,55.129414,1129905
2015-04-15,55.219608,55.325489,54.886276,54.917648,54.917648,947325
2015-04-16,54.811764,55.043137,54.474510,55.003922,55.003922,1026630
2015-04-17,54.588234,54.658825,53.854900,54.223530,54.223530,1118175
2015-04-20,54.525490,54.960785,54.392159,54.772549,54.772549,756075
2015-04-21,55.039215,55.149021,54.713726,54.890198,54.890198,903210
2015-04-22,54.894119,55.403923,54.678432,55.337254,55.337254,1009545
2015-04-23,55.364704,55.949020,55.168629,55.623528,55.623528,762450
2015-04-24,55.650982,56.176472,55.082352,55.898041,55.898041,1226550
2015-04-27,55.933334,56.011765,54.870586,54.898041,54.898041,762960
2015-04-28,54.811764,55.011765,54.258823,54.917648,54.917648,1233435
2015-04-29,54.541176,54.898041,54.184315,54.568626,54.568626,1297440
2015-04-30,54.313725,54.517647,53.596077,53.764706,53.764706,1368585
2015-05-01,53.799999,54.501961,53.690197,54.447060,54.447060,1696770
2015-05-04,54.694118,55.960785,54.392159,55.709805,55.709805,1956870
2015-05-05,55.576469,55.686275,54.231373,54.247059,54.247059,1624860
2015-05-06,54.247059,54.352940,53.301960,53.501961,53.501961,1442790
2015-05-07,53.482353,53.886276,53.384315,53.721569,53.721569,1397655
2015-05-08,54.258823,54.654903,53.737255,54.223530,54.223530,1235730
2015-05-11,54.117645,54.243137,53.764706,53.886276,53.886276,1448910
2015-05-12,53.725491,54.074509,53.254902,53.894119,53.894119,1134750
2015-05-13,54.054901,54.494118,53.764706,54.090195,54.090195,977925
2015-05-14,54.517647,55.058823,54.027451,55.039215,55.039215,988635
2015-05-15,55.360783,55.360783,54.698040,54.811764,54.811764,1938765
2015-05-18,54.803921,55.392159,54.780392,55.313725,55.313725,844305
2015-05-19,55.286274,55.654903,55.101959,55.478432,55.478432,902445
2015-05-20,55.678432,55.964706,55.396076,55.396076,55.396076,992715
2015-05-21,55.207844,55.698040,55.207844,55.537254,55.537254,748935
2015-05-22,55.580391,55.945099,55.439217,55.705883,55.705883,755055
2015-05-26,55.682354,55.709805,55.325489,55.411766,55.411766,1404030
2015-05-27,55.552940,55.992157,55.243137,55.984314,55.984314,946305
2015-05-28,55.921570,56.121571,55.592155,55.945099,55.945099,929220
2015-05-29,55.984314,56.050980,55.376472,55.556862,55.556862,2621910
2015-06-01,55.850979,56.145100,55.337254,56.070587,56.070587,1400715
2015-06-02,55.694118,56.031372,55.388233,55.737255,55.737255,1201560
2015-06-03,55.909805,55.925491,55.462746,55.882355,55.882355,719355
2015-06-04,55.725491,55.819607,55.113724,55.247059,55.247059,868785
2015-06-05,55.101959,55.501961,54.678432,54.988235,54.988235,923865
2015-06-08,54.890198,55.152943,54.772549,54.815685,54.815685,683910
2015-06-09,54.905884,54.992157,54.521568,54.635296,54.635296,633165
2015-06-10,55.031372,55.960785,54.760784,55.878429,55.878429,994245
2015-06-11,55.925491,56.294117,55.803921,56.239216,56.239216,1002150
2015-06-12,56.082352,56.219608,55.713726,55.749020,55.749020,741030
2015-06-15,55.282352,55.423531,54.972549,55.313725,55.313725,813960
2015-06-16,55.203922,55.905884,55.039215,55.768627,55.768627,507450
2015-06-17,55.933334,56.164707,55.509804,56.027451,56.027451,543405
2015-06-18,56.301960,57.164707,56.274509,56.890198,56.890198,1051365
2015-06-19,56.870586,57.247059,56.572548,56.799999,56.799999,1533315
2015-06-22,57.203922,57.431374,56.870586,57.141174,57.141174,751485
2015-06-23,57.215687,57.294117,56.952942,57.129414,57.129414,764745
2015-06-24,57.133331,57.145100,56.549019,56.596077,56.596077,997560
2015-06-25,56.694118,56.835293,56.462746,56.662746,56.662746,862665
2015-06-26,56.866669,57.223530,56.529411,57.039215,57.039215,1960440
2015-06-29,56.745098,56.768627,55.717648,55.772549,55.772549,1126590
2015-06-30,56.266666,56.407845,55.725491,55.733334,55.733334,1463445
2015-07-01,56.196079,56.654903,55.890198,56.564705,56.564705,931515
2015-07-02,56.698040,56.811764,56.341175,56.647060,56.647060,1089615
2015-07-06,56.254902,56.854900,56.078430,56.666668,56.666668,1064370
2015-07-07,56.666668,56.956863,55.996078,56.921570,56.921570,1136025
2015-07-08,56.705883,57.011765,55.799999,55.890198,55.890198,1100835
2015-07-09,56.607841,56.760784,56.125488,56.250980,56.250980,636225
2015-07-10,56.854900,57.223530,56.584312,57.047058,57.047058,747660
2015-07-13,57.380390,57.549019,57.035294,57.462746,57.462746,758370
2015-07-14,57.647060,57.839214,57.180393,57.741177,57.741177,923355
2015-07-15,57.560783,58.082352,57.513725,57.819607,57.819607,753270
2015-07-16,58.109802,58.211765,57.839214,58.101959,58.101959,584715
2015-07-17,58.101959,58.200001,57.854900,58.078430,58.078430,583950
2015-07-20,58.054901,58.274509,57.937256,58.039215,58.039215,789225
2015-07-21,58.082352,58.125488,57.450981,57.815685,57.815685,1053915
2015-07-22,57.831371,58.470589,57.745098,58.286274,58.286274,838695
2015-07-23,58.454903,58.454903,57.694118,57.792156,57.792156,601290
2015-07-24,57.796078,57.925491,57.486275,57.654903,57.654903,790755
2015-07-27,57.541176,57.737255,57.152943,57.509804,57.509804,903210
2015-07-28,57.658825,58.764706,57.317646,58.674511,58.674511,1547085
2015-07-29,58.803921,58.803921,56.521568,57.466667,57.466667,2261595
2015-07-30,57.027451,57.737255,56.654903,57.552940,57.552940,921825
2015-07-31,57.756863,58.050980,57.250980,58.031372,58.031372,1016685
2015-08-03,58.019608,58.211765,57.227451,57.564705,57.564705,885360
2015-08-04,57.807842,57.996078,57.262745,57.364704,57.364704,756075
2015-08-05,57.647060,58.105881,57.364704,57.596077,57.596077,1079925
2015-08-06,57.513725,57.878429,56.611767,56.850979,56.850979,853230
2015-08-07,56.937256,57.172550,56.219608,56.796078,56.796078,497505
2015-08-10,57.247059,57.423531,56.815685,57.164707,57.164707,594150
2015-08-11,56.772549,57.309803,56.631374,56.960785,56.960785,527085
2015-08-12,56.478432,56.799999,55.776470,56.768627,56.768627,964665
2015-08-13,56.694118,57.105881,56.462746,56.921570,56.921570,1148265
2015-08-14,56.745098,56.952942,56.505882,56.901962,56.901962,408510
2015-08-17,56.596077,57.207844,56.329411,57.200001,57.200001,790755
2015-08-18,57.203922,58.180393,57.203922,57.768627,57.768627,1238280
2015-08-19,57.494118,57.968628,57.078430,57.533333,57.533333,995520
2015-08-20,57.086273,57.945099,55.913727,55.925491,55.925491,1053405
2015-08-21,55.223530,55.478432,54.156864,54.156864,54.156864,1870680
2015-08-24,51.443138,53.458824,49.478432,52.278431,52.278431,2590545
2015-08-25,53.415688,53.513725,51.854900,51.854900,51.854900,1819425
2015-08-26,53.231373,53.964706,51.968628,53.831371,53.831371,1461150
2015-08-27,54.325489,54.599998,53.450981,54.384315,54.384315,1637355
2015-08-28,53.949020,54.752941,53.705883,54.666668,54.666668,1318605
2015-08-31,54.415688,54.733334,53.486275,53.650982,53.650982,1053405
2015-09-01,52.619610,53.023529,51.784313,51.984314,51.984314,1252560
2015-09-02,52.749020,53.133331,52.200001,53.090195,53.090195,1309170
2015-09-03,53.447060,53.654903,52.890198,53.000000,53.000000,725985
2015-09-04,52.243137,52.819607,51.952942,52.262745,52.262745,718335
2015-09-08,53.035294,53.592155,52.627453,53.564705,53.564705,1094970
2015-09-09,53.933334,54.145100,52.552940,52.690197,52.690197,605625
2015-09-10,52.509804,53.317646,52.364704,52.882355,52.882355,608430
2015-09-11,52.588234,53.168629,52.474510,53.035294,53.035294,727260
2015-09-14,53.207844,53.219608,52.803921,53.133331,53.133331,738480
2015-09-15,53.219608,53.486275,52.968628,53.101959,53.101959,1150560
2015-09-16,53.043137,53.654903,52.682354,53.560783,53.560783,1078650
2015-09-17,53.662746,54.701962,53.647060,54.141174,54.141174,1178355
2015-09-18,53.725491,54.294117,53.341175,53.862743,53.862743,1798260
2015-09-21,53.980392,54.470589,53.376472,53.705883,53.705883,808605
2015-09-22,53.121571,53.321568,52.654903,53.109802,53.109802,516375
2015-09-23,53.054901,53.219608,52.749020,52.968628,52.968628,541110
2015-09-24,52.666668,53.086273,52.125488,52.486275,52.486275,766020
2015-09-25,52.780392,53.094116,51.066666,51.415688,51.415688,1102365
2015-09-28,51.133331,51.180393,49.866669,50.392159,50.392159,1420860
2015-09-29,50.341175,51.094116,50.117645,50.960785,50.960785,1385160
2015-09-30,51.462746,52.278431,51.023529,52.047058,52.047058,1998690
2015-10-01,52.431374,52.607841,51.862743,52.584312,52.584312,1717680
2015-10-02,51.847057,53.996078,51.650982,53.976471,53.976471,1609560
2015-10-05,54.486275,54.643139,53.874512,54.200001,54.200001,1248990
2015-10-06,54.160786,54.160786,52.843136,53.576469,53.576469,1146735
2015-10-07,53.521568,54.419609,53.337254,54.384315,54.384315,1211505
2015-10-08,54.337254,55.427452,54.000000,55.368626,55.368626,1523625
2015-10-09,55.333332,55.650982,55.243137,55.568626,55.568626,1231905
2015-10-12,55.533333,56.149021,55.447060,56.149021,56.149021,802485
2015-10-13,55.980392,56.403923,55.639217,55.682354,55.682354,722415
2015-10-14,55.878429,56.203922,55.125488,55.211765,55.211765,720885
2015-10-15,55.203922,55.984314,54.945099,55.972549,55.972549,992715
2015-10-16,56.258823,56.823528,55.941177,56.799999,56.799999,863685
2015-10-19,56.737255,57.129414,56.584312,57.098038,57.098038,804780
2015-10-20,57.200001,57.619610,56.952942,57.301960,57.301960,941460
2015-10-21,57.666668,57.854900,57.043137,57.380390,57.380390,804780
2015-10-22,57.541176,58.239216,56.917648,58.172550,58.172550,1306110
2015-10-23,58.584312,58.847057,57.803921,58.792156,58.792156,1514955
2015-10-26,58.960785,59.019608,58.352940,58.654903,58.654903,1087065
2015-10-27,58.682354,59.211765,58.623528,59.141174,59.141174,1089870
2015-10-28,59.141174,59.286274,58.341175,59.200001,59.200001,1358385
2015-10-29,59.184315,59.560783,58.639217,59.164707,59.164707,2065755
2015-10-30,59.407845,59.819607,59.023529,59.494118,59.494118,1753380
2015-11-02,60.074509,60.423531,59.125488,60.396076,60.396076,1634040
2015-11-03,60.317646,60.317646,59.317646,59.799999,59.799999,2077230
2015-11-04,59.105881,61.180393,58.815685,60.752941,60.752941,1706970
2015-11-05,60.784313,61.023529,60.298038,60.474510,60.474510,1307640
2015-11-06,59.745098,60.741177,59.474510,60.270588,60.270588,1031220
2015-11-09,60.172550,60.356861,59.352940,59.992157,59.992157,1014645
2015-11-10,59.839214,60.733334,59.772549,60.709805,60.709805,879495
2015-11-11,60.784313,61.098038,60.121571,60.317646,60.317646,970785
2015-11-12,60.176472,60.501961,59.925491,59.933334,59.933334,1256385
2015-11-13,59.862743,60.050980,59.027451,59.243137,59.243137,1198755
2015-11-16,59.388233,60.486275,59.376472,60.400002,60.400002,1206915
2015-11-17,60.349018,60.862743,60.000000,60.462746,60.462746,1132965
2015-11-18,60.772549,61.505882,60.435295,61.400002,61.400002,1217370
2015-11-19,61.278431,61.749020,60.690197,60.803921,60.803921,1051110
2015-11-20,61.172550,61.694118,60.850979,61.227451,61.227451,1554480
2015-11-23,61.188236,61.494118,60.701962,60.980392,60.980392,745875
2015-11-24,60.709805,60.709805,60.145100,60.623528,60.623528,1134240
2015-11-25,60.674511,61.227451,60.564705,60.964706,60.964706,569415
2015-11-27,61.019608,61.599998,60.807842,61.423531,61.423531,362610
2015-11-30,61.705883,61.713726,60.701962,61.364704,61.364704,2011440
2015-12-01,61.909805,62.745098,61.827450,62.403923,62.403923,1145460
2015-12-02,62.231373,62.725491,62.000000,62.392159,62.392159,1306365
2015-12-03,62.482353,62.533333,61.070587,61.294117,61.294117,1220430
2015-12-04,61.423531,62.129414,61.313725,62.098038,62.098038,1236495
2015-12-07,62.070587,62.513725,62.066666,62.431374,62.431374,855780
2015-12-08,62.094116,62.196079,61.431374,61.866669,61.866669,947325
2015-12-09,61.521568,62.047058,60.529411,60.843136,60.843136,1367565
2015-12-10,60.807842,61.200001,60.505882,60.701962,60.701962,1283160
2015-12-11,59.980392,60.380390,59.768627,60.070587,60.070587,1083240
2015-12-14,60.301960,60.596077,59.756863,60.313725,60.313725,1388985
2015-12-15,60.772549,60.968628,59.890198,60.168629,60.168629,1130670
2015-12-16,60.768627,61.258823,59.843136,60.745098,60.745098,1061310
2015-12-17,60.847057,61.301960,60.745098,60.862743,60.862743,855525
2015-12-18,60.505882,60.882355,59.647060,59.662746,59.662746,1680195
2015-12-21,60.105881,60.690197,59.964706,60.349018,60.349018,912900
2015-12-22,60.764706,61.003922,59.866669,60.686275,60.686275,940185
2015-12-23,60.917648,61.776470,60.678432,61.741177,61.741177,641070
2015-12-24,61.729412,61.866669,61.301960,61.603924,61.603924,271830
2015-12-28,61.317646,62.294117,61.317646,62.152943,62.152943,626025
2015-12-29,62.658825,63.168629,62.619610,62.941177,62.941177,705585
2015-12-30,62.941177,63.380390,62.650982,62.709805,62.709805,764490
2015-12-31,62.403923,62.929413,62.011765,62.035294,62.035294,902955
2016-01-04,61.152943,61.278431,60.392159,60.886276,60.886276,1861500
2016-01-05,61.078430,61.572548,60.745098,61.094116,61.094116,1172745
2016-01-06,60.341175,60.823528,59.905884,60.474510,60.474510,1395615
2016-01-07,59.400002,60.407845,59.274509,59.478432,59.478432,1376235
2016-01-08,59.733334,59.733334,58.831371,58.933334,58.933334,1655205
2016-01-11,59.023529,59.568626,57.207844,57.403923,57.403923,2369205
2016-01-12,57.843136,58.392159,57.039215,57.431374,57.431374,1921935
2016-01-13,57.521568,57.811764,56.498039,56.733334,56.733334,1515210
2016-01-14,56.988235,57.760784,56.717648,57.494118,57.494118,1469310
2016-01-15,55.937256,57.803921,55.937256,57.537254,57.537254,2159340
2016-01-19,58.305882,63.160786,57.368626,58.176472,58.176472,1418055
2016-01-20,57.513725,57.858826,55.968628,57.423531,57.423531,1735275
2016-01-21,57.454903,57.486275,56.376472,56.525490,56.525490,1982115
2016-01-22,57.121571,57.894119,56.737255,57.478432,57.478432,1344870
2016-01-25,57.400002,57.639217,56.690197,56.745098,56.745098,1139850
2016-01-26,56.835293,58.415688,56.454903,58.376472,58.376472,1575900
2016-01-27,58.419609,59.062744,57.435295,57.839214,57.839214,992205
2016-01-28,58.094116,58.482353,57.113724,57.450981,57.450981,949110
2016-01-29,57.756863,59.478432,57.650982,59.388233,59.388233,1347675
2016-02-01,58.976471,60.498039,58.878429,60.321568,60.321568,1732725
2016-02-02,59.866669,60.380390,58.992157,59.160786,59.160786,931260
2016-02-03,59.615685,60.356861,58.058823,59.086273,59.086273,1160250
2016-02-04,59.117645,59.533333,58.419609,58.866669,58.866669,1035300
2016-02-05,58.827450,58.882355,57.776470,57.988235,57.988235,1202070
2016-02-08,57.666668,57.937256,56.329411,57.380390,57.380390,1613385
2016-02-09,57.023529,58.482353,56.807842,57.890198,57.890198,1748790
2016-02-10,59.031372,62.454903,58.329411,61.470589,61.470589,3362430
2016-02-11,60.564705,62.062744,60.490196,61.925491,61.925491,1994865
2016-02-12,62.321568,62.509804,61.411766,62.349018,62.349018,1257405
2016-02-16,62.745098,63.725491,62.521568,63.474510,63.474510,1358895
2016-02-17,63.709805,64.513725,63.137257,64.317650,64.317650,1410150
2016-02-18,64.094116,64.866669,63.823528,64.113724,64.113724,1837530
2016-02-19,64.066666,65.262749,63.725491,65.192154,65.192154,1917600
2016-02-22,65.701958,66.043137,65.231377,65.470589,65.470589,1180905
2016-02-23,65.050980,65.631371,64.843140,65.325493,65.325493,1220940
2016-02-24,64.850983,65.925491,64.427452,65.764709,65.764709,1709520
2016-02-25,66.101959,66.450981,65.360786,66.411766,66.411766,1424430
2016-02-26,66.670586,66.674507,65.509804,65.698036,65.698036,1256385
2016-02-29,65.796082,66.219604,64.854904,64.882355,64.882355,1431060
2016-03-01,65.082352,66.760780,64.556862,66.729408,66.729408,1584060
2016-03-02,66.447060,66.752937,65.694115,66.247063,66.247063,1165605
2016-03-03,65.901962,66.199997,65.372551,65.764709,65.764709,1120470
2016-03-04,65.949020,66.090195,65.199997,65.870590,65.870590,883065
2016-03-07,65.749023,66.129410,65.066666,65.537254,65.537254,931005
2016-03-08,65.419609,65.976471,64.811768,65.690193,65.690193,1338495
2016-03-09,65.886276,66.011765,65.498039,65.623528,65.623528,598485
2016-03-10,65.678429,66.458824,65.454903,65.945099,65.945099,893010
2016-03-11,66.286278,66.592155,65.850983,66.568626,66.568626,946305
2016-03-14,66.556862,66.647057,65.541176,66.007843,66.007843,1080180
2016-03-15,65.607841,66.258827,65.223526,65.717644,65.717644,911625
2016-03-16,65.415688,65.917648,64.905884,65.650978,65.650978,1113075
2016-03-17,65.533333,65.584312,64.490196,64.968628,64.968628,1174275
2016-03-18,65.243134,66.043137,64.952942,65.733330,65.733330,2325090
2016-03-21,65.439217,65.847061,65.039215,65.552940,65.552940,838185
2016-03-22,65.517647,66.498039,64.949020,66.345100,66.345100,1011840
2016-03-23,66.137253,66.647057,65.984314,66.105881,66.105881,870570
2016-03-24,66.003922,66.454903,65.427452,65.874512,65.874512,865470
2016-03-28,66.039215,66.388237,65.580391,66.211761,66.211761,1365015
2016-03-29,66.196075,67.415688,65.690193,67.368629,67.368629,833085
2016-03-30,67.639214,68.066666,67.466667,67.792160,67.792160,1140615
2016-03-31,67.647057,67.968628,67.215683,67.698036,67.698036,1483335
2016-04-01,67.431374,67.980392,67.074509,67.803925,67.803925,1056465
2016-04-04,67.721565,67.898041,67.356865,67.545097,67.545097,847110
2016-04-05,67.313728,67.556862,66.415688,66.447060,66.447060,1015920
2016-04-06,66.329414,67.262749,66.274513,67.223526,67.223526,1118175
2016-04-07,67.007843,67.180389,65.819611,66.117645,66.117645,1087320
2016-04-08,66.262749,66.525490,65.862747,65.878433,65.878433,908820
2016-04-11,66.258827,66.345100,65.141174,65.333336,65.333336,1147500
2016-04-12,65.470589,66.188232,64.964706,66.035294,66.035294,863940
2016-04-13,66.458824,66.619606,65.945099,66.431374,66.431374,815490
2016-04-14,66.462746,66.717644,66.078430,66.509804,66.509804,758370
2016-04-15,66.576469,66.694115,66.192154,66.658821,66.658821,704820
2016-04-18,66.466667,67.635292,66.466667,67.592155,67.592155,851190
2016-04-19,67.890198,67.890198,67.172546,67.333336,67.333336,770100
2016-04-20,67.376472,67.733330,66.321571,67.380394,67.380394,576300
2016-04-21,67.262749,67.505882,66.325493,66.678429,66.678429,966450
2016-04-22,66.725487,67.113724,66.400002,66.992157,66.992157,569160
2016-04-25,67.450981,67.545097,66.796082,67.509804,67.509804,814725
2016-04-26,67.529411,68.223526,67.286278,67.552940,67.552940,630870
2016-04-27,67.733330,68.458824,67.156860,68.270592,68.270592,996285
2016-04-28,68.031372,68.529411,66.580391,66.874512,66.874512,1152090
2016-04-29,66.423531,66.623528,65.705879,66.156860,66.156860,1254345
2016-05-02,66.219604,67.141174,66.168625,67.058823,67.058823,1489965
2016-05-03,66.262749,67.396080,65.737251,66.094116,66.094116,1460385
2016-05-04,65.729408,65.815689,64.768623,65.372551,65.372551,1770975
2016-05-05,65.407845,66.180389,65.407845,65.925491,65.925491,1017705
2016-05-06,65.584312,66.968628,65.117645,66.666664,66.666664,1129650
2016-05-09,66.505882,67.478432,66.129410,66.952942,66.952942,1056465
2016-05-10,67.105881,67.572548,66.741173,67.541176,67.541176,754545
2016-05-11,67.219604,67.670586,66.819611,67.207840,67.207840,915195
2016-05-12,67.439217,67.772552,66.933334,67.549019,67.549019,859605
2016-05-13,67.450981,68.227448,66.992157,67.439217,67.439217,858585
2016-05-16,67.305885,68.411766,67.219604,68.286278,68.286278,914430
2016-05-17,68.274513,68.356865,66.576469,66.882355,66.882355,1110525
2016-05-18,66.819611,67.541176,66.494118,67.039215,67.039215,1085535
2016-05-19,66.701958,67.309807,66.313728,67.015686,67.015686,790500
2016-05-20,67.070587,67.450981,66.529411,66.960785,66.960785,1203855
2016-05-23,67.066666,67.098038,66.282356,66.356865,66.356865,1050090
2016-05-24,66.772552,67.764709,66.525490,67.741173,67.741173,1120980
2016-05-25,67.788239,67.968628,67.152939,67.266670,67.266670,967215
2016-05-26,67.196075,67.870590,66.682350,67.733330,67.733330,931770
2016-05-27,68.019608,68.584312,67.901962,68.156860,68.156860,897345
2016-05-31,68.231377,68.325493,67.568626,68.129410,68.129410,3637830
2016-06-01,67.984314,68.215683,67.568626,67.882355,67.882355,1012095
2016-06-02,67.980392,69.203918,67.709801,69.082352,69.082352,1391790
2016-06-03,69.011765,69.137253,68.627449,68.968628,68.968628,986595
2016-06-06,68.941177,69.486275,68.682350,69.298042,69.298042,870570
2016-06-07,69.168625,69.341179,68.705879,68.972549,68.972549,1162290
2016-06-08,69.078430,70.321571,68.803925,70.250977,70.250977,996795
2016-06-09,70.192154,70.972549,70.109802,70.866669,70.866669,1013370
2016-06-10,70.156860,70.603920,69.701958,69.941177,69.941177,903720
2016-06-13,69.929413,70.333336,69.388237,69.403923,69.403923,1220685
2016-06-14,69.388237,69.607841,68.729408,69.278435,69.278435,1135005
2016-06-15,69.301964,69.466667,68.388237,68.501961,68.501961,1020765
2016-06-16,68.321571,68.552940,67.588234,68.513725,68.513725,1054680
2016-06-17,68.545097,68.545097,67.376472,67.803925,67.803925,1490730
2016-06-20,68.419609,68.980392,68.239220,68.560783,68.560783,1386180
2016-06-21,68.705879,68.780396,68.333336,68.513725,68.513725,1083495
2016-06-22,68.552940,68.956863,68.509804,68.607841,68.607841,1180905
2016-06-23,69.023529,69.658821,68.843140,69.650978,69.650978,764490
2016-06-24,67.215683,68.078430,66.788239,67.007843,67.007843,1655460
2016-06-27,66.662743,66.964706,65.298042,65.784317,65.784317,1872210
2016-06-28,66.176468,67.317650,66.176468,67.164703,67.164703,1601145
2016-06-29,67.443138,68.901962,67.333336,68.831375,68.831375,1089870
2016-06-30,69.047058,69.337257,68.439217,69.333336,69.333336,1690905
2016-07-01,69.380394,69.596077,68.968628,69.494118,69.494118,967725
2016-07-05,69.447060,69.682350,69.070587,69.509804,69.509804,796365
2016-07-06,69.368629,69.972549,69.019608,69.858826,69.858826,837165
2016-07-07,70.000000,70.337257,69.403923,69.796082,69.796082,638520
2016-07-08,70.196075,70.945099,69.972549,70.870590,70.870590,1016940
2016-07-11,71.270592,71.627449,70.952942,71.286278,71.286278,678045
2016-07-12,71.529411,71.764709,70.901962,70.941177,70.941177,719355
2016-07-13,71.250977,71.258827,70.792160,71.023529,71.023529,628830
2016-07-14,71.219604,71.262749,70.890198,71.156860,71.156860,596190
2016-07-15,71.490196,71.635292,70.639214,70.815689,70.815689,662235
2016-07-18,70.972549,71.078430,70.639214,70.949020,70.949020,573240
2016-07-19,70.827454,71.078430,70.321571,70.788239,70.788239,627555
2016-07-20,70.831375,71.152939,70.784317,70.925491,70.925491,528360
2016-07-21,70.768623,70.909805,70.250977,70.478432,70.478432,628065
2016-07-22,70.760780,70.976471,70.309807,70.847061,70.847061,475065
2016-07-25,70.937256,71.149017,70.290199,70.521568,70.521568,566100
2016-07-26,70.623528,71.035294,70.321571,70.937256,70.937256,495720
2016-07-27,70.854904,70.854904,70.007843,70.199997,70.199997,775710
2016-07-28,70.145096,70.674507,69.929413,70.305885,70.305885,628575
2016-07-29,70.541176,71.086273,70.199997,70.972549,70.972549,1014135
2016-08-01,70.878433,71.062744,70.588234,70.643135,70.643135,627810
2016-08-02,70.631371,70.678429,70.129410,70.568626,70.568626,934575
2016-08-03,70.596077,70.713722,70.015686,70.462746,70.462746,1527960
2016-08-04,67.098038,68.235291,63.984314,64.129410,64.129410,4410225
2016-08-05,64.521568,65.560783,64.149017,65.474510,65.474510,4065210
2016-08-08,65.466667,65.698036,64.745094,65.105881,65.105881,2381700
2016-08-09,64.913727,65.184311,64.388237,64.529411,64.529411,1366035
2016-08-10,64.541176,65.764709,64.380394,65.184311,65.184311,1532295
2016-08-11,65.345100,65.807846,65.058823,65.670586,65.670586,1099815
2016-08-12,65.388237,65.450981,64.854904,64.886276,64.886276,1086810
2016-08-15,64.792160,65.023529,64.427452,64.478432,64.478432,1150050
2016-08-16,64.192154,64.396080,63.756863,63.870586,63.870586,1150815
2016-08-17,64.007843,64.007843,63.078430,63.294117,63.294117,1772250
2016-08-18,63.333332,63.521568,63.117645,63.290195,63.290195,1217880
2016-08-19,63.215687,63.301960,62.580391,63.250980,63.250980,1843650
2016-08-22,63.278431,63.894119,63.196079,63.717648,63.717648,1514190
2016-08-23,63.741177,63.933334,62.788235,62.941177,62.941177,1812285
2016-08-24,62.886276,62.992157,62.435295,62.678432,62.678432,1735530
2016-08-25,62.549019,63.466667,62.168629,63.066666,63.066666,2267715
2016-08-26,63.192158,64.384315,62.847057,64.062744,64.062744,2241450
2016-08-29,63.980392,64.505882,63.745098,64.400002,64.400002,1191360
2016-08-30,64.356865,64.643135,64.105881,64.239220,64.239220,1314270
2016-08-31,63.984314,64.521568,63.886276,64.231377,64.231377,1584570
2016-09-01,64.282356,64.435295,63.639217,63.913727,63.913727,870570
2016-09-02,64.235291,64.705879,63.866669,64.427452,64.427452,1147500
2016-09-06,64.352943,64.509804,64.141174,64.435295,64.435295,825435
2016-09-07,64.380394,64.803925,64.349022,64.478432,64.478432,759135
2016-09-08,64.376472,64.572548,64.031372,64.360786,64.360786,1007250
2016-09-09,63.882355,64.199997,62.270588,62.298038,62.298038,1989255
2016-09-12,62.745098,63.592155,62.294117,63.482353,63.482353,1935195
2016-09-13,63.003922,63.164707,62.678432,62.776470,62.776470,1421880
2016-09-14,62.768627,62.898041,62.180393,62.513725,62.513725,1504500
2016-09-15,62.411766,64.050980,62.411766,63.831371,63.831371,1263015
2016-09-16,64.015686,64.450981,63.705883,64.352943,64.352943,2050200
2016-09-19,64.235291,64.698036,63.321568,63.717648,63.717648,1043970
2016-09-20,63.886276,64.003922,63.717648,63.843136,63.843136,787695
2016-09-21,63.964706,64.749023,63.643139,64.658821,64.658821,720375
2016-09-22,65.011765,65.815689,64.756866,65.599998,65.599998,1501950
2016-09-23,65.733330,65.878433,64.482353,64.490196,64.490196,1732725
2016-09-26,64.074509,64.458824,63.662746,63.772549,63.772549,787185
2016-09-27,63.937256,64.372551,63.729412,64.223526,64.223526,1282140
2016-09-28,64.380394,64.411766,63.662746,64.235291,64.235291,972315
2016-09-29,63.960785,64.062744,62.792156,63.196079,63.196079,1084260
2016-09-30,63.545097,64.274513,62.964706,63.913727,63.913727,1380315
2016-10-03,63.439217,63.611767,62.815685,63.305882,63.305882,1454010
2016-10-04,63.325489,63.517647,62.552940,62.760784,62.760784,848130
2016-10-05,62.945099,63.474510,62.945099,63.270588,63.270588,1466505
2016-10-06,63.517647,64.015686,63.007843,63.968628,63.968628,1202325
2016-10-07,64.094116,64.094116,63.192158,63.439217,63.439217,1257150
2016-10-10,63.686275,64.239220,63.686275,63.937256,63.937256,588540
2016-10-11,64.400002,64.501961,62.027451,62.207844,62.207844,2506395
2016-10-12,62.137257,62.619610,61.984314,62.137257,62.137257,1210230
2016-10-13,61.956863,62.211765,61.121571,61.196079,61.196079,1874250
2016-10-14,60.200001,60.749020,58.545097,60.141174,60.141174,4414305
2016-10-17,60.180393,60.360783,59.945099,60.082352,60.082352,1527450
2016-10-18,60.541176,60.635296,59.984314,60.137257,60.137257,1516230
2016-10-19,60.282352,60.866669,60.121571,60.411766,60.411766,1235730
2016-10-20,60.415688,60.415688,59.203922,59.941177,59.941177,1458090
2016-10-21,59.682354,59.960785,59.172550,59.819607,59.819607,2341410
2016-10-24,60.243137,60.462746,59.960785,59.976471,59.976471,1577685
2016-10-25,59.980392,59.980392,58.964706,59.054901,59.054901,1981095
2016-10-26,59.011765,59.031372,58.396076,58.415688,58.415688,2232015
2016-10-27,58.666668,59.003922,58.074509,58.392159,58.392159,1901535
2016-10-28,57.901962,59.207844,57.811764,58.552940,58.552940,2183565
2016-10-31,58.678432,59.176472,58.407845,58.509804,58.509804,2049435
2016-11-01,58.533333,58.533333,57.345097,57.662746,57.662746,4662675
2016-11-02,59.482353,63.270588,59.086273,61.211765,61.211765,7631130
2016-11-03,61.200001,61.549019,60.243137,60.341175,60.341175,3483555
2016-11-04,60.227451,61.549019,60.207844,60.729412,60.729412,2572695
2016-11-07,61.705883,61.705883,60.882355,61.235294,61.235294,2391645
2016-11-08,61.176472,62.364704,60.964706,61.799999,61.799999,1989255
2016-11-09,64.239220,64.239220,60.533333,61.772549,61.772549,2490330
2016-11-10,62.658825,62.698040,60.525490,60.662746,60.662746,3526650
2016-11-11,60.356861,61.537254,60.125488,61.439217,61.439217,2055555
2016-11-14,61.768627,62.490196,61.101959,61.894119,61.894119,2631600
2016-11-15,62.101959,62.333332,61.501961,61.956863,61.956863,1562895
2016-11-16,61.799999,62.737255,61.584312,62.439217,62.439217,1311465
2016-11-17,62.290195,62.733334,62.011765,62.309803,62.309803,1287750
2016-11-18,62.090195,62.301960,61.443138,61.552940,61.552940,3524100
2016-11-21,61.572548,61.901962,58.109802,58.254902,58.254902,7335075
2016-11-22,60.780392,60.780392,58.325489,59.968628,59.968628,5536560
2016-11-23,59.909805,60.349018,59.086273,59.984314,59.984314,2627010
2016-11-25,59.949020,60.458824,59.078430,59.286274,59.286274,848130
2016-11-28,59.054901,59.384315,58.301960,59.356861,59.356861,2366910
2016-11-29,59.505882,60.227451,59.058823,60.094116,60.094116,2501550
2016-11-30,59.823528,59.976471,58.356861,58.415688,58.415688,5106375
2016-12-01,58.525490,58.941177,58.415688,58.533333,58.533333,2514045
2016-12-02,58.631374,59.352940,58.321568,58.654903,58.654903,1310955
2016-12-05,59.035294,59.470589,58.560783,58.799999,58.799999,1806930
2016-12-06,58.388233,58.968628,57.733334,58.780392,58.780392,1740630
2016-12-07,58.686275,58.847057,58.219608,58.560783,58.560783,2495175
2016-12-08,58.470589,59.137257,58.227451,58.992157,58.992157,1286475
2016-12-09,59.133331,59.952942,58.847057,59.682354,59.682354,1058505
2016-12-12,59.533333,59.835293,59.105881,59.278431,59.278431,1395615
2016-12-13,59.545097,60.223530,59.309803,60.192158,60.192158,1645770
2016-12-14,60.462746,60.615685,59.513725,59.933334,59.933334,1695495
2016-12-15,60.200001,60.666668,59.827450,60.462746,60.462746,1866600
2016-12-16,60.486275,60.776470,59.827450,60.298038,60.298038,2615535
2016-12-19,60.184315,60.458824,59.294117,59.619610,59.619610,1411170
2016-12-20,59.764706,59.988235,59.396076,59.627453,59.627453,852210
2016-12-21,59.552940,60.372547,59.423531,60.015686,60.015686,1481805
2016-12-22,59.917648,59.996078,59.254902,59.756863,59.756863,864960
2016-12-23,59.890198,60.250980,59.725491,59.917648,59.917648,505410
2016-12-27,59.874512,60.360783,59.741177,60.082352,60.082352,641325
2016-12-28,60.039215,60.270588,59.627453,59.705883,59.705883,624495
2016-12-29,59.745098,60.290195,59.556862,60.047058,60.047058,874140
2016-12-30,60.137257,60.137257,59.368626,59.494118,59.494118,1809225
2017-01-03,60.486275,61.321568,59.219608,61.149021,61.149021,2188665
2017-01-04,61.325489,61.643139,60.933334,61.392159,61.392159,1066665
2017-01-05,61.286274,61.423531,60.709805,61.062744,61.062744,740520
2017-01-06,61.066666,61.368626,60.658825,61.247059,61.247059,1056465
2017-01-09,61.231373,61.713726,60.784313,61.666668,61.666668,1102620
2017-01-10,61.721569,62.494118,61.509804,61.996078,61.996078,1689885
2017-01-11,61.803921,62.250980,61.074509,61.866669,61.866669,1576665
2017-01-12,61.513725,61.737255,60.905884,61.619610,61.619610,1135005
2017-01-13,61.588234,62.392159,61.588234,62.372547,62.372547,1161525
2017-01-17,62.203922,62.490196,61.988235,62.266666,62.266666,887655
2017-01-18,62.494118,62.690197,62.094116,62.623528,62.623528,922335
2017-01-19,62.466667,62.576469,61.768627,61.854900,61.854900,827475
2017-01-20,62.019608,62.223530,61.164707,61.529411,61.529411,1749300
2017-01-23,61.529411,61.815685,60.690197,60.921570,60.921570,963135
2017-01-24,61.019608,61.650982,60.533333,61.537254,61.537254,987870
2017-01-25,61.725491,62.937256,61.537254,62.858826,62.858826,1333395
2017-01-26,62.725491,62.819607,62.113724,62.439217,62.439217,1253070
2017-01-27,62.599998,62.635296,62.058823,62.607841,62.607841,893265
2017-01-30,62.501961,62.650982,61.827450,62.086273,62.086273,1313250
2017-01-31,62.050980,62.721569,61.701962,62.690197,62.690197,1305090
2017-02-01,62.741177,62.901962,62.105881,62.690197,62.690197,1164585
2017-02-02,62.572548,63.298038,62.266666,63.223530,63.223530,1031220
2017-02-03,63.576469,63.894119,63.098038,63.788235,63.788235,881280
2017-02-06,63.533333,63.792156,63.141174,63.760784,63.760784,1015410
2017-02-07,63.819607,64.337257,63.615685,64.305885,64.305885,1833450
2017-02-08,64.168625,64.560783,63.964706,64.160782,64.160782,1628175
2017-02-09,64.109802,64.898041,63.850979,64.647057,64.647057,1215075
2017-02-10,64.498039,64.988235,63.525490,64.733330,64.733330,708900
2017-02-13,65.066666,65.156860,64.443138,64.749023,64.749023,1242615
2017-02-14,64.803925,65.537254,64.752937,65.352943,65.352943,1224000
2017-02-15,65.101959,65.890198,65.019608,65.843140,65.843140,1284945
2017-02-16,65.800003,65.988235,65.254906,65.588234,65.588234,1827075
2017-02-17,65.450981,65.933334,64.901962,65.925491,65.925491,2296785
2017-02-21,67.058823,69.215683,66.666664,67.847061,67.847061,3250740
2017-02-22,67.862747,68.596077,67.694115,67.701958,67.701958,1696260
2017-02-23,67.784317,67.921570,67.258827,67.419609,67.419609,1589925
2017-02-24,67.337257,68.070587,67.086273,68.050980,68.050980,1047795
2017-02-27,68.105881,68.360786,67.890198,68.054901,68.054901,989145
2017-02-28,67.768623,67.803925,66.854904,67.278435,67.278435,2041020
2017-03-01,67.627449,67.776474,67.113724,67.450981,67.450981,1790100
2017-03-02,67.011765,67.298042,66.725487,67.070587,67.070587,1660050
2017-03-03,67.050980,67.400002,66.909805,67.282356,67.282356,960075
2017-03-06,66.835297,67.254906,66.623528,67.019608,67.019608,1058760
2017-03-07,66.854904,67.196075,66.619606,67.082352,67.082352,1056465
2017-03-08,67.082352,67.403923,66.874512,67.015686,67.015686,916470
2017-03-09,67.015686,67.360786,66.835297,67.035294,67.035294,681615
2017-03-10,67.313728,67.737251,66.847061,67.517647,67.517647,1201050
2017-03-13,67.454903,67.599998,67.015686,67.537254,67.537254,927180
2017-03-14,67.482353,67.482353,66.839218,67.156860,67.156860,708900
2017-03-15,67.258827,67.894119,66.929413,67.733330,67.733330,865980
2017-03-16,67.647057,67.800003,66.733330,67.125488,67.125488,1505520
2017-03-17,67.309807,67.450981,66.741173,67.156860,67.156860,2316930
2017-03-20,67.003922,67.647057,66.650978,67.219604,67.219604,935340
2017-03-21,67.450981,67.803925,66.870590,66.980392,66.980392,1189575
2017-03-22,67.199997,67.552940,66.596077,67.392159,67.392159,823395
2017-03-23,67.372551,68.039215,67.090195,67.239220,67.239220,870825
2017-03-24,67.360786,67.690193,66.968628,67.156860,67.156860,702525
2017-03-27,66.780396,67.458824,66.721565,67.160782,67.160782,672435
2017-03-28,67.078430,67.278435,66.909805,67.094116,67.094116,990420
2017-03-29,67.203918,67.298042,66.694115,67.015686,67.015686,790245
2017-03-30,66.831375,67.113724,66.784317,66.992157,66.992157,487050
2017-03-31,66.803925,66.960785,66.552940,66.654900,66.654900,758370
2017-04-03,66.752937,67.117645,66.176468,66.294121,66.294121,1138065
2017-04-04,66.364708,66.552940,65.952942,66.203918,66.203918,793815
2017-04-05,66.149017,66.956863,65.886276,65.956863,65.956863,1337475
2017-04-06,66.058823,66.294121,65.607841,66.235291,66.235291,906015
2017-04-07,66.254906,66.439217,65.670586,65.705879,65.705879,876435
2017-04-10,65.768623,66.447060,65.631371,66.243134,66.243134,981240
2017-04-11,66.105881,66.784317,66.105881,66.690193,66.690193,1017705
2017-04-12,65.184311,66.443138,65.184311,66.168625,66.168625,1166370
2017-04-13,66.313728,66.317650,65.776474,65.823532,65.823532,554880
2017-04-17,65.992157,66.364708,65.725487,66.223526,66.223526,643620
2017-04-18,66.054901,66.066666,65.403923,65.764709,65.764709,794580
2017-04-19,66.027451,66.215683,65.435295,65.874512,65.874512,717570
2017-04-20,65.945099,66.572548,65.462746,66.431374,66.431374,1288515
2017-04-21,66.494118,66.611763,65.733330,65.925491,65.925491,759390
2017-04-24,66.658821,66.749023,66.086273,66.588234,66.588234,866745
2017-04-25,66.741173,67.058823,66.529411,66.752937,66.752937,1024080
2017-04-26,66.803925,67.984314,66.749023,67.913727,67.913727,1549125
2017-04-27,68.027451,68.505882,67.933334,68.305885,68.305885,913665
2017-04-28,68.141174,68.407845,67.933334,68.156860,68.156860,908055
2017-05-01,68.176468,68.262749,67.745094,68.078430,68.078430,617865
2017-05-02,68.047058,68.874512,68.047058,68.792160,68.792160,793305
2017-05-03,68.725487,69.133331,68.701958,68.898041,68.898041,1171470
2017-05-04,69.086273,69.866669,68.913727,69.835297,69.835297,921060
2017-05-05,70.125488,70.313728,69.639214,69.941177,69.941177,810645
2017-05-08,69.949020,70.086273,68.313728,68.635292,68.635292,1603695
2017-05-09,70.588234,71.560783,69.011765,69.572548,69.572548,2151435
2017-05-10,69.545097,69.662743,68.839218,69.050980,69.050980,1251795
2017-05-11,68.752937,69.231377,68.356865,69.176468,69.176468,905760
2017-05-12,68.949020,69.207840,68.572548,68.870590,68.870590,832065
2017-05-15,68.741173,69.105881,68.643135,69.066666,69.066666,736950
2017-05-16,69.199997,69.407845,68.886276,69.349022,69.349022,1054425
2017-05-17,68.952942,69.372551,68.372551,68.454903,68.454903,811410
2017-05-18,68.533333,69.666664,68.368629,69.431374,69.431374,1413465
2017-05-19,69.349022,70.109802,69.007843,69.729408,69.729408,1526175
2017-05-22,69.721565,71.074509,69.619606,70.945099,70.945099,1290810
2017-05-23,70.976471,71.470589,70.545097,71.411766,71.411766,795345
2017-05-24,71.607841,71.713722,71.031372,71.227448,71.227448,775965
2017-05-25,71.380394,72.094116,71.243134,71.866669,71.866669,809115
2017-05-26,71.862747,71.937256,71.403923,71.639214,71.639214,545700
2017-05-30,71.537254,71.839218,71.313728,71.721565,71.721565,468690
2017-05-31,71.760780,72.188232,71.431374,72.145096,72.145096,858840
2017-06-01,72.254906,73.192154,72.188232,73.141174,73.141174,824670
2017-06-02,73.047058,73.219604,72.862747,73.164703,73.164703,740010
2017-06-05,73.066666,73.113724,72.419609,72.631371,72.631371,753525
2017-06-06,72.635292,73.219604,72.133331,72.176468,72.176468,1154640
2017-06-07,72.498039,73.039215,72.050980,72.705879,72.705879,1111035
2017-06-08,72.203918,73.113724,71.882355,72.227448,72.227448,788205
2017-06-09,72.388237,73.329414,72.388237,72.843140,72.843140,1439475
2017-06-12,72.525490,73.121567,71.854904,72.164703,72.164703,793560
2017-06-13,71.917648,72.364708,71.784317,72.058823,72.058823,732360
2017-06-14,72.454903,73.125488,71.847061,72.164703,72.164703,607410
2017-06-15,71.945099,72.054901,71.431374,72.023529,72.023529,578850
2017-06-16,71.607841,72.235291,71.152939,71.658821,71.658821,1501950
2017-06-19,72.121567,72.650978,71.803925,72.572548,72.572548,1209975
2017-06-20,72.576469,72.576469,71.325493,71.419609,71.419609,836910
2017-06-21,71.215683,71.956863,71.215683,71.870590,71.870590,786165
2017-06-22,72.050980,72.486275,71.705879,72.258827,72.258827,691305
2017-06-23,72.301964,72.450981,72.023529,72.223526,72.223526,1123020
2017-06-26,72.490196,72.756866,72.266670,72.533333,72.533333,637500
2017-06-27,72.317650,72.635292,71.698036,71.713722,71.713722,1034280
2017-06-28,72.015686,72.494118,71.690193,72.266670,72.266670,694365
2017-06-29,72.227448,72.564705,71.372551,71.521568,71.521568,736440
2017-06-30,71.917648,72.329414,71.258827,71.772552,71.772552,932790
2017-07-03,72.054901,72.117645,71.313728,71.360786,71.360786,399075
2017-07-05,71.552940,72.078430,71.180389,72.031372,72.031372,864450
2017-07-06,71.607841,72.356865,70.772552,71.023529,71.023529,851190
2017-07-07,71.160782,72.105881,71.082352,71.701958,71.701958,790245
2017-07-10,71.760780,71.882355,70.741173,70.831375,70.831375,802485
2017-07-11,70.886276,70.960785,70.266670,70.854904,70.854904,529125
2017-07-12,71.290199,72.027451,71.290199,71.831375,71.831375,636735
2017-07-13,72.054901,72.384315,71.047058,71.541176,71.541176,876180
2017-07-14,71.686272,72.654900,71.686272,72.360786,72.360786,675240
2017-07-17,72.380394,72.866669,72.078430,72.749023,72.749023,752505
2017-07-18,72.800003,72.815689,72.019608,72.305885,72.305885,771120
2017-07-19,72.403923,72.764709,71.788239,72.627449,72.627449,1057995
2017-07-20,72.694115,72.694115,71.803925,72.329414,72.329414,1068960
2017-07-21,72.176468,72.870590,72.090195,72.517647,72.517647,697935
2017-07-24,72.568626,72.917648,72.423531,72.819611,72.819611,582675
2017-07-25,72.917648,73.050980,71.945099,72.447060,72.447060,1038615
2017-07-26,70.403923,72.780396,70.403923,72.447060,72.447060,705330
2017-07-27,72.266670,72.380394,71.352943,71.698036,71.698036,801720
2017-07-28,71.529411,71.949020,71.286278,71.729408,71.729408,813450
2017-07-31,70.698036,71.960785,70.698036,71.454903,71.454903,589815
2017-08-01,70.862747,71.607841,68.137253,71.086273,71.086273,902190
2017-08-02,70.984314,71.015686,69.905884,70.313728,70.313728,1102875
2017-08-03,70.254906,70.431374,69.878433,70.266670,70.266670,882810
2017-08-04,70.552940,70.552940,69.619606,70.082352,70.082352,1134240
2017-08-07,70.784317,72.654900,70.686272,72.074509,72.074509,2364105
2017-08-08,69.411766,70.392159,67.686272,68.243134,68.243134,3149760
2017-08-09,67.874512,68.074509,65.929413,66.529411,66.529411,2759610
2017-08-10,66.086273,66.505882,65.062744,65.615685,65.615685,1611345
2017-08-11,65.937256,67.160782,65.784317,66.894119,66.894119,1600890
2017-08-14,67.274513,67.431374,66.301964,66.380394,66.380394,896580
2017-08-15,66.176468,66.372551,65.360786,65.858826,65.858826,1390515
2017-08-16,66.160782,66.964706,65.760780,66.788239,66.788239,1623330
2017-08-17,66.823532,67.466667,66.498039,66.513725,66.513725,1946415
2017-08-18,66.431374,67.015686,66.215683,66.466667,66.466667,1339770
2017-08-21,66.478432,67.698036,66.478432,66.988235,66.988235,1576155
2017-08-22,67.050980,67.886276,66.992157,67.176468,67.176468,1163820
2017-08-23,66.811768,67.062744,66.368629,66.847061,66.847061,1464465
2017-08-24,66.956863,67.815689,66.937256,67.082352,67.082352,1818150
2017-08-25,67.403923,67.635292,66.972549,67.282356,67.282356,1234200
2017-08-28,67.254906,67.474510,66.415688,66.501961,66.501961,1074315
2017-08-29,66.666664,66.831375,65.800003,66.050980,66.050980,1523115
2017-08-30,65.898041,66.549019,65.568626,66.517647,66.517647,1788570
2017-08-31,66.737251,68.203918,66.682350,68.109802,68.109802,1590435
2017-09-01,68.231377,68.513725,67.505882,68.050980,68.050980,1307895
2017-09-05,67.674507,68.239220,67.015686,67.588234,67.588234,1477725
2017-09-06,67.588234,67.776474,67.247063,67.623528,67.623528,1331865
2017-09-07,67.803925,68.831375,67.352943,68.560783,68.560783,1051110
2017-09-08,68.650978,68.976471,68.505882,68.760780,68.760780,1005210
2017-09-11,69.199997,70.070587,69.058823,69.635292,69.635292,1258425
2017-09-12,69.631371,69.756866,68.866669,68.988235,68.988235,1673055
2017-09-13,68.921570,69.011765,66.074509,66.227448,66.227448,2880735
2017-09-14,66.019608,66.019608,62.878429,63.196079,63.196079,5672220
2017-09-15,64.509804,66.564705,64.439217,65.003922,65.003922,3728227
2017-09-18,65.380394,65.607841,63.098038,63.450981,63.450981,3941407
2017-09-19,63.505882,63.858826,61.843136,62.070587,62.070587,3217845
2017-09-20,62.290195,63.121571,61.850979,63.050980,63.050980,3429622
2017-09-21,63.058823,63.247059,62.149021,62.211765,62.211765,1432080
2017-09-22,61.882355,62.478432,61.615685,62.431374,62.431374,1865452
2017-09-25,62.345097,63.521568,62.101959,63.011765,63.011765,2284800
2017-09-26,63.192158,63.498039,62.815685,63.050980,63.050980,1343085
2017-09-27,63.152943,63.694118,62.799999,63.631374,63.631374,1178100
2017-09-28,63.349018,63.835293,62.956863,63.419609,63.419609,1444575
2017-09-29,63.184315,64.352943,63.066666,64.305885,64.305885,2224110
2017-10-02,64.462746,64.494118,63.301960,63.552940,63.552940,1960695
2017-10-03,63.607841,64.188232,63.521568,63.984314,63.984314,1340663
2017-10-04,64.047058,64.258827,63.850979,64.109802,64.109802,865215
2017-10-05,64.305885,64.611763,63.717648,63.984314,63.984314,991950
2017-10-06,64.345100,64.423531,63.349018,63.521568,63.521568,1370880
2017-10-09,63.458824,63.458824,62.611767,62.823528,62.823528,1539435
2017-10-10,62.878429,63.192158,62.517647,62.658825,62.658825,1216860
2017-10-11,62.658825,63.317646,62.588234,63.270588,63.270588,934065
2017-10-12,63.356861,63.654903,63.090195,63.145100,63.145100,1035172
2017-10-13,63.043137,63.607841,62.713726,63.474510,63.474510,852720
2017-10-16,63.474510,64.321571,63.270588,64.243134,64.243134,2800920
2017-10-17,64.062744,64.815689,64.023529,64.666664,64.666664,1996777
2017-10-18,64.698036,64.949020,64.180389,64.541176,64.541176,1075590
2017-10-19,64.752937,65.294121,64.690193,65.168625,65.168625,1574753
2017-10-20,65.584312,66.572548,65.254906,66.298042,66.298042,1344360
2017-10-23,66.313728,66.486275,64.635292,64.980392,64.980392,1530000
2017-10-24,65.105881,65.458824,64.737251,65.074509,65.074509,1145205
2017-10-25,64.737251,65.380394,64.596077,65.019608,65.019608,1737315
2017-10-26,65.262749,65.670586,63.607841,63.898041,63.898041,2111273
2017-10-27,63.450981,63.607841,59.294117,60.039215,60.039215,6198795
2017-10-30,60.062744,61.090195,59.827450,60.941177,60.941177,3070710
2017-10-31,61.019608,61.835293,60.988235,61.647060,61.647060,2126955
2017-11-01,61.984314,62.000000,60.517647,60.580391,60.580391,2186370
2017-11-02,60.611767,60.799999,59.694118,59.843136,59.843136,1831920
2017-11-03,59.960785,62.250980,59.733334,60.894119,60.894119,4428840
2017-11-06,54.901962,56.392159,54.517647,54.933334,54.933334,9817628
2017-11-07,55.490196,56.384315,54.870586,55.694118,55.694118,5520495
2017-11-08,55.490196,56.062744,53.607841,54.901962,54.901962,3852157
2017-11-09,54.494118,54.894119,53.960785,54.635296,54.635296,3361282
2017-11-10,54.400002,54.431374,52.564705,52.588234,52.588234,6466163
2017-11-13,52.596077,52.933334,51.545097,52.156864,52.156864,4938458
2017-11-14,52.078430,52.541176,51.200001,52.423531,52.423531,4721198
2017-11-15,52.494118,53.929413,52.196079,53.309803,53.309803,5373998
2017-11-16,53.215687,54.823528,53.215687,54.517647,54.517647,5168085
2017-11-17,54.274509,54.549019,53.843136,54.211765,54.211765,2920515
2017-11-20,54.015686,54.321568,51.866669,52.941177,52.941177,3512115
2017-11-21,53.278431,53.505882,52.164707,53.309803,53.309803,3631327
2017-11-22,53.223530,55.200001,53.129414,54.862743,54.862743,3610290
2017-11-24,55.145100,55.505882,54.376472,54.878429,54.878429,2237753
2017-11-27,54.862743,55.270588,54.611767,54.815685,54.815685,2164950
2017-11-28,54.839214,55.403923,53.984314,55.294117,55.294117,2525775
2017-11-29,55.372547,55.631374,54.352940,55.137257,55.137257,4142220
2017-11-30,55.192158,56.149021,55.019608,56.039215,56.039215,3469147
2017-12-01,55.631374,55.882355,54.454903,55.419609,55.419609,2241450
2017-12-04,56.149021,56.392159,55.662746,55.850979,55.850979,2340390
2017-12-05,55.968628,56.250980,54.572548,55.764706,55.764706,3512497
2017-12-06,53.333332,54.439217,52.799999,53.003922,53.003922,5111603
2017-12-07,52.901962,53.419609,52.698040,52.996078,52.996078,2427090
2017-12-08,53.490196,53.780392,52.964706,53.254902,53.254902,2621528
2017-12-11,53.254902,53.615685,52.839214,53.584312,53.584312,3045720
2017-12-12,53.545097,53.654903,52.878429,53.184315,53.184315,2500658
2017-12-13,53.309803,54.149021,53.058823,53.882355,53.882355,2104643
2017-12-14,54.086273,54.235294,53.662746,53.874512,53.874512,1671652
2017-12-15,54.023529,55.505882,53.788235,55.027451,55.027451,3153713
2017-12-18,55.239216,55.694118,54.980392,55.027451,55.027451,1443683
2017-12-19,55.262745,56.690197,55.262745,56.070587,56.070587,2161508
2017-12-20,55.984314,56.400002,55.654903,55.764706,55.764706,1735402
2017-12-21,55.890198,56.149021,55.521568,55.811764,55.811764,1512150
2017-12-22,55.874512,56.078430,55.349018,55.694118,55.694118,1144440
2017-12-26,55.701962,56.047058,55.286274,55.388233,55.388233,1589033
2017-12-27,55.380390,55.552940,55.035294,55.262745,55.262745,1198883
2017-12-28,55.372547,55.411766,54.909805,55.341175,55.341175,951022
2017-12-29,55.286274,55.654903,54.564705,54.807842,54.807842,1240065
2018-01-02,55.184315,56.133331,55.019608,56.054901,56.054901,1585080
2018-01-03,55.882355,56.729412,54.988235,56.580391,56.580391,1812922
2018-01-04,56.862743,57.090195,56.164707,56.611767,56.611767,1512023
2018-01-05,57.160786,57.694118,56.752941,57.513725,57.513725,1656735
2018-01-08,57.341175,58.376472,57.152943,58.305882,58.305882,1505903
2018-01-09,58.305882,58.352940,57.411766,57.607841,57.607841,1799152
2018-01-10,57.552940,57.568626,55.803921,57.090195,57.090195,2071365
2018-01-11,57.043137,57.545097,56.517647,57.490196,57.490196,1596173
2018-01-12,57.803921,58.823528,57.301960,58.698040,58.698040,1333013
2018-01-16,58.823528,59.898041,58.611767,59.639217,59.639217,2646390
2018-01-17,60.078430,60.588234,59.294117,59.882355,59.882355,5290868
2018-01-18,59.513725,59.952942,58.392159,58.525490,58.525490,2267333
2018-01-19,58.549019,59.592155,58.337254,59.576469,59.576469,1461660
2018-01-22,59.709805,59.960785,59.341175,59.929413,59.929413,1323450
2018-01-23,59.819607,60.337254,59.192158,59.843136,59.843136,1532550
2018-01-24,60.094116,60.933334,59.874512,60.713726,60.713726,1983517
2018-01-25,60.972549,61.568626,60.360783,61.286274,61.286274,1825672
2018-01-26,61.254902,61.960785,60.823528,61.905884,61.905884,1936087
2018-01-29,61.890198,62.384315,61.694118,62.282352,62.282352,1570928
2018-01-30,61.843136,62.305882,61.207844,61.231373,61.231373,2884943
2018-01-31,61.262745,61.262745,58.862743,59.356861,59.356861,2457690
2018-02-01,58.996078,59.223530,57.882355,59.043137,59.043137,1567995
2018-02-02,58.815685,59.380390,58.172550,58.313725,58.313725,1714365
2018-02-05,58.243137,58.823528,56.305882,56.313725,56.313725,2451825
2018-02-06,55.733334,58.015686,55.176472,57.670589,57.670589,3379387
2018-02-07,57.317646,58.431374,57.184315,57.231373,57.231373,2249738
2018-02-08,57.168629,57.301960,55.545097,55.568626,55.568626,2364105
2018-02-09,55.929413,56.729412,55.105881,56.274509,56.274509,2378385
2018-02-12,56.690197,57.403923,55.992157,56.611767,56.611767,2926635
2018-02-13,51.294117,53.301960,49.419609,52.854900,52.854900,15740130
2018-02-14,52.494118,53.882355,52.478432,53.670589,53.670589,3278790
2018-02-15,53.874512,53.874512,52.713726,53.631374,53.631374,2737298
2018-02-16,53.505882,55.819607,53.333332,54.525490,54.525490,3658102
2018-02-20,57.678432,57.811764,52.988235,53.309803,53.309803,5738138
2018-02-21,53.435295,55.247059,52.909805,53.866669,53.866669,3999420
2018-02-22,54.313725,54.729412,53.200001,53.309803,53.309803,2412045
2018-02-23,53.458824,53.701962,51.921570,53.372547,53.372547,2489055
2018-02-26,53.294117,53.803921,52.439217,53.090195,53.090195,1692690
2018-02-27,53.043137,53.599998,52.698040,52.713726,52.713726,2042550
2018-02-28,52.972549,53.121571,51.898041,51.913727,51.913727,1735657
2018-03-01,50.972549,51.568626,49.286274,49.756863,49.756863,5571878
2018-03-02,49.411766,51.278431,49.066666,51.129414,51.129414,3064718
2018-03-05,50.972549,52.133331,50.627453,51.796078,51.796078,1888402
2018-03-06,51.905884,51.992157,51.137257,51.788235,51.788235,1555245
2018-03-07,51.537254,52.674511,51.466667,52.650982,52.650982,2149013
2018-03-08,52.721569,53.113724,52.086273,52.650982,52.650982,1686442
2018-03-09,52.831371,53.913727,52.572548,53.670589,53.670589,1541475
2018-03-12,53.631374,53.929413,52.415688,53.215687,53.215687,2026867
2018-03-13,53.662746,53.788235,53.027451,53.364704,53.364704,1309680
2018-03-14,53.772549,53.811764,53.129414,53.568626,53.568626,1718700
2018-03-15,53.450981,53.615685,53.043137,53.325489,53.325489,1902427
2018-03-16,53.545097,53.843136,53.160786,53.372547,53.372547,2532150
2018-03-19,53.301960,53.670589,52.266666,53.200001,53.200001,4803308
2018-03-20,53.333332,53.803921,51.035294,51.545097,51.545097,3111765
2018-03-21,51.466667,52.039215,51.129414,51.505882,51.505882,1145588
2018-03-22,51.294117,52.219608,51.168629,51.709805,51.709805,2964885
2018-03-23,51.772549,52.415688,50.635296,50.658825,50.658825,2195423
2018-03-26,51.443138,51.788235,50.431374,51.403923,51.403923,2025975
2018-03-27,51.709805,51.890198,50.768627,51.043137,51.043137,2010420
2018-03-28,51.207844,52.470589,51.043137,51.976471,51.976471,2210978
2018-03-29,52.282352,53.098038,52.133331,52.713726,52.713726,1706460
2018-04-02,52.494118,53.082352,51.207844,51.631374,51.631374,2144805
2018-04-03,51.835293,52.478432,51.090195,52.423531,52.423531,1157318
2018-04-04,52.431374,54.360783,52.400002,53.733334,53.733334,2581238
2018-04-05,53.921570,53.921570,52.878429,53.192158,53.192158,1725075
2018-04-06,52.760784,53.231373,51.968628,52.376472,52.376472,1639778
2018-04-09,52.556862,53.286274,52.062744,52.447060,52.447060,1474538
2018-04-10,52.941177,55.537254,52.941177,54.384315,54.384315,3189795
2018-04-11,53.811764,54.486275,53.694118,54.172550,54.172550,1404285
2018-04-12,54.400002,54.862743,53.678432,54.682354,54.682354,2247570
2018-04-13,54.886276,55.050980,53.686275,54.101959,54.101959,1254728
2018-04-16,54.329411,55.576469,53.968628,54.854900,54.854900,1621928
2018-04-17,55.215687,55.843136,54.752941,55.701962,55.701962,1077248
2018-04-18,55.725491,55.960785,55.207844,55.631374,55.631374,1423665
2018-04-19,55.427452,55.607841,54.274509,54.705883,54.705883,1314270
2018-04-20,54.807842,54.807842,53.835293,54.172550,54.172550,1472498
2018-04-23,56.486275,58.180393,55.866669,57.874512,57.874512,4512863
2018-04-24,57.035294,58.729412,56.878429,57.905884,57.905884,4554045
2018-04-25,57.764706,58.462746,56.862743,58.423531,58.423531,2286968
2018-04-26,58.368626,59.905884,58.078430,59.803921,59.803921,1962352
2018-04-27,60.023529,60.329411,59.639217,60.235294,60.235294,1868257
2018-04-30,60.415688,60.478432,59.450981,59.607841,59.607841,2107958
2018-05-01,59.443138,60.415688,58.956863,60.290195,60.290195,1863157
2018-05-02,59.921570,60.478432,59.223530,60.070587,60.070587,2790720
2018-05-03,59.654903,59.654903,57.858826,58.839214,58.839214,2559945
2018-05-04,58.564705,59.474510,58.007843,59.254902,59.254902,1934047
2018-05-07,59.498039,60.376472,59.396076,59.819607,59.819607,3878677
2018-05-08,58.925491,59.466667,55.647060,55.749020,55.749020,5290485
2018-05-09,55.592155,56.776470,54.525490,56.141174,56.141174,2501423
2018-05-10,56.494118,57.254902,56.415688,56.956863,56.956863,1637610
2018-05-11,57.050980,57.592155,56.447060,57.207844,57.207844,1473135
2018-05-14,57.035294,57.521568,56.611767,57.505882,57.505882,1554608
2018-05-15,57.239216,57.309803,56.486275,56.823528,56.823528,1497488
2018-05-16,56.862743,57.168629,56.580391,56.784313,56.784313,1164458
2018-05-17,56.682354,56.776470,56.015686,56.690197,56.690197,1482315
2018-05-18,56.713726,57.035294,56.298038,56.423531,56.423531,1584315
2018-05-21,56.792156,57.066666,55.803921,56.047058,56.047058,1304453
2018-05-22,56.117645,56.227451,55.725491,55.921570,55.921570,1093185
2018-05-23,55.678432,55.749020,54.870586,55.388233,55.388233,1809225
2018-05-24,55.474510,55.584312,54.698040,55.301960,55.301960,1156170
2018-05-25,55.498039,56.415688,55.066666,55.239216,55.239216,1094715
2018-05-29,54.878429,55.152943,54.250980,54.901962,54.901962,1828222
2018-05-30,55.176472,56.313725,54.917648,56.156864,56.156864,2366400
2018-05-31,55.960785,56.054901,53.913727,54.274509,54.274509,4575720
2018-06-01,54.713726,55.317646,54.290195,54.533333,54.533333,1333905
2018-06-04,54.486275,55.498039,54.400002,55.090195,55.090195,1127228
2018-06-05,55.121571,55.670589,54.996078,55.160786,55.160786,1534590
2018-06-06,55.231373,56.156864,55.200001,55.827450,55.827450,1375598
2018-06-07,55.749020,56.415688,55.568626,55.835293,55.835293,1361445
2018-06-08,55.898041,56.619610,55.866669,56.564705,56.564705,1333013
2018-06-11,56.549019,57.788235,56.549019,57.098038,57.098038,1372283
2018-06-12,57.105881,57.427452,56.666668,57.231373,57.231373,1053405
2018-06-13,57.733334,57.733334,56.690197,56.729412,56.729412,1187790
2018-06-14,56.768627,57.262745,56.470589,57.160786,57.160786,1231395
2018-06-15,56.745098,57.576469,56.533333,57.482353,57.482353,2128103
2018-06-18,57.200001,57.317646,57.019608,57.176472,57.176472,1222725
2018-06-19,56.650982,57.035294,56.486275,56.784313,56.784313,1210485
2018-06-20,56.815685,57.082352,56.313725,56.400002,56.400002,1415378
2018-06-21,56.682354,57.003922,56.298038,56.517647,56.517647,1946415
2018-06-22,56.823528,58.799999,55.960785,58.580391,58.580391,5502773
2018-06-25,58.572548,59.066666,58.015686,58.462746,58.462746,2300483
2018-06-26,58.360783,59.419609,58.172550,58.713726,58.713726,2236605
2018-06-27,58.666668,59.098038,57.772549,57.882355,57.882355,1968855
2018-06-28,57.780392,57.835293,55.435295,56.988235,56.988235,2203328
2018-06-29,57.011765,57.443138,56.541176,56.972549,56.972549,1770975
2018-07-02,56.870586,57.576469,56.541176,57.521568,57.521568,1573223
2018-07-03,57.803921,58.462746,57.647060,58.054901,58.054901,765255
2018-07-05,58.345097,58.862743,58.031372,58.815685,58.815685,1714237
2018-07-06,58.933334,59.890198,58.901962,59.450981,59.450981,1256003
2018-07-09,59.670589,61.137257,59.380390,59.850979,59.850979,3877657
2018-07-10,59.929413,60.368626,58.972549,59.498039,59.498039,1278060
2018-07-11,57.874512,59.411766,57.874512,58.501961,58.501961,1589160
2018-07-12,58.682354,59.160786,58.172550,58.650982,58.650982,1136663
2018-07-13,58.847057,59.160786,58.643139,58.713726,58.713726,872992
2018-07-16,58.847057,58.847057,57.921570,58.101959,58.101959,881662
2018-07-17,57.843136,58.627453,57.756863,58.564705,58.564705,837420
2018-07-18,58.509804,58.784313,57.560783,57.835293,57.835293,1176443
2018-07-19,58.039215,59.184315,57.427452,58.650982,58.650982,1873995
2018-07-20,58.627453,59.098038,58.117645,59.066666,59.066666,919275
2018-07-23,59.152943,60.509804,59.027451,60.094116,60.094116,1262505
2018-07-24,60.109802,60.886276,59.874512,60.250980,60.250980,1096500
2018-07-25,60.243137,60.650982,59.709805,60.501961,60.501961,889185
2018-07-26,60.650982,61.098038,60.125488,60.494118,60.494118,880770
2018-07-27,60.250980,61.278431,59.976471,60.847057,60.847057,1071383
2018-07-30,60.792156,62.227451,60.603924,62.039215,62.039215,1880752
2018-07-31,62.094116,62.627453,61.521568,62.282352,62.282352,1867875
2018-08-01,62.054901,62.549019,61.505882,61.654903,61.654903,1325363
2018-08-02,61.654903,61.952942,60.415688,61.811764,61.811764,857947
2018-08-03,61.796078,63.270588,61.639217,62.925491,62.925491,3092768
2018-08-06,64.290199,67.066666,63.435295,64.447060,64.447060,4289355
2018-08-07,63.247059,63.247059,61.192158,62.588234,62.588234,2586720
2018-08-08,62.549019,62.894119,61.498039,61.803921,61.803921,1373685
2018-08-09,62.101959,62.274509,61.223530,61.592155,61.592155,1421115
2018-08-10,61.341175,61.372547,60.486275,60.682354,60.682354,1312868
2018-08-13,60.729412,61.325489,60.486275,61.035294,61.035294,1425578
2018-08-14,61.152943,61.631374,60.799999,61.372547,61.372547,1705695
2018-08-15,61.137257,61.654903,60.486275,61.529411,61.529411,1651508
2018-08-16,61.529411,62.549019,61.152943,62.094116,62.094116,1103895
2018-08-17,61.976471,63.333332,61.976471,63.011765,63.011765,1925887
2018-08-20,62.909805,64.227448,62.909805,64.054901,64.054901,1165478
2018-08-21,64.282356,64.525490,63.701962,64.282356,64.282356,946942
2018-08-22,64.047058,64.886276,63.592155,64.258827,64.258827,1475685
2018-08-23,64.141174,64.219604,63.639217,63.803921,63.803921,743708
2018-08-24,63.764706,63.764706,63.137257,63.647060,63.647060,1225530
2018-08-27,63.921570,64.266670,63.599998,63.654903,63.654903,1194038
2018-08-28,63.772549,63.835293,63.058823,63.309803,63.309803,1487798
2018-08-29,63.427452,63.890198,63.215687,63.607841,63.607841,1412445
2018-08-30,61.176472,61.529411,60.211765,60.392159,60.392159,2995613
2018-08-31,60.392159,61.176472,60.133331,60.925491,60.925491,1769827
2018-09-04,60.603924,61.521568,59.670589,61.090195,61.090195,1530510
2018-09-05,60.015686,63.286274,60.015686,63.254902,63.254902,2589015
2018-09-06,63.286274,64.101959,62.792156,63.168629,63.168629,1926270
2018-09-07,63.152943,63.568626,62.752941,62.886276,62.886276,1477215
2018-09-10,63.098038,63.247059,62.643139,62.776470,62.776470,561383
2018-09-11,62.674511,63.592155,62.141174,63.498039,63.498039,1022422
2018-09-12,63.552940,65.152939,63.364704,64.996078,64.996078,1303433
2018-09-13,65.254906,65.388237,64.800003,65.239220,65.239220,1120215
2018-09-14,65.333336,65.599998,64.949020,65.403923,65.403923,1134623
2018-09-17,65.505882,66.886276,65.223526,66.188232,66.188232,1113968
2018-09-18,66.000000,66.352943,65.498039,66.133331,66.133331,1330463
2018-09-19,66.211761,66.588234,65.709801,66.258827,66.258827,924630
2018-09-20,66.290199,67.458824,66.290199,67.356865,67.356865,1222853
2018-09-21,67.584312,67.921570,66.831375,67.192154,67.192154,2058105
2018-09-24,66.603920,66.745094,64.933334,65.623528,65.623528,1607393
2018-09-25,65.772552,66.235291,65.560783,66.149017,66.149017,1074315
2018-09-26,67.474510,68.556862,65.843140,66.603920,66.603920,3145170
2018-09-27,66.666664,67.505882,66.666664,66.831375,66.831375,1204365
2018-09-28,66.729408,66.988235,65.796082,66.690193,66.690193,1445085
2018-10-01,67.043137,68.815689,66.619606,68.156860,68.156860,2482425
2018-10-02,68.054901,68.305885,67.474510,67.654900,67.654900,1552823
2018-10-03,67.678429,68.470589,67.231377,68.023529,68.023529,1197735
2018-10-04,67.803925,68.525490,67.443138,68.431374,68.431374,1449293
2018-10-05,68.650978,70.996078,68.650978,69.364708,69.364708,3695205
2018-10-08,69.443138,69.552940,67.662743,68.211761,68.211761,3925087
2018-10-09,68.400002,69.294121,67.937256,68.862747,68.862747,1357238
2018-10-10,68.933334,69.035294,67.686272,67.733330,67.733330,2289008
2018-10-11,67.952942,67.952942,65.278435,65.521568,65.521568,2244128
2018-10-12,66.047058,66.462746,64.925491,65.843140,65.843140,2035155
2018-10-15,65.952942,67.176468,65.599998,66.470589,66.470589,1767915
2018-10-16,66.572548,67.294121,66.368629,66.721565,66.721565,3028125
2018-10-17,66.627449,68.392159,66.352943,67.819611,67.819611,1734765
2018-10-18,67.654900,67.882355,64.784317,65.325493,65.325493,3112658
2018-10-19,65.341179,65.952942,64.596077,64.713722,64.713722,1704930
2018-10-22,64.705879,65.207840,64.047058,64.345100,64.345100,1259318
2018-10-23,64.054901,64.439217,62.949020,64.101959,64.101959,1638375
2018-10-24,64.250977,64.768623,62.682354,62.768627,62.768627,1400205
2018-10-25,62.298038,64.321571,62.219608,63.803921,63.803921,2028270
2018-10-26,62.925491,63.639217,62.031372,62.690197,62.690197,2273198
2018-10-29,63.403923,66.415688,62.776470,63.694118,63.694118,1617465
2018-10-30,63.898041,65.474510,63.576469,65.364708,65.364708,2259173
2018-10-31,65.529411,65.607841,64.415688,65.098038,65.098038,2123513
2018-11-01,65.129410,66.454903,64.588234,66.400002,66.400002,1367565
2018-11-02,66.588234,67.427452,65.066666,65.498039,65.498039,2204093
2018-11-05,65.584312,66.698036,65.427452,66.454903,66.454903,1961842
2018-11-06,63.529411,67.325493,62.509804,65.498039,65.498039,3683985
2018-11-07,66.078430,68.533333,66.078430,68.494118,68.494118,2252288
2018-11-08,68.494118,69.898041,66.792160,68.211761,68.211761,1703910
2018-11-09,67.850983,68.172546,66.007843,67.003922,67.003922,1698300
2018-11-12,66.831375,67.458824,66.447060,66.549019,66.549019,791520
2018-11-13,66.619606,67.372551,66.415688,66.603920,66.603920,1159358
2018-11-14,67.466667,68.180389,66.211761,67.011765,67.011765,1404285
2018-11-15,66.721565,67.529411,65.419609,67.482353,67.482353,1197225
2018-11-16,67.090195,68.039215,66.988235,67.505882,67.505882,1580108
2018-11-19,67.756866,68.227448,66.800003,67.647057,67.647057,1473135
2018-11-20,67.435295,67.945099,66.094116,66.376472,66.376472,1426343
2018-11-21,66.494118,67.137253,66.172546,66.321571,66.321571,971805
2018-11-23,65.756866,66.596077,65.529411,65.835297,65.835297,570308
2018-11-26,66.619606,67.090195,65.788239,66.243134,66.243134,1882920
2018-11-27,66.070587,68.549019,65.866669,68.447060,68.447060,2442518
2018-11-28,68.368629,69.176468,67.137253,69.176468,69.176468,1427745
2018-11-29,69.058823,70.580391,68.964706,69.913727,69.913727,1561875
2018-11-30,70.054901,70.964706,69.388237,69.960785,69.960785,2654678
2018-12-03,70.745094,71.137253,69.137253,70.901962,70.901962,1652145
2018-12-04,70.611763,71.647057,70.290199,70.525490,70.525490,2432190
2018-12-06,69.882355,70.274513,66.462746,68.627449,68.627449,3457417
2018-12-07,68.156860,68.698036,66.392159,66.792160,66.792160,1783470
2018-12-10,66.886276,67.419609,65.827454,67.098038,67.098038,1576028
2018-12-11,67.717644,68.078430,65.764709,66.400002,66.400002,2028525
2018-12-12,67.199997,68.062744,66.674507,66.760780,66.760780,2351355
2018-12-13,67.011765,67.498039,65.341179,65.717644,65.717644,1893375
2018-12-14,65.372551,65.592155,63.121571,63.152943,63.152943,2078760
2018-12-17,62.760784,63.631374,62.211765,62.541176,62.541176,2276640
2018-12-18,63.129414,63.286274,61.858826,62.062744,62.062744,2546558
2018-12-19,62.258823,63.419609,61.215687,61.505882,61.505882,2020747
2018-12-20,61.403923,61.945099,60.109802,60.517647,60.517647,1988235
2018-12-21,60.454903,61.270588,59.160786,59.576469,59.576469,3767497
2018-12-24,59.419609,59.694118,57.749020,58.321568,58.321568,951277
2018-12-26,58.525490,60.768627,58.164707,60.737255,60.737255,1444958
2018-12-27,60.031372,61.043137,58.972549,61.027451,61.027451,1753380
2018-12-28,61.176472,62.007843,60.603924,61.113724,61.113724,1576028
2018-12-31,61.380390,62.125488,60.894119,61.584312,61.584312,1688737
2019-01-02,60.517647,60.549019,58.509804,59.913727,59.913727,2574608
2019-01-03,58.431374,59.192158,57.686275,57.858826,57.858826,1912245
2019-01-04,58.588234,59.592155,58.062744,58.431374,58.431374,2518380
2019-01-07,58.164707,59.066666,57.819607,58.156864,58.156864,1649978
2019-01-08,58.384315,59.247059,58.219608,59.113724,59.113724,1875525
2019-01-09,58.878429,60.470589,58.635296,59.913727,59.913727,2820938
2019-01-10,60.156864,62.337254,59.882355,62.337254,62.337254,4417365
2019-01-11,61.960785,62.752941,61.905884,62.556862,62.556862,1938382
2019-01-14,62.384315,63.254902,61.976471,62.698040,62.698040,1855507
2019-01-15,62.737255,63.945099,62.541176,63.639217,63.639217,2436398
2019-01-16,63.552940,64.062744,62.556862,62.729412,62.729412,2064225
2019-01-17,62.031372,62.541176,60.862743,61.396076,61.396076,2645753
2019-01-18,61.858826,62.282352,61.192158,62.196079,62.196079,1725967
2019-01-22,61.717648,61.882355,60.227451,60.768627,60.768627,2331083
2019-01-23,60.549019,61.176472,59.662746,60.313725,60.313725,1840080
2019-01-24,60.478432,60.917648,59.686275,60.078430,60.078430,1494938
2019-01-25,60.572548,61.137257,60.368626,60.588234,60.588234,1241340
2019-01-28,60.243137,60.580391,59.623528,60.094116,60.094116,1259190
2019-01-29,60.298038,61.270588,59.709805,60.203922,60.203922,1749682
2019-01-30,60.674511,61.294117,60.203922,61.027451,61.027451,1277168
2019-01-31,60.870586,61.866669,60.862743,60.941177,60.941177,2708100
2019-02-01,61.043137,61.333332,60.164707,60.580391,60.580391,1638630
2019-02-04,60.266666,61.866669,60.266666,61.521568,61.521568,2246040
2019-02-05,61.678432,62.713726,61.599998,62.486275,62.486275,2777588
2019-02-06,62.266666,63.827450,62.117645,63.341175,63.341175,2035282
2019-02-07,63.050980,63.450981,62.109802,62.501961,62.501961,2482425
2019-02-08,61.820000,62.450001,57.779999,59.150002,59.150002,5749600
2019-02-11,60.049999,60.790001,59.419998,60.389999,60.389999,3426500
2019-02-12,60.750000,61.610001,60.389999,61.009998,61.009998,3339200
2019-02-13,61.000000,62.450001,60.480000,62.090000,62.090000,3184900
2019-02-14,61.959999,62.529999,61.139999,62.369999,62.369999,1671300
2019-02-15,63.189999,63.189999,62.119999,62.389999,62.389999,2440000
2019-02-19,62.459999,63.770000,61.959999,63.110001,63.110001,2288300
2019-02-20,59.009998,60.220001,57.759998,60.169998,60.169998,4887800
2019-02-21,60.029999,61.860001,59.509998,59.980000,59.980000,3789200
2019-02-22,60.110001,61.369999,59.869999,59.939999,59.939999,2341900
2019-02-25,60.369999,60.700001,59.810001,59.830002,59.830002,1443000
2019-02-26,59.820000,59.950001,58.459999,58.490002,58.490002,1995200
2019-02-27,58.439999,58.590000,57.900002,58.400002,58.400002,2632100
2019-02-28,58.450001,59.400002,58.139999,59.299999,59.299999,3103100
2019-03-01,59.730000,61.090000,59.549999,60.070000,60.070000,1692700
2019-03-04,60.099998,60.130001,58.980000,59.759998,59.759998,1606400
2019-03-05,59.869999,60.009998,58.830002,58.869999,58.869999,1747100
2019-03-06,58.750000,58.880001,57.520000,57.700001,57.700001,1037800
2019-03-07,57.650002,57.990002,56.580002,57.400002,57.400002,3897200
2019-03-08,57.160000,58.650002,56.900002,58.570000,58.570000,2496600
2019-03-11,58.790001,60.009998,58.790001,59.930000,59.930000,1963400
2019-03-12,60.119999,60.490002,59.599998,59.709999,59.709999,983900
2019-03-13,59.939999,60.590000,59.779999,60.150002,60.150002,1118600
2019-03-14,60.119999,60.150002,59.009998,59.099998,59.099998,1710500
2019-03-15,59.099998,59.740002,58.869999,59.290001,59.290001,2136400
2019-03-18,59.549999,60.000000,59.509998,59.779999,59.779999,1379200
2019-03-19,60.000000,60.869999,59.959999,60.500000,60.500000,1051200
2019-03-20,60.380001,60.680000,59.669998,60.119999,60.119999,768200
2019-03-21,59.849998,61.430000,59.660000,61.220001,61.220001,916000
2019-03-22,61.000000,61.049999,59.750000,59.799999,59.799999,1159200
2019-03-25,59.860001,60.000000,58.639999,58.869999,58.869999,986700
2019-03-26,59.099998,59.619999,58.310001,59.340000,59.340000,1191900
2019-03-27,59.200001,59.759998,58.599998,58.790001,58.790001,1114700
2019-03-28,58.810001,59.540001,58.689999,58.889999,58.889999,922300
2019-03-29,59.299999,60.119999,59.209999,60.110001,60.110001,1939900
2019-04-01,60.619999,61.020000,59.939999,60.990002,60.990002,1295900
2019-04-02,60.959999,61.209999,60.509998,60.669998,60.669998,1151300
2019-04-03,60.950001,61.070000,60.080002,60.560001,60.560001,2687400
2019-04-04,60.610001,61.560001,60.310001,61.360001,61.360001,1764000
2019-04-05,61.610001,63.020000,61.389999,62.730000,62.730000,1882200
2019-04-08,62.650002,63.000000,60.869999,61.630001,61.630001,1550000
2019-04-09,61.540001,62.020000,61.419998,61.990002,61.990002,962000
2019-04-10,62.009998,62.160000,61.509998,61.840000,61.840000,1014100
2019-04-11,61.930000,62.009998,60.560001,60.930000,60.930000,1565000
2019-04-12,61.369999,62.110001,60.509998,61.779999,61.779999,1237000
2019-04-15,61.970001,62.340000,61.369999,61.889999,61.889999,874700
2019-04-16,62.139999,62.279999,61.200001,61.330002,61.330002,1429500
2019-04-17,61.439999,61.439999,59.790001,60.730000,60.730000,1921100
2019-04-18,61.029999,62.099998,60.110001,61.500000,61.500000,1792600
2019-04-22,61.330002,62.689999,61.250000,61.400002,61.400002,1114700
2019-04-23,61.320000,63.450001,61.049999,63.259998,63.259998,1415300
2019-04-24,63.200001,64.559998,63.029999,64.180000,64.180000,1018600
2019-04-25,63.779999,64.120003,62.939999,63.820000,63.820000,1149500
2019-04-26,64.070000,64.750000,64.059998,64.470001,64.470001,801300
2019-04-29,64.339996,64.760002,63.290001,63.490002,63.490002,1417700
2019-04-30,63.689999,64.110001,63.000000,64.059998,64.059998,1227700
2019-05-01,64.059998,64.199997,62.180000,62.439999,62.439999,1696000
2019-05-02,62.509998,62.880001,61.450001,62.770000,62.770000,2295900
2019-05-03,63.000000,63.650002,62.590000,63.230000,63.230000,1916500
2019-05-06,62.599998,63.549999,61.110001,63.279999,63.279999,2361300
2019-05-07,65.809998,69.900002,64.980003,66.709999,66.709999,4688300
2019-05-08,67.040001,68.870003,65.550003,68.709999,68.709999,3071700
2019-05-09,67.930000,69.669998,67.349998,69.260002,69.260002,2626000
2019-05-10,68.919998,69.269997,68.040001,68.900002,68.900002,2229300
2019-05-13,67.809998,68.000000,66.610001,66.970001,66.970001,1567200
2019-05-14,67.349998,67.839996,66.949997,67.309998,67.309998,886600
2019-05-15,65.750000,66.769997,65.730003,66.580002,66.580002,1473100
2019-05-16,66.750000,67.779999,66.470001,67.089996,67.089996,972300
2019-05-17,66.750000,68.110001,66.660004,67.919998,67.919998,1972700
2019-05-20,67.440002,68.610001,67.010002,68.489998,68.489998,1727200
2019-05-21,68.820000,69.360001,68.750000,68.889999,68.889999,1543000
2019-05-22,68.860001,69.269997,68.529999,68.660004,68.660004,1291300
2019-05-23,68.349998,68.720001,67.410004,67.669998,67.669998,1492700
2019-05-24,67.589996,67.809998,66.989998,67.019997,67.019997,1262400
2019-05-28,67.239998,67.430000,66.089996,66.150002,66.150002,2207600
2019-05-29,66.339996,66.339996,65.120003,65.370003,65.370003,1542700
2019-05-30,65.690002,65.720001,64.790001,65.129997,65.129997,987700
2019-05-31,64.809998,64.949997,64.279999,64.459999,64.459999,1329500
2019-06-03,64.230003,65.449997,64.230003,65.160004,65.160004,1169800
2019-06-04,65.809998,66.660004,65.580002,66.410004,66.410004,1181000
2019-06-05,66.570000,67.690002,66.309998,67.589996,67.589996,1115200
2019-06-06,67.349998,69.129997,67.279999,68.720001,68.720001,1493600
2019-06-07,68.989998,70.570000,68.989998,69.760002,69.760002,1698000
2019-06-10,69.730003,71.199997,69.400002,70.739998,70.739998,991300
2019-06-11,71.250000,71.559998,69.989998,71.120003,71.120003,1376000
2019-06-12,71.050003,71.959999,70.540001,71.629997,71.629997,1342500
2019-06-13,71.680000,71.790001,71.080002,71.389999,71.389999,669800
2019-06-14,71.360001,71.750000,70.750000,71.279999,71.279999,654500
2019-06-17,71.290001,71.510002,70.750000,71.419998,71.419998,642900
2019-06-18,72.070000,72.809998,71.449997,72.040001,72.040001,1057700
2019-06-19,72.169998,72.559998,71.690002,72.059998,72.059998,1231800
2019-06-20,72.430000,72.519997,70.599998,70.940002,70.940002,1446700
2019-06-21,71.099998,71.099998,68.870003,69.879997,69.879997,2531600
2019-06-24,70.040001,70.330002,69.389999,69.919998,69.919998,1143100
2019-06-25,69.919998,70.320000,69.239998,69.320000,69.320000,1481000
2019-06-26,69.330002,69.620003,68.480003,68.889999,68.889999,1282200
2019-06-27,68.889999,69.480003,68.739998,69.150002,69.150002,1311000
2019-06-28,69.550003,70.019997,68.949997,69.900002,69.900002,1774700
2019-07-01,70.279999,71.500000,69.279999,69.500000,69.500000,1591300
2019-07-02,69.709999,69.709999,68.629997,68.870003,68.870003,1000000
2019-07-03,68.900002,69.849998,68.900002,69.230003,69.230003,832000
2019-07-05,68.820000,69.279999,68.070000,69.160004,69.160004,971700
2019-07-08,69.110001,69.110001,68.400002,68.940002,68.940002,826900
2019-07-09,68.970001,69.180000,68.610001,68.900002,68.900002,1081800
2019-07-10,69.000000,69.550003,68.800003,69.230003,69.230003,925100
2019-07-11,69.559998,70.790001,68.930000,69.449997,69.449997,1560700
2019-07-12,69.660004,71.320000,69.050003,70.580002,70.580002,2144100
2019-07-15,70.589996,71.629997,70.290001,71.349998,71.349998,1526900
2019-07-16,71.500000,71.529999,69.699997,69.930000,69.930000,2760300
2019-07-17,70.029999,70.459999,69.309998,69.330002,69.330002,1137500
2019-07-18,69.330002,69.330002,68.370003,68.879997,68.879997,1109800
2019-07-19,69.000000,69.760002,67.459999,67.500000,67.500000,1353700
2019-07-22,67.730003,67.730003,66.529999,66.779999,66.779999,1119000
2019-07-23,67.120003,67.690002,66.690002,67.500000,67.500000,938700
2019-07-24,67.309998,67.800003,67.029999,67.629997,67.629997,819100
2019-07-25,67.489998,67.599998,66.970001,67.389999,67.389999,798500
2019-07-26,67.760002,67.870003,67.120003,67.800003,67.800003,867500
2019-07-29,67.660004,68.269997,67.629997,68.180000,68.180000,879200
2019-07-30,67.660004,68.910004,67.489998,68.879997,68.879997,806000
2019-07-31,69.050003,69.480003,66.040001,66.540001,66.540001,1669700
2019-08-01,65.989998,67.139999,65.010002,66.620003,66.620003,1303000
2019-08-02,66.580002,66.879997,65.459999,65.900002,65.900002,1262800
2019-08-05,65.180000,65.919998,64.330002,64.540001,64.540001,2026800
2019-08-06,60.000000,63.000000,59.720001,61.759998,61.759998,3141900
2019-08-07,60.169998,62.830002,60.009998,62.459999,62.459999,3178800
2019-08-08,62.820000,62.889999,61.950001,62.580002,62.580002,1262500
2019-08-09,62.570000,63.490002,62.320000,63.029999,63.029999,1419000
2019-08-12,62.959999,63.389999,62.389999,62.619999,62.619999,1168400
2019-08-13,62.090000,63.330002,61.990002,62.279999,62.279999,1736900
2019-08-14,61.730000,61.990002,60.849998,61.060001,61.060001,2071200
2019-08-15,61.410000,63.189999,61.009998,61.540001,61.540001,1794700
2019-08-16,61.919998,62.520000,61.419998,61.750000,61.750000,1030100
2019-08-19,62.230000,62.500000,62.049999,62.119999,62.119999,855900
2019-08-20,62.110001,62.160000,61.049999,61.259998,61.259998,1264800
2019-08-21,61.459999,61.599998,61.150002,61.320000,61.320000,960100
2019-08-22,61.419998,61.740002,60.360001,60.709999,60.709999,902800
2019-08-23,60.590000,61.299999,59.250000,59.459999,59.459999,1095000
2019-08-26,59.750000,60.720001,59.720001,60.709999,60.709999,849500
2019-08-27,60.799999,61.259998,60.060001,60.459999,60.459999,1277100
2019-08-28,60.400002,60.880001,60.150002,60.500000,60.500000,1209900
2019-08-29,61.020000,61.500000,60.660000,61.349998,61.349998,1003300
2019-08-30,61.509998,61.930000,61.200001,61.619999,61.619999,1104700
2019-09-03,61.320000,62.000000,60.980000,61.560001,61.560001,1139700
2019-09-04,62.000000,62.549999,61.000000,61.060001,61.060001,713100
2019-09-05,61.450001,62.040001,61.250000,61.830002,61.830002,928200
2019-09-06,62.000000,62.000000,60.509998,61.560001,61.560001,1463500
2019-09-09,61.790001,62.750000,61.689999,62.610001,62.610001,909600
2019-09-10,62.419998,64.239998,62.369999,63.900002,63.900002,1523200
2019-09-11,63.900002,65.849998,63.509998,65.839996,65.839996,1479300
2019-09-12,66.019997,66.570000,65.000000,65.029999,65.029999,1473400
2019-09-13,65.209999,65.610001,64.089996,64.320000,64.320000,1323400
2019-09-16,63.810001,65.239998,63.689999,65.120003,65.120003,1006200
2019-09-17,65.239998,65.750000,62.720001,62.759998,62.759998,1363200
2019-09-18,62.770000,63.250000,62.509998,62.869999,62.869999,938600
2019-09-19,63.020000,63.779999,63.020000,63.150002,63.150002,651800
2019-09-20,62.750000,63.410000,62.400002,62.849998,62.849998,1671300
2019-09-23,62.650002,62.970001,61.860001,62.330002,62.330002,669900
2019-09-24,62.480000,62.720001,60.840000,61.060001,61.060001,951600
2019-09-25,60.930000,62.290001,60.860001,62.230000,62.230000,659100
2019-09-26,62.590000,62.590000,61.040001,61.619999,61.619999,752900
2019-09-27,61.970001,62.810001,61.610001,62.580002,62.580002,810000
2019-09-30,62.919998,63.770000,62.540001,63.500000,63.500000,964300
2019-10-01,63.320000,63.959999,62.730000,63.049999,63.049999,871000
2019-10-02,62.930000,63.029999,61.009998,61.779999,61.779999,945500
2019-10-03,61.779999,62.330002,60.939999,61.849998,61.849998,790800
2019-10-04,62.270000,62.950001,61.950001,62.930000,62.930000,869300
2019-10-07,62.720001,63.160000,62.450001,62.880001,62.880001,584700
2019-10-08,62.509998,62.689999,61.889999,62.130001,62.130001,953800
2019-10-09,62.520000,62.529999,61.430000,62.110001,62.110001,778700
2019-10-10,62.259998,62.910000,61.910000,62.380001,62.380001,765300
2019-10-11,63.169998,63.730000,62.840000,62.939999,62.939999,926300
2019-10-14,63.000000,63.000000,61.330002,61.360001,61.360001,919800
2019-10-15,61.570000,62.070000,61.119999,61.840000,61.840000,905500
2019-10-16,61.820000,63.459999,61.639999,62.450001,62.450001,1627500
2019-10-17,62.900002,63.830002,62.660000,63.549999,63.549999,1177600
2019-10-18,63.630001,64.260002,62.770000,62.810001,62.810001,1255700
2019-10-21,62.970001,63.480000,62.630001,62.900002,62.900002,980200
2019-10-22,63.200001,63.200001,62.259998,62.490002,62.490002,956100
2019-10-23,62.490002,63.630001,62.439999,63.250000,63.250000,1064700
2019-10-24,62.970001,63.180000,61.750000,61.939999,61.939999,900100
2019-10-25,61.790001,62.680000,61.730000,62.250000,62.250000,754900
2019-10-28,62.270000,62.860001,62.110001,62.119999,62.119999,691000
2019-10-29,62.080002,63.209999,62.020000,63.119999,63.119999,847200
2019-10-30,62.980000,63.070000,62.470001,62.799999,62.799999,655700
2019-10-31,62.860001,63.230000,62.070000,62.590000,62.590000,864400
2019-11-01,62.910000,63.930000,62.889999,63.299999,63.299999,917000
2019-11-04,63.430000,66.019997,63.430000,65.730003,65.730003,2221600
2019-11-05,64.980003,68.430000,64.160004,67.730003,67.730003,3110200
2019-11-06,66.959999,68.750000,66.699997,68.599998,68.599998,1589900
2019-11-07,69.000000,70.339996,68.489998,68.739998,68.739998,1148900
2019-11-08,68.790001,68.910004,68.089996,68.910004,68.910004,905200
2019-11-11,68.699997,68.739998,66.959999,67.400002,67.400002,823100
2019-11-12,67.370003,68.320000,67.220001,67.879997,67.879997,801900
2019-11-13,67.650002,68.360001,67.089996,68.279999,68.279999,580500
2019-11-14,68.339996,68.459999,67.669998,68.180000,68.180000,552900
2019-11-15,68.309998,68.709999,67.860001,68.459999,68.459999,1031800
2019-11-18,68.589996,68.790001,67.269997,68.690002,68.690002,800100
2019-11-19,68.889999,69.760002,68.750000,69.500000,69.500000,849500
2019-11-20,67.389999,69.750000,67.389999,68.349998,68.349998,1665500
2019-11-21,68.209999,68.860001,68.059998,68.440002,68.440002,1297000
2019-11-22,68.529999,69.639999,68.480003,69.300003,69.300003,614300
2019-11-25,69.519997,70.470001,69.019997,70.360001,70.360001,625700
2019-11-26,70.419998,70.680000,69.800003,69.980003,69.980003,1085200
2019-11-27,70.589996,70.839996,69.620003,69.959999,69.959999,1015300
2019-11-29,69.570000,70.059998,68.610001,68.900002,68.900002,653600
2019-12-02,69.089996,69.809998,68.709999,69.080002,69.080002,1189300
2019-12-03,68.790001,68.989998,67.930000,68.839996,68.839996,1060400
2019-12-04,68.760002,69.739998,68.160004,69.150002,69.150002,1166500
2019-12-05,69.150002,69.949997,68.849998,69.169998,69.169998,917800
2019-12-06,69.699997,70.260002,69.370003,69.419998,69.419998,903700
2019-12-09,69.540001,69.650002,68.669998,68.680000,68.680000,853400
2019-12-10,68.599998,68.860001,68.169998,68.330002,68.330002,1075900
2019-12-11,68.269997,69.220001,68.260002,69.099998,69.099998,691400
2019-12-12,69.250000,69.669998,68.620003,68.820000,68.820000,714700
2019-12-13,68.629997,69.320000,68.260002,68.489998,68.489998,874900
2019-12-16,68.690002,69.070000,67.949997,68.690002,68.690002,1244100
2019-12-17,68.570000,68.879997,68.089996,68.150002,68.150002,902500
2019-12-18,68.099998,68.610001,67.580002,68.360001,68.360001,1195400
2019-12-19,68.260002,69.709999,67.669998,69.059998,69.059998,1816900
2019-12-20,69.389999,69.389999,66.629997,66.660004,66.660004,6929200
2019-12-23,66.750000,67.570000,66.279999,66.379997,66.379997,1167200
2019-12-24,66.470001,66.730003,66.260002,66.529999,66.529999,290700
2019-12-26,66.830002,66.830002,65.830002,66.269997,66.269997,564900
2019-12-27,66.220001,66.650002,66.110001,66.580002,66.580002,571300
2019-12-30,66.699997,67.010002,66.010002,66.440002,66.440002,764400
2019-12-31,66.290001,66.879997,66.290001,66.720001,66.720001,758300
2020-01-02,67.190002,67.940002,66.750000,67.120003,67.120003,987600
2020-01-03,66.430000,66.720001,66.059998,66.559998,66.559998,663400
2020-01-06,66.190002,67.360001,65.959999,67.290001,67.290001,696300
2020-01-07,67.300003,67.820000,66.900002,67.739998,67.739998,790700
2020-01-08,67.830002,68.250000,67.470001,67.930000,67.930000,730300
2020-01-09,67.559998,68.290001,66.040001,66.199997,66.199997,1551400
2020-01-10,66.470001,66.699997,66.010002,66.620003,66.620003,749000
2020-01-13,66.480003,66.919998,65.629997,66.220001,66.220001,672800
2020-01-14,66.349998,67.510002,66.080002,67.470001,67.470001,1114900
2020-01-15,67.500000,69.410004,67.260002,68.500000,68.500000,893500
2020-01-16,68.830002,69.430000,68.559998,69.379997,69.379997,786800
2020-01-17,69.559998,69.660004,68.970001,69.290001,69.290001,783600
2020-01-21,69.360001,70.629997,69.059998,69.610001,69.610001,1255100
2020-01-22,69.599998,70.809998,69.449997,70.739998,70.739998,692900
2020-01-23,70.860001,71.019997,70.300003,71.000000,71.000000,664600
2020-01-24,71.120003,71.500000,70.279999,71.199997,71.199997,1310600
2020-01-27,68.239998,71.059998,67.169998,70.790001,70.790001,1553900
2020-01-28,70.930000,71.080002,70.239998,70.410004,70.410004,916100
2020-01-29,70.650002,71.089996,70.139999,70.449997,70.449997,743300
2020-01-30,70.019997,71.580002,68.550003,71.470001,71.470001,1321200
2020-01-31,71.440002,71.440002,68.610001,68.940002,68.940002,1103900
2020-02-03,69.440002,70.699997,69.029999,69.620003,69.620003,696700
2020-02-04,70.379997,70.660004,69.739998,69.750000,69.750000,796300
2020-02-05,70.550003,71.750000,70.339996,71.110001,71.110001,1029600
2020-02-06,71.610001,71.889999,70.779999,70.970001,70.970001,726700
2020-02-07,70.500000,70.750000,69.660004,69.970001,69.970001,739900
2020-02-10,69.699997,70.199997,69.519997,70.180000,70.180000,604600
2020-02-11,70.260002,71.180000,70.250000,70.889999,70.889999,497600
2020-02-12,70.980003,72.070000,70.809998,71.860001,71.860001,830400
2020-02-13,71.620003,71.959999,70.870003,71.510002,71.510002,870700
2020-02-14,71.580002,72.139999,70.680000,72.129997,72.129997,645900
2020-02-18,72.180000,73.250000,71.830002,72.989998,72.989998,1893300
2020-02-19,72.870003,73.989998,72.870003,73.709999,73.709999,1646500
2020-02-20,73.000000,73.500000,66.709999,68.919998,68.919998,3952500
2020-02-21,68.650002,69.550003,67.459999,67.540001,67.540001,1781200
2020-02-24,66.230003,67.879997,64.849998,64.930000,64.930000,1427800
2020-02-25,65.550003,66.120003,62.720001,63.130001,63.130001,1939200
2020-02-26,63.700001,65.010002,63.150002,63.180000,63.180000,1622100
2020-02-27,62.389999,64.099998,61.099998,62.520000,62.520000,2300700
2020-02-28,61.259998,62.230000,59.889999,60.939999,60.939999,2319800
2020-03-02,60.990002,62.919998,60.310001,62.919998,62.919998,2426100
2020-03-03,62.759998,63.500000,59.889999,60.560001,60.560001,1493200
2020-03-04,61.320000,62.349998,60.400002,61.630001,61.630001,1698100
2020-03-05,60.070000,60.500000,58.040001,59.250000,59.250000,2054300
2020-03-06,57.560001,58.720001,56.700001,57.689999,57.689999,1916200
2020-03-09,55.060001,56.009998,53.689999,54.509998,54.509998,2464900
2020-03-10,56.209999,57.970001,55.230000,57.869999,57.869999,3372400
2020-03-11,56.240002,58.230000,56.049999,57.680000,57.680000,2510300
2020-03-12,54.470001,56.939999,53.759998,55.060001,55.060001,3919500
2020-03-13,57.020000,59.310001,51.990002,56.709999,56.709999,2644900
2020-03-16,57.279999,57.650002,51.259998,51.650002,51.650002,2452100
2020-03-17,52.750000,55.270000,50.369999,54.610001,54.610001,3543300
2020-03-18,52.139999,52.820000,42.270000,50.740002,50.740002,2988800
2020-03-19,50.130001,53.520000,48.099998,49.810001,49.810001,2977300
2020-03-20,49.700001,50.740002,44.790001,45.009998,45.009998,2275000
2020-03-23,44.939999,45.540001,41.849998,43.180000,43.180000,2324600
2020-03-24,45.380001,49.029999,44.840000,46.980000,46.980000,2217700
2020-03-25,46.900002,52.820000,46.529999,50.029999,50.029999,3307400
2020-03-26,51.810001,60.820000,49.650002,53.560001,53.560001,10254100
2020-03-27,52.439999,52.980000,49.860001,50.000000,50.000000,2755300
2020-03-30,52.590000,52.770000,50.299999,52.090000,52.090000,3126600
2020-03-31,52.419998,52.599998,50.380001,50.520000,50.520000,2653800
2020-04-01,50.669998,51.459999,48.029999,48.570000,48.570000,1919700
2020-04-02,48.900002,50.200001,47.250000,48.439999,48.439999,2429700
2020-04-03,48.119999,48.779999,45.950001,46.349998,46.349998,1984700
2020-04-06,47.630001,47.880001,46.220001,47.139999,47.139999,2613600
2020-04-07,48.720001,50.660000,46.980000,49.299999,49.299999,3316600
2020-04-08,49.299999,52.570000,49.299999,52.369999,52.369999,2516600
2020-04-09,52.860001,54.509998,51.439999,52.250000,52.250000,1665900
2020-04-13,51.990002,52.439999,50.630001,51.700001,51.700001,1245000
2020-04-14,52.470001,53.740002,52.110001,53.549999,53.549999,1259900
2020-04-15,52.470001,52.810001,50.950001,52.160000,52.160000,1212400
2020-04-16,52.439999,52.919998,51.619999,52.580002,52.580002,1354000
2020-04-17,53.970001,54.250000,53.000000,53.639999,53.639999,1310800
2020-04-20,52.330002,54.240002,52.150002,53.150002,53.150002,1061600
2020-04-21,52.110001,53.029999,51.439999,52.029999,52.029999,935700
2020-04-22,52.439999,52.939999,51.060001,51.709999,51.709999,1149900
2020-04-23,52.270000,52.880001,51.419998,51.630001,51.630001,1321900
2020-04-24,51.910000,52.570000,50.549999,52.389999,52.389999,1313000
2020-04-27,52.529999,54.930000,52.480000,54.860001,54.860001,1307500
2020-04-28,55.770000,56.450001,54.389999,55.270000,55.270000,1303800
2020-04-29,56.049999,57.380001,55.439999,56.950001,56.950001,2179600
2020-04-30,56.220001,56.220001,54.430000,54.560001,54.560001,1291000
2020-05-01,53.599998,53.980000,51.279999,52.150002,52.150002,1322100
2020-05-04,52.000000,52.810001,51.340000,52.490002,52.490002,2026400
2020-05-05,55.340000,56.950001,51.750000,53.700001,53.700001,3783100
2020-05-06,53.250000,54.150002,51.990002,52.689999,52.689999,2436700
2020-05-07,53.169998,54.279999,53.169998,53.889999,53.889999,1792100
2020-05-08,54.230000,55.000000,53.740002,54.029999,54.029999,1113800
2020-05-11,54.000000,55.650002,53.509998,55.470001,55.470001,1752100
2020-05-12,55.270000,55.509998,53.049999,53.060001,53.060001,1512400
2020-05-13,52.750000,52.919998,50.099998,51.130001,51.130001,1776700
2020-05-14,50.099998,52.189999,49.830002,52.000000,52.000000,1821200
2020-05-15,52.029999,52.720001,51.470001,51.759998,51.759998,3926500
2020-05-18,53.049999,56.830002,52.959999,56.410000,56.410000,1926400
2020-05-19,56.369999,58.180000,56.009998,57.049999,57.049999,1856500
2020-05-20,57.119999,58.770000,56.860001,57.779999,57.779999,1136800
2020-05-21,57.270000,58.119999,56.730000,57.180000,57.180000,1060100
2020-05-22,57.450001,57.509998,56.189999,56.709999,56.709999,1258800
2020-05-26,58.680000,60.200001,58.279999,59.570000,59.570000,1562500
2020-05-27,60.720001,62.360001,60.230000,62.240002,62.240002,2051500
2020-05-28,62.689999,63.049999,61.080002,61.450001,61.450001,1110200
2020-05-29,61.380001,61.590000,59.930000,60.720001,60.720001,2645600
2020-06-01,60.709999,61.500000,60.000000,61.130001,61.130001,770700
2020-06-02,61.470001,63.619999,61.189999,63.220001,63.220001,2499800
2020-06-03,63.540001,64.199997,62.869999,63.240002,63.240002,1098000
2020-06-04,62.810001,63.660000,62.049999,63.279999,63.279999,1314000
2020-06-05,64.480003,66.150002,64.459999,65.830002,65.830002,1819200
2020-06-08,65.680000,67.879997,65.169998,66.959999,66.959999,1756400
2020-06-09,65.690002,65.690002,61.080002,61.160000,61.160000,2431800
2020-06-10,61.220001,61.720001,58.669998,58.820000,58.820000,1759500
2020-06-11,57.529999,57.529999,55.400002,55.820000,55.820000,2525500
2020-06-12,57.310001,57.560001,55.790001,56.630001,56.630001,1839900
2020-06-15,55.139999,58.770000,54.880001,58.180000,58.180000,1342800
2020-06-16,60.439999,60.980000,59.080002,59.790001,59.790001,1477400
2020-06-17,59.939999,60.540001,59.520000,59.770000,59.770000,1108700
2020-06-18,59.160000,59.970001,58.709999,59.369999,59.369999,1403800
2020-06-19,60.240002,61.330002,59.340000,60.419998,60.419998,2763200
2020-06-22,60.029999,60.669998,59.000000,59.500000,59.500000,1297600
2020-06-23,60.400002,60.439999,59.029999,59.349998,59.349998,1549500
2020-06-24,58.910000,59.070000,56.029999,56.180000,56.180000,2143400
2020-06-25,56.029999,56.570000,54.889999,56.400002,56.400002,1320300
2020-06-26,56.290001,57.009998,55.660000,56.669998,56.669998,1786000
2020-06-29,57.410000,58.080002,56.349998,58.060001,58.060001,970200
2020-06-30,57.700001,58.860001,57.349998,58.389999,58.389999,1499200
2020-07-01,58.610001,59.660000,58.310001,58.860001,58.860001,1296300
2020-07-02,59.830002,60.430000,58.970001,59.070000,59.070000,1144400
2020-07-06,59.830002,60.209999,58.610001,59.520000,59.520000,1226900
2020-07-07,58.900002,59.169998,58.000000,58.509998,58.509998,882200
2020-07-08,58.380001,58.520000,55.880001,57.189999,57.189999,1639500
2020-07-09,56.889999,57.209999,54.250000,56.080002,56.080002,1021800
2020-07-10,56.139999,57.279999,55.509998,57.160000,57.160000,1052200
2020-07-13,57.599998,58.740002,57.169998,57.849998,57.849998,987100
2020-07-14,57.990002,59.770000,57.220001,59.689999,59.689999,1169600
2020-07-15,60.580002,63.860001,60.430000,63.680000,63.680000,1503100
2020-07-16,63.700001,65.120003,62.910000,64.760002,64.760002,1538200
2020-07-17,65.120003,67.610001,64.120003,66.970001,66.970001,2539500
2020-07-20,66.510002,67.820000,65.080002,66.440002,66.440002,1469700
2020-07-21,66.949997,69.260002,66.580002,67.660004,67.660004,2350200
2020-07-22,67.589996,67.970001,67.019997,67.750000,67.750000,1277500
2020-07-23,67.709999,68.739998,67.330002,68.379997,68.379997,985400
2020-07-24,68.010002,68.330002,66.410004,67.029999,67.029999,927000
2020-07-27,66.870003,67.250000,65.650002,67.029999,67.029999,1012000
2020-07-28,66.949997,67.239998,65.800003,65.900002,65.900002,1270900
2020-07-29,66.449997,69.980003,66.379997,68.709999,68.709999,2687000
2020-07-30,67.699997,68.660004,66.580002,68.650002,68.650002,1242500
2020-07-31,68.279999,69.070000,67.629997,68.730003,68.730003,1738100
2020-08-03,68.989998,72.370003,68.660004,70.900002,70.900002,2185200
2020-08-04,68.250000,71.599998,64.910004,69.129997,69.129997,4119300
2020-08-05,69.410004,69.519997,66.120003,67.129997,67.129997,2585300
2020-08-06,67.360001,67.510002,66.110001,66.980003,66.980003,1736600
2020-08-07,66.709999,67.839996,66.610001,67.800003,67.800003,1332900
2020-08-10,68.120003,68.489998,67.449997,67.989998,67.989998,1502200
2020-08-11,68.260002,69.169998,66.750000,67.199997,67.199997,1474800
2020-08-12,67.410004,67.550003,65.699997,66.669998,66.669998,1134300
2020-08-13,66.410004,67.110001,65.769997,66.959999,66.959999,1149600
2020-08-14,66.639999,68.070000,66.080002,67.230003,67.230003,1031700
2020-08-17,67.250000,67.540001,66.510002,66.779999,66.779999,645300
2020-08-18,66.769997,66.970001,66.010002,66.279999,66.279999,610800
2020-08-19,66.209999,66.410004,65.059998,65.139999,65.139999,931600
2020-08-20,65.040001,65.480003,64.540001,65.139999,65.139999,706000
2020-08-21,65.000000,66.239998,64.639999,66.150002,66.150002,3188700
2020-08-24,66.540001,67.080002,65.269997,65.660004,65.660004,1212500
2020-08-25,65.750000,65.839996,65.070000,65.489998,65.489998,733400
2020-08-26,65.519997,65.790001,65.010002,65.669998,65.669998,607200
2020-08-27,65.970001,67.040001,65.570000,66.449997,66.449997,914400
2020-08-28,66.449997,66.860001,65.529999,66.440002,66.440002,569900
2020-08-31,66.620003,66.879997,66.089996,66.440002,66.440002,941600
2020-09-01,66.379997,66.379997,64.540001,65.160004,65.160004,799300
2020-09-02,65.089996,67.129997,64.620003,66.889999,66.889999,748600
2020-09-03,67.080002,67.279999,65.099998,65.980003,65.980003,848900
2020-09-04,66.370003,66.500000,65.290001,65.639999,65.639999,845200
2020-09-08,65.070000,65.360001,63.500000,63.740002,63.740002,1217100
2020-09-09,64.010002,65.120003,63.220001,64.769997,64.769997,1203600
2020-09-10,65.400002,65.809998,63.529999,63.750000,63.750000,987200
2020-09-11,63.869999,64.580002,63.060001,64.370003,64.370003,973100
2020-09-14,64.769997,65.250000,63.349998,63.730000,63.730000,1069400
2020-09-15,63.990002,65.080002,63.639999,63.750000,63.750000,933100
2020-09-16,64.330002,65.690002,63.970001,64.150002,64.150002,1128600
2020-09-17,63.500000,63.500000,62.290001,62.849998,62.849998,1219900
2020-09-18,62.680000,62.970001,60.700001,60.970001,60.970001,1613800
2020-09-21,60.080002,60.310001,58.990002,59.799999,59.799999,1232900
2020-09-22,59.860001,59.939999,58.330002,59.029999,59.029999,1226400
2020-09-23,59.000000,59.299999,56.910000,57.180000,57.180000,950200
2020-09-24,57.250000,58.419998,56.310001,58.279999,58.279999,1140600
2020-09-25,57.599998,58.889999,57.340000,58.790001,58.790001,1194000
2020-09-28,59.840000,60.410000,59.389999,59.650002,59.650002,708500
2020-09-29,59.639999,59.639999,58.410000,58.570000,58.570000,752200
2020-09-30,58.599998,59.549999,58.040001,58.779999,58.779999,1150200
2020-10-01,59.130001,59.669998,57.520000,57.919998,57.919998,817600
2020-10-02,56.970001,58.150002,56.750000,57.970001,57.970001,1245700
2020-10-05,58.669998,60.639999,58.220001,60.509998,60.509998,882000
2020-10-06,60.509998,60.610001,58.560001,58.840000,58.840000,851800
2020-10-07,59.169998,60.230000,58.889999,59.459999,59.459999,1083900
2020-10-08,60.130001,61.320000,59.560001,61.090000,61.090000,782500
2020-10-09,61.630001,61.820000,60.279999,60.459999,60.459999,473300
2020-10-12,60.549999,60.560001,59.720001,59.889999,59.889999,541700
2020-10-13,59.320000,60.099998,59.099998,59.660000,59.660000,616700
2020-10-14,59.610001,61.139999,59.610001,60.869999,60.869999,738100
2020-10-15,60.119999,61.480000,59.849998,61.360001,61.360001,520100
2020-10-16,61.470001,62.740002,61.139999,62.340000,62.340000,772800
2020-10-19,62.299999,63.139999,61.680000,61.869999,61.869999,739800
2020-10-20,62.549999,63.279999,62.099998,62.509998,62.509998,939900
2020-10-21,62.270000,64.480003,62.130001,63.619999,63.619999,928500
2020-10-22,64.250000,66.750000,63.849998,66.629997,66.629997,1324300
2020-10-23,66.849998,68.190002,66.470001,67.790001,67.790001,946200
2020-10-26,67.070000,67.709999,66.139999,66.870003,66.870003,1180600
2020-10-27,67.580002,67.580002,65.580002,65.610001,65.610001,1675200
2020-10-28,65.029999,65.540001,61.970001,61.980000,61.980000,971200
2020-10-29,61.590000,63.799999,60.709999,62.900002,62.900002,1404100
2020-10-30,63.009998,64.730003,62.509998,63.580002,63.580002,1626700
2020-11-02,63.660000,65.779999,60.150002,62.220001,62.220001,2342000
2020-11-03,63.840000,63.840000,60.220001,60.410000,60.410000,1452700
2020-11-04,60.810001,61.549999,59.439999,59.939999,59.939999,1442500
2020-11-05,60.279999,62.290001,60.040001,61.570000,61.570000,1060500
2020-11-06,61.610001,62.220001,61.070000,61.669998,61.669998,1035600
2020-11-09,64.300003,69.889999,64.300003,68.000000,68.000000,2412100
2020-11-10,68.139999,69.000000,66.459999,68.080002,68.080002,1518700
2020-11-11,67.669998,68.349998,62.730000,63.580002,63.580002,1684400
2020-11-12,63.290001,64.550003,62.720001,63.360001,63.360001,685300
2020-11-13,63.950001,66.870003,63.889999,65.650002,65.650002,979800
2020-11-16,67.150002,67.410004,63.290001,64.449997,64.449997,991100
2020-11-17,63.320000,64.870003,62.619999,64.610001,64.610001,731600
2020-11-18,64.370003,65.629997,64.230003,64.239998,64.239998,827200
2020-11-19,63.799999,64.029999,62.740002,63.500000,63.500000,935500
2020-11-20,63.349998,64.349998,63.119999,63.580002,63.580002,665900
2020-11-23,63.740002,64.529999,63.250000,63.709999,63.709999,874900
2020-11-24,64.449997,65.389999,63.720001,64.570000,64.570000,510500
2020-11-25,64.230003,64.660004,63.410000,64.129997,64.129997,568900
2020-11-27,64.540001,64.699997,63.430000,63.680000,63.680000,292200
2020-11-30,63.990002,64.919998,63.110001,64.309998,64.309998,1323900
2020-12-01,65.190002,65.699997,64.500000,64.910004,64.910004,1065500
2020-12-02,65.220001,66.589996,64.940002,66.489998,66.489998,935500
2020-12-03,66.720001,67.070000,65.879997,66.470001,66.470001,974500
2020-12-04,67.070000,68.440002,66.559998,68.419998,68.419998,822700
2020-12-07,68.389999,69.470001,68.160004,68.730003,68.730003,858100
2020-12-08,68.379997,70.570000,68.239998,70.449997,70.449997,899600
2020-12-09,70.800003,71.489998,70.400002,71.150002,71.150002,803400
2020-12-10,70.790001,71.550003,70.440002,71.309998,71.309998,499200
2020-12-11,70.900002,71.449997,69.660004,69.949997,69.949997,862400
2020-12-14,70.809998,71.290001,67.989998,68.070000,68.070000,1092400
2020-12-15,68.470001,69.459999,67.809998,68.940002,68.940002,718700
2020-12-16,69.230003,69.540001,68.730003,69.150002,69.150002,678300
2020-12-17,69.419998,69.629997,68.339996,68.889999,68.889999,920300
2020-12-18,69.339996,69.339996,67.379997,67.779999,67.779999,1962700
2020-12-21,66.730003,66.739998,65.110001,66.459999,66.459999,897500
2020-12-22,66.589996,67.510002,66.010002,66.099998,66.099998,528300
2020-12-23,66.650002,66.949997,66.080002,66.440002,66.440002,518400
2020-12-24,66.309998,66.400002,65.250000,65.830002,65.830002,155900
2020-12-28,66.570000,66.900002,65.639999,66.220001,66.220001,420700
2020-12-29,66.879997,66.989998,65.389999,65.720001,65.720001,336500
2020-12-30,65.690002,66.239998,65.110001,65.839996,65.839996,490100
2020-12-31,65.629997,66.940002,65.430000,66.860001,66.860001,401100
2021-01-04,68.209999,68.599998,66.220001,66.489998,66.489998,903100
2021-01-05,66.080002,68.239998,66.080002,67.779999,67.779999,971300
2021-01-06,68.239998,69.949997,67.769997,69.559998,69.559998,1384600
2021-01-07,69.279999,70.739998,68.940002,70.010002,70.010002,775800
2021-01-08,70.739998,72.269997,70.510002,72.099998,72.099998,967700
2021-01-11,71.809998,72.760002,71.529999,72.379997,72.379997,643100
2021-01-12,72.050003,74.830002,71.910004,73.790001,73.790001,732400
2021-01-13,73.720001,74.889999,73.050003,73.879997,73.879997,619500
2021-01-14,73.699997,74.000000,72.699997,73.029999,73.029999,623300
2021-01-15,72.519997,72.959999,71.019997,71.459999,71.459999,725600
2021-01-19,72.139999,72.139999,69.610001,70.430000,70.430000,605400
2021-01-20,70.410004,70.559998,69.120003,70.180000,70.180000,731900
2021-01-21,70.190002,70.360001,68.169998,68.440002,68.440002,534100
2021-01-22,68.269997,69.410004,68.099998,69.129997,69.129997,584600
2021-01-25,68.629997,69.570000,68.269997,69.309998,69.309998,655300
2021-01-26,69.839996,70.000000,68.800003,69.110001,69.110001,491100
2021-01-27,68.199997,68.980003,67.029999,68.169998,68.169998,1414800
2021-01-28,68.430000,69.190002,67.000000,67.750000,67.750000,576600
2021-01-29,67.410004,67.750000,64.699997,65.849998,65.849998,680100
2021-02-01,66.320000,67.809998,65.519997,67.459999,67.459999,748400
2021-02-02,68.000000,69.239998,67.419998,67.430000,67.430000,719200
2021-02-03,67.120003,68.510002,66.809998,67.790001,67.790001,753200
2021-02-04,67.699997,69.959999,67.610001,69.830002,69.830002,628500
2021-02-05,70.220001,70.510002,69.610001,70.129997,70.129997,586600
2021-02-08,70.449997,71.769997,70.000000,70.779999,70.779999,473500
2021-02-09,71.160004,71.769997,69.959999,70.610001,70.610001,572100
2021-02-10,71.330002,71.589996,70.110001,70.739998,70.739998,959100
2021-02-11,71.089996,71.629997,69.580002,69.620003,69.620003,550400
2021-02-12,70.160004,70.160004,69.290001,69.459999,69.459999,666600
2021-02-16,70.000000,70.690002,69.139999,70.580002,70.580002,1245000
2021-02-17,65.290001,67.430000,63.500000,64.870003,64.870003,3462800
2021-02-18,64.169998,64.910004,63.290001,64.580002,64.580002,2761800
2021-02-19,64.860001,65.779999,63.529999,63.750000,63.750000,1303800
2021-02-22,64.000000,66.389999,63.520000,65.970001,65.970001,2539800
2021-02-23,66.320000,66.559998,64.510002,65.620003,65.620003,1086900
2021-02-24,65.180000,66.660004,64.900002,65.010002,65.010002,1174600
2021-02-25,64.629997,64.629997,61.680000,61.889999,61.889999,2937700
2021-02-26,62.009998,62.919998,61.360001,61.849998,61.849998,2094700
2021-03-01,62.500000,64.980003,62.290001,64.550003,64.550003,1114300
2021-03-02,64.629997,64.860001,62.700001,62.919998,62.919998,1409100
2021-03-03,62.970001,63.279999,61.689999,62.709999,62.709999,868900
2021-03-04,62.439999,63.139999,60.959999,61.500000,61.500000,908100
2021-03-05,62.360001,63.000000,60.700001,62.570000,62.570000,1050600
2021-03-08,63.200001,66.059998,62.630001,64.790001,64.790001,1018800
2021-03-09,64.889999,66.940002,64.760002,65.180000,65.180000,1165200
2021-03-10,65.599998,67.519997,65.459999,65.910004,65.910004,1107300
2021-03-11,65.760002,66.809998,65.550003,65.879997,65.879997,1041100
2021-03-12,65.919998,67.559998,65.919998,67.190002,67.190002,1050600
2021-03-15,66.849998,68.879997,66.370003,68.220001,68.220001,1089000
2021-03-16,68.379997,68.769997,66.559998,67.029999,67.029999,880400
2021-03-17,66.269997,68.199997,66.269997,67.779999,67.779999,989400
2021-03-18,67.830002,69.440002,67.449997,67.690002,67.690002,1419100
2021-03-19,67.580002,67.860001,66.430000,66.809998,66.809998,1524900
2021-03-22,66.690002,66.900002,65.730003,66.300003,66.300003,823900
2021-03-23,66.580002,66.760002,64.980003,65.070000,65.070000,937800
2021-03-24,65.250000,66.760002,65.250000,65.660004,65.660004,1084700
2021-03-25,65.610001,66.940002,65.010002,66.809998,66.809998,817400
2021-03-26,67.959999,67.989998,66.389999,67.980003,67.980003,1935700
2021-03-29,67.800003,70.199997,66.910004,69.739998,69.739998,1550500
2021-03-30,69.160004,69.559998,68.040001,68.970001,68.970001,897500
2021-03-31,68.669998,69.809998,68.089996,69.239998,69.239998,961900
2021-04-01,69.129997,69.400002,67.349998,68.669998,68.669998,972500
2021-04-05,69.430000,69.599998,68.809998,68.980003,68.980003,497300
2021-04-06,68.330002,69.589996,68.230003,69.000000,69.000000,651600
2021-04-07,69.160004,69.160004,68.290001,68.660004,68.660004,880700
2021-04-08,68.519997,69.000000,67.970001,68.669998,68.669998,949700
2021-04-09,69.000000,69.459999,68.769997,69.389999,69.389999,703800
2021-04-12,69.199997,70.349998,69.199997,70.000000,70.000000,723000
2021-04-13,70.000000,70.059998,69.120003,69.599998,69.599998,765300
2021-04-14,69.500000,70.349998,69.139999,70.000000,70.000000,772800
2021-04-15,70.040001,71.019997,69.860001,70.900002,70.900002,640400
2021-04-16,71.260002,71.419998,70.709999,71.169998,71.169998,732400
2021-04-19,71.120003,71.120003,70.010002,70.639999,70.639999,778200
2021-04-20,70.519997,71.000000,70.379997,70.519997,70.519997,681900
2021-04-21,70.860001,72.389999,70.300003,72.300003,72.300003,725000
2021-04-22,72.379997,73.239998,71.910004,72.730003,72.730003,1029700
2021-04-23,72.769997,74.510002,72.389999,74.220001,74.220001,1194100
2021-04-26,74.480003,74.809998,73.260002,73.379997,73.379997,652300
2021-04-27,72.820000,73.669998,71.790001,73.139999,73.139999,721100
2021-04-28,71.839996,73.269997,71.839996,72.720001,72.720001,760400
2021-04-29,73.269997,73.970001,72.790001,73.070000,73.070000,934600
2021-04-30,73.599998,73.860001,72.269997,72.500000,72.500000,1516300
2021-05-03,73.430000,74.480003,73.160004,74.010002,74.010002,2181800
2021-05-04,72.610001,80.089996,72.599998,79.870003,79.870003,2272700
2021-05-05,79.559998,79.900002,77.370003,78.910004,78.910004,1776200
2021-05-06,78.269997,79.980003,78.019997,79.919998,79.919998,1214200
2021-05-07,82.709999,82.709999,80.580002,80.610001,80.610001,1037000
2021-05-10,80.529999,83.449997,80.250000,82.970001,82.970001,1044400
2021-05-11,81.739998,83.099998,79.989998,80.389999,80.389999,1043200
2021-05-12,80.059998,80.790001,78.519997,78.629997,78.629997,782200
2021-05-13,78.400002,80.370003,78.290001,80.080002,80.080002,704200
2021-05-14,80.730003,81.190002,79.910004,80.660004,80.660004,698200
2021-05-17,80.639999,81.010002,79.949997,80.500000,80.500000,518400
2021-05-18,79.989998,80.400002,79.019997,79.349998,79.349998,810800
2021-05-19,79.169998,79.260002,78.230003,78.760002,78.760002,814300
2021-05-20,78.540001,79.690002,78.059998,79.410004,79.410004,1000800
2021-05-21,79.160004,80.489998,78.169998,78.309998,78.309998,1083500
2021-05-24,78.449997,78.449997,77.320000,77.589996,77.589996,762700
2021-05-25,77.410004,77.739998,76.169998,76.260002,76.260002,785200
2021-05-26,76.320000,77.120003,75.970001,76.849998,76.849998,1218500
2021-05-27,77.029999,77.070000,76.110001,76.389999,76.389999,1935000
2021-05-28,77.059998,77.400002,75.959999,76.040001,76.040001,930700
2021-06-01,75.809998,76.459999,75.279999,76.070000,76.070000,1006400
2021-06-02,76.199997,76.589996,75.330002,75.419998,75.419998,642800
2021-06-03,75.070000,78.120003,74.849998,77.959999,77.959999,995500
2021-06-04,77.730003,78.330002,77.339996,77.900002,77.900002,924100
2021-06-07,78.239998,78.570000,77.260002,77.300003,77.300003,647400
2021-06-08,77.169998,77.889999,76.580002,77.699997,77.699997,483700
2021-06-09,77.809998,78.160004,77.209999,77.599998,77.599998,437000
2021-06-10,78.559998,78.900002,77.919998,78.580002,78.580002,517600
2021-06-11,78.709999,78.989998,78.510002,78.900002,78.900002,441900
2021-06-14,78.739998,78.949997,77.059998,77.430000,77.430000,567300
2021-06-15,77.599998,78.570000,77.199997,78.400002,78.400002,496800
2021-06-16,78.150002,78.209999,76.989998,77.419998,77.419998,685500
2021-06-17,77.809998,78.070000,75.470001,76.690002,76.690002,1082000
2021-06-18,76.260002,76.410004,74.769997,75.019997,75.019997,1500800
2021-06-21,75.419998,76.660004,75.349998,76.389999,76.389999,570400
2021-06-22,76.459999,76.620003,75.839996,76.419998,76.419998,503600
2021-06-23,75.629997,75.699997,74.290001,74.470001,74.470001,1581300
2021-06-24,74.800003,75.300003,74.260002,75.139999,75.139999,1008400
2021-06-25,75.199997,75.680000,74.889999,75.010002,75.010002,1608200
2021-06-28,74.980003,75.059998,73.739998,74.330002,74.330002,522000
2021-06-29,74.720001,74.959999,73.919998,74.000000,74.000000,576100
2021-06-30,74.220001,74.389999,73.839996,74.190002,74.190002,588900
2021-07-01,74.620003,75.980003,74.379997,75.510002,75.510002,976500
2021-07-02,75.400002,76.160004,74.949997,75.970001,75.970001,730000
2021-07-06,75.680000,76.230003,74.379997,76.040001,76.040001,1134600
2021-07-07,75.959999,77.000000,75.589996,76.669998,76.669998,729800
2021-07-08,76.400002,76.400002,75.070000,75.779999,75.779999,685600
2021-07-09,76.260002,77.029999,76.239998,76.809998,76.809998,584700
2021-07-12,76.540001,77.129997,76.070000,77.019997,77.019997,434600
2021-07-13,76.860001,77.089996,76.199997,76.389999,76.389999,848700
2021-07-14,76.300003,77.169998,76.059998,76.779999,76.779999,552600
2021-07-15,76.199997,77.000000,75.260002,75.339996,75.339996,1056500
2021-07-16,75.330002,75.760002,75.029999,75.120003,75.120003,569600
2021-07-19,74.529999,74.599998,73.089996,73.800003,73.800003,800100
2021-07-20,74.230003,76.110001,74.230003,75.769997,75.769997,1448800
2021-07-21,76.349998,77.779999,76.349998,77.139999,77.139999,780800
2021-07-22,76.910004,77.010002,75.919998,76.440002,76.440002,512000
2021-07-23,76.820000,77.570000,76.599998,77.360001,77.360001,363300
2021-07-26,77.250000,77.970001,76.879997,77.370003,77.370003,457700
2021-07-27,77.070000,78.830002,77.019997,78.669998,78.669998,656900
2021-07-28,78.480003,79.639999,78.239998,79.440002,79.440002,799400
2021-07-29,79.779999,80.320000,79.440002,80.220001,80.220001,435700
2021-07-30,80.169998,80.620003,79.860001,80.150002,80.150002,631900
2021-08-02,80.639999,81.580002,79.949997,81.230003,81.230003,1077500
2021-08-03,79.900002,81.489998,77.610001,80.370003,80.370003,2012600
2021-08-04,80.279999,80.500000,77.099998,77.300003,77.300003,1160200
2021-08-05,77.610001,77.849998,75.650002,76.730003,76.730003,1038500
2021-08-06,76.900002,77.680000,76.059998,77.029999,77.029999,519500
2021-08-09,76.260002,76.989998,75.949997,76.209999,76.209999,768700
2021-08-10,76.190002,76.190002,75.300003,75.529999,75.529999,1141700
2021-08-11,76.029999,76.510002,75.550003,75.900002,75.900002,738800
2021-08-12,75.900002,76.230003,75.269997,75.599998,75.599998,699500
2021-08-13,75.599998,75.779999,74.690002,75.680000,75.680000,425500
2021-08-16,75.730003,76.940002,75.449997,76.720001,76.720001,512100
2021-08-17,76.559998,77.470001,76.000000,77.459999,77.459999,519400
2021-08-18,77.410004,77.489998,75.709999,75.779999,75.779999,403295